{"type": "LOOKING_AWAY", "details": {"reason": "Eyes not visible"}, "timestamp": "2026-01-10 01:55:56"}
{"type": "LOOKING_AWAY", "details": {"reason": "Eyes not visible"}, "timestamp": "2026-01-10 01:56:13"}
{"type": "LOOKING_AWAY", "details": {"reason": "Eyes not visible"}, "timestamp": "2026-01-10 01:56:36"}
{"type": "LOOKING_AWAY", "details": {"reason": "Eyes not visible"}, "timestamp": "2026-01-10 01:56:47"}
{"type": "LOOKING_AWAY", "details": {"reason": "Eyes not visible"}, "timestamp": "2026-01-10 01:57:03"}
{"type": "LOOKING_AWAY", "details": {"reason": "Eyes not visible"}, "timestamp": "2026-01-10 01:57:16"}
{"type": "FACE_NOT_VISIBLE", "details": {"reason": "User left the camera view"}, "timestamp": "2026-01-10 02:00:09"}
{"type": "FACE_NOT_VISIBLE", "details": {"reason": "User left the camera view"}, "timestamp": "2026-01-10 02:00:09"}
{"type": "FACE_NOT_VISIBLE", "details": {"reason": "User left the camera view"}, "timestamp": "2026-01-10 02:00:09"}
{"type": "FACE_NOT_VISIBLE", "details": {"reason": "User left the camera view"}, "timestamp": "2026-01-10 02:00:09"}
{"type": "FACE_NOT_VISIBLE", "details": {"reason": "User left the camera view"}, "timestamp": "2026-01-10 02:00:09"}
{"type": "FACE_NOT_VISIBLE", "details": {"reason": "User left the camera view"}, "timestamp": "2026-01-10 02:00:09"}
{"type": "FACE_NOT_VISIBLE", "details": {"reason": "User left the camera view"}, "timestamp": "2026-01-10 02:00:09"}
{"type": "FACE_NOT_VISIBLE", "details": {"reason": "User left the camera view"}, "timestamp": "2026-01-10 02:00:13"}
{"type": "FACE_NOT_VISIBLE", "details": {"reason": "User left the camera view"}, "timestamp": "2026-01-10 02:00:13"}
{"type": "FACE_NOT_VISIBLE", "details": {"reason": "User left the camera view"}, "timestamp": "2026-01-10 02:00:13"}
{"type": "FACE_NOT_VISIBLE", "details": {"reason": "User left the camera view"}, "timestamp": "2026-01-10 02:00:13"}
{"type": "FACE_NOT_VISIBLE", "details": {"reason": "User left the camera view"}, "timestamp": "2026-01-10 02:00:13"}
{"type": "FACE_NOT_VISIBLE", "details": {"reason": "User left the camera view"}, "timestamp": "2026-01-10 02:00:13"}
{"type": "FACE_NOT_VISIBLE", "details": {"reason": "User left the camera view"}, "timestamp": "2026-01-10 02:00:13"}
{"type": "FACE_NOT_VISIBLE", "details": {"reason": "User left the camera view"}, "timestamp": "2026-01-10 02:00:13"}
{"type": "LOOKING_AWAY", "details": {"reason": "Eyes not visible"}, "timestamp": "2026-01-10 02:08:25"}
{"type": "FACE_NOT_VISIBLE", "details": {"reason": "User left the camera view"}, "timestamp": "2026-01-10 02:08:34"}
{"type": "FACE_NOT_VISIBLE", "details": {"reason": "User left the camera view"}, "timestamp": "2026-01-10 02:08:34"}
{"type": "FACE_NOT_VISIBLE", "details": {"reason": "User left the camera view"}, "timestamp": "2026-01-10 02:08:34"}
{"type": "FACE_NOT_VISIBLE", "details": {"reason": "User left the camera view"}, "timestamp": "2026-01-10 02:08:34"}
{"type": "FACE_NOT_VISIBLE", "details": {"reason": "User left the camera view"}, "timestamp": "2026-01-10 02:08:34"}
{"type": "FACE_NOT_VISIBLE", "details": {"reason": "User left the camera view"}, "timestamp": "2026-01-10 02:08:34"}
{"type": "FACE_NOT_VISIBLE", "details": {"reason": "User left the camera view"}, "timestamp": "2026-01-10 02:08:40"}
{"type": "FACE_NOT_VISIBLE", "details": {"reason": "User left the camera view"}, "timestamp": "2026-01-10 02:08:40"}
{"type": "FACE_NOT_VISIBLE", "details": {"reason": "User left the camera view"}, "timestamp": "2026-01-10 02:08:40"}
{"type": "FACE_NOT_VISIBLE", "details": {"reason": "User left the camera view"}, "timestamp": "2026-01-10 02:08:40"}
{"type": "FACE_NOT_VISIBLE", "details": {"reason": "User left the camera view"}, "timestamp": "2026-01-10 02:08:40"}
{"type": "FACE_NOT_VISIBLE", "details": {"reason": "User left the camera view"}, "timestamp": "2026-01-10 02:08:40"}
{"type": "FACE_NOT_VISIBLE", "details": {"reason": "User left the camera view"}, "timestamp": "2026-01-10 02:08:40"}
{"type": "FACE_NOT_VISIBLE", "details": {"reason": "User left the camera view"}, "timestamp": "2026-01-10 02:08:40"}
{"type": "FACE_NOT_VISIBLE", "details": {"reason": "User left the camera view"}, "timestamp": "2026-01-10 02:08:40"}
{"type": "FACE_NOT_VISIBLE", "details": {"reason": "User left the camera view"}, "timestamp": "2026-01-10 02:08:40"}
{"type": "FACE_NOT_VISIBLE", "details": {"reason": "User left the camera view"}, "timestamp": "2026-01-10 02:08:40"}
{"type": "FACE_NOT_VISIBLE", "details": {"reason": "User left the camera view"}, "timestamp": "2026-01-10 02:08:40"}
{"type": "FACE_NOT_VISIBLE", "details": {"reason": "User left the camera view"}, "timestamp": "2026-01-10 02:08:40"}
{"type": "FACE_NOT_VISIBLE", "details": {"reason": "User left the camera view"}, "timestamp": "2026-01-10 02:08:40"}
{"type": "FACE_NOT_VISIBLE", "details": {"reason": "User left the camera view"}, "timestamp": "2026-01-10 02:08:43"}
{"type": "FACE_NOT_VISIBLE", "details": {"reason": "User left the camera view"}, "timestamp": "2026-01-10 02:08:43"}
{"type": "FACE_NOT_VISIBLE", "details": {"reason": "User left the camera view"}, "timestamp": "2026-01-10 02:08:43"}
{"type": "FACE_NOT_VISIBLE", "details": {"reason": "User left the camera view"}, "timestamp": "2026-01-10 02:08:44"}
{"type": "FACE_NOT_VISIBLE", "details": {"reason": "User left the camera view"}, "timestamp": "2026-01-10 02:08:44"}
{"type": "FACE_NOT_VISIBLE", "details": {"reason": "User left the camera view"}, "timestamp": "2026-01-10 02:08:44"}
{"type": "FACE_NOT_VISIBLE", "details": {"reason": "User left the camera view"}, "timestamp": "2026-01-10 02:08:44"}
{"type": "FACE_NOT_VISIBLE", "details": {"reason": "User left the camera view"}, "timestamp": "2026-01-10 02:08:44"}
{"type": "LOOKING_AWAY", "details": {"reason": "Eyes not visible"}, "timestamp": "2026-01-10 02:08:46"}
{"type": "LOOKING_AWAY", "details": {"reason": "Eyes not visible"}, "timestamp": "2026-01-10 02:09:04"}
{"type": "FACE_NOT_VISIBLE", "details": {"reason": "User left the camera view"}, "timestamp": "2026-01-10 02:09:11"}
{"type": "FACE_NOT_VISIBLE", "details": {"reason": "User left the camera view"}, "timestamp": "2026-01-10 02:09:11"}
{"type": "FACE_NOT_VISIBLE", "details": {"reason": "User left the camera view"}, "timestamp": "2026-01-10 02:09:11"}
{"type": "FACE_NOT_VISIBLE", "details": {"reason": "User left the camera view"}, "timestamp": "2026-01-10 02:09:11"}
{"type": "FACE_NOT_VISIBLE", "details": {"reason": "User left the camera view"}, "timestamp": "2026-01-10 02:09:11"}
{"type": "LOOKING_AWAY", "details": {"reason": "Face off-center"}, "timestamp": "2026-01-10 02:09:22"}
{"type": "FACE_NOT_VISIBLE", "details": {"reason": "User left the camera view"}, "timestamp": "2026-01-10 02:09:23"}
{"type": "FACE_NOT_VISIBLE", "details": {"reason": "User left the camera view"}, "timestamp": "2026-01-10 02:09:23"}
{"type": "FACE_NOT_VISIBLE", "details": {"reason": "User left the camera view"}, "timestamp": "2026-01-10 02:09:23"}
{"type": "FACE_NOT_VISIBLE", "details": {"reason": "User left the camera view"}, "timestamp": "2026-01-10 02:09:23"}
{"type": "LOOKING_AWAY", "details": {"reason": "Eyes not visible"}, "timestamp": "2026-01-10 02:09:34"}
{"type": "LOOKING_AWAY", "details": {"reason": "Eyes not visible"}, "timestamp": "2026-01-10 02:10:37"}
{"type": "LOOKING_AWAY", "details": {"reason": "Eyes not visible"}, "timestamp": "2026-01-10 02:10:41"}
{"type": "FACE_NOT_VISIBLE", "details": {"reason": "User left the camera view"}, "timestamp": "2026-01-10 02:10:43"}
{"type": "FACE_NOT_VISIBLE", "details": {"reason": "User left the camera view"}, "timestamp": "2026-01-10 02:10:43"}
{"type": "FACE_NOT_VISIBLE", "details": {"reason": "User left the camera view"}, "timestamp": "2026-01-10 02:10:43"}
{"type": "FACE_NOT_VISIBLE", "details": {"reason": "User left the camera view"}, "timestamp": "2026-01-10 02:10:44"}
{"type": "FACE_NOT_VISIBLE", "details": {"reason": "User left the camera view"}, "timestamp": "2026-01-10 02:10:44"}
{"type": "FACE_NOT_VISIBLE", "details": {"reason": "User left the camera view"}, "timestamp": "2026-01-10 02:10:44"}
{"type": "FACE_NOT_VISIBLE", "details": {"reason": "User left the camera view"}, "timestamp": "2026-01-10 02:10:44"}
{"type": "FACE_NOT_VISIBLE", "details": {"reason": "User left the camera view"}, "timestamp": "2026-01-10 02:10:44"}
{"type": "FACE_NOT_VISIBLE", "details": {"reason": "User left the camera view"}, "timestamp": "2026-01-10 02:10:44"}
{"type": "FACE_NOT_VISIBLE", "details": {"reason": "User left the camera view"}, "timestamp": "2026-01-10 02:10:44"}
{"type": "FACE_NOT_VISIBLE", "details": {"reason": "User left the camera view"}, "timestamp": "2026-01-10 02:11:16"}
{"type": "FACE_NOT_VISIBLE", "details": {"reason": "User left the camera view"}, "timestamp": "2026-01-10 02:11:16"}
{"type": "FACE_NOT_VISIBLE", "details": {"reason": "User left the camera view"}, "timestamp": "2026-01-10 02:11:16"}
{"type": "FACE_NOT_VISIBLE", "details": {"reason": "User left the camera view"}, "timestamp": "2026-01-10 02:11:16"}
{"type": "FACE_NOT_VISIBLE", "details": {"reason": "User left the camera view"}, "timestamp": "2026-01-10 02:11:17"}
{"type": "FACE_NOT_VISIBLE", "details": {"reason": "User left the camera view"}, "timestamp": "2026-01-10 02:11:17"}
{"type": "FACE_NOT_VISIBLE", "details": {"reason": "User left the camera view"}, "timestamp": "2026-01-10 02:11:17"}
{"type": "FACE_NOT_VISIBLE", "details": {"reason": "User left the camera view"}, "timestamp": "2026-01-10 02:11:17"}
{"type": "FACE_NOT_VISIBLE", "details": {"reason": "User left the camera view"}, "timestamp": "2026-01-10 02:11:17"}
{"type": "FACE_NOT_VISIBLE", "details": {"reason": "User left the camera view"}, "timestamp": "2026-01-10 02:11:17"}
{"type": "FACE_NOT_VISIBLE", "details": {"reason": "User left the camera view"}, "timestamp": "2026-01-10 02:11:17"}
{"type": "FACE_NOT_VISIBLE", "details": {"reason": "User left the camera view"}, "timestamp": "2026-01-10 02:11:17"}
{"type": "FACE_NOT_VISIBLE", "details": {"reason": "User left the camera view"}, "timestamp": "2026-01-10 02:11:19"}
{"type": "FACE_NOT_VISIBLE", "details": {"reason": "User left the camera view"}, "timestamp": "2026-01-10 02:11:18"}
{"type": "FACE_NOT_VISIBLE", "details": {"reason": "User left the camera view"}, "timestamp": "2026-01-10 02:11:18"}
{"type": "FACE_NOT_VISIBLE", "details": {"reason": "User left the camera view"}, "timestamp": "2026-01-10 02:11:19"}
{"type": "FACE_NOT_VISIBLE", "details": {"reason": "User left the camera view"}, "timestamp": "2026-01-10 02:11:18"}
{"type": "FACE_NOT_VISIBLE", "details": {"reason": "User left the camera view"}, "timestamp": "2026-01-10 02:11:18"}
{"type": "FACE_NOT_VISIBLE", "details": {"reason": "User left the camera view"}, "timestamp": "2026-01-10 02:11:19"}
{"type": "FACE_NOT_VISIBLE", "details": {"reason": "User left the camera view"}, "timestamp": "2026-01-10 02:11:18"}
{"type": "FACE_NOT_VISIBLE", "details": {"reason": "User left the camera view"}, "timestamp": "2026-01-10 02:11:18"}
{"type": "FACE_NOT_VISIBLE", "details": {"reason": "User left the camera view"}, "timestamp": "2026-01-10 02:11:18"}
{"type": "FACE_NOT_VISIBLE", "details": {"reason": "User left the camera view"}, "timestamp": "2026-01-10 02:11:19"}
{"type": "FACE_NOT_VISIBLE", "details": {"reason": "User left the camera view"}, "timestamp": "2026-01-10 02:11:18"}
{"type": "FACE_NOT_VISIBLE", "details": {"reason": "User left the camera view"}, "timestamp": "2026-01-10 02:11:20"}
{"type": "FACE_NOT_VISIBLE", "details": {"reason": "User left the camera view"}, "timestamp": "2026-01-10 02:11:19"}
{"type": "FACE_NOT_VISIBLE", "details": {"reason": "User left the camera view"}, "timestamp": "2026-01-10 02:11:20"}
{"type": "FACE_NOT_VISIBLE", "details": {"reason": "User left the camera view"}, "timestamp": "2026-01-10 02:11:20"}
{"type": "FACE_NOT_VISIBLE", "details": {"reason": "User left the camera view"}, "timestamp": "2026-01-10 02:11:20"}
{"type": "FACE_NOT_VISIBLE", "details": {"reason": "User left the camera view"}, "timestamp": "2026-01-10 02:11:20"}
{"type": "FACE_NOT_VISIBLE", "details": {"reason": "User left the camera view"}, "timestamp": "2026-01-10 02:11:20"}
{"type": "FACE_NOT_VISIBLE", "details": {"reason": "User left the camera view"}, "timestamp": "2026-01-10 02:11:20"}
{"type": "FACE_NOT_VISIBLE", "details": {"reason": "User left the camera view"}, "timestamp": "2026-01-10 02:11:20"}
{"type": "LOOKING_AWAY", "details": {"reason": "Eyes not visible"}, "timestamp": "2026-01-10 02:11:51"}
{"type": "LOOKING_AWAY", "details": {"reason": "Eyes not visible"}, "timestamp": "2026-01-10 02:11:54"}
{"type": "LOOKING_AWAY", "details": {"reason": "Eyes not visible"}, "timestamp": "2026-01-10 02:11:57"}
{"type": "FACE_NOT_VISIBLE", "details": {"reason": "User left the camera view"}, "timestamp": "2026-01-10 02:11:59"}
{"type": "FACE_NOT_VISIBLE", "details": {"reason": "User left the camera view"}, "timestamp": "2026-01-10 02:12:00"}
{"type": "FACE_NOT_VISIBLE", "details": {"reason": "User left the camera view"}, "timestamp": "2026-01-10 02:12:00"}
{"type": "FACE_NOT_VISIBLE", "details": {"reason": "User left the camera view"}, "timestamp": "2026-01-10 02:12:00"}
{"type": "FACE_NOT_VISIBLE", "details": {"reason": "User left the camera view"}, "timestamp": "2026-01-10 02:12:00"}
{"type": "FACE_NOT_VISIBLE", "details": {"reason": "User left the camera view"}, "timestamp": "2026-01-10 02:12:01"}
{"type": "FACE_NOT_VISIBLE", "details": {"reason": "User left the camera view"}, "timestamp": "2026-01-10 02:12:01"}
{"type": "FACE_NOT_VISIBLE", "details": {"reason": "User left the camera view"}, "timestamp": "2026-01-10 02:12:01"}
{"type": "FACE_NOT_VISIBLE", "details": {"reason": "User left the camera view"}, "timestamp": "2026-01-10 02:12:01"}
{"type": "FACE_NOT_VISIBLE", "details": {"reason": "User left the camera view"}, "timestamp": "2026-01-10 02:12:01"}
{"type": "FACE_NOT_VISIBLE", "details": {"reason": "User left the camera view"}, "timestamp": "2026-01-10 02:12:02"}
{"type": "FACE_NOT_VISIBLE", "details": {"reason": "User left the camera view"}, "timestamp": "2026-01-10 02:12:01"}
{"type": "FACE_NOT_VISIBLE", "details": {"reason": "User left the camera view"}, "timestamp": "2026-01-10 02:12:02"}
{"type": "FACE_NOT_VISIBLE", "details": {"reason": "User left the camera view"}, "timestamp": "2026-01-10 02:12:01"}
{"type": "FACE_NOT_VISIBLE", "details": {"reason": "User left the camera view"}, "timestamp": "2026-01-10 02:12:02"}
{"type": "FACE_NOT_VISIBLE", "details": {"reason": "User left the camera view"}, "timestamp": "2026-01-10 02:12:02"}
{"type": "FACE_NOT_VISIBLE", "details": {"reason": "User left the camera view"}, "timestamp": "2026-01-10 02:12:02"}
{"type": "FACE_NOT_VISIBLE", "details": {"reason": "User left the camera view"}, "timestamp": "2026-01-10 02:12:02"}
{"type": "FACE_NOT_VISIBLE", "details": {"reason": "User left the camera view"}, "timestamp": "2026-01-10 02:12:04"}
{"type": "FACE_NOT_VISIBLE", "details": {"reason": "User left the camera view"}, "timestamp": "2026-01-10 02:12:04"}
{"type": "FACE_NOT_VISIBLE", "details": {"reason": "User left the camera view"}, "timestamp": "2026-01-10 02:12:04"}
{"type": "FACE_NOT_VISIBLE", "details": {"reason": "User left the camera view"}, "timestamp": "2026-01-10 02:12:04"}
{"type": "FACE_NOT_VISIBLE", "details": {"reason": "User left the camera view"}, "timestamp": "2026-01-10 02:12:04"}
{"type": "TEST", "details": {}, "timestamp": "2025-01-01"}
{"type": "LOOKING_AWAY", "details": {"reason": "Eyes not visible"}, "timestamp": "2026-01-10 02:14:53"}
{"type": "FACE_NOT_VISIBLE", "details": {"reason": "User left the camera view"}, "timestamp": "2026-01-10 02:15:03"}
{"type": "FACE_NOT_VISIBLE", "details": {"reason": "User left the camera view"}, "timestamp": "2026-01-10 02:15:03"}
{"type": "FACE_NOT_VISIBLE", "details": {"reason": "User left the camera view"}, "timestamp": "2026-01-10 02:15:03"}
{"type": "FACE_NOT_VISIBLE", "details": {"reason": "User left the camera view"}, "timestamp": "2026-01-10 02:15:03"}
{"type": "FACE_NOT_VISIBLE", "details": {"reason": "User left the camera view"}, "timestamp": "2026-01-10 02:15:03"}
{"type": "FACE_NOT_VISIBLE", "details": {"reason": "User left the camera view"}, "timestamp": "2026-01-10 02:15:03"}
{"type": "FACE_NOT_VISIBLE", "details": {"reason": "User left the camera view"}, "timestamp": "2026-01-10 02:15:03"}
{"type": "LOOKING_AWAY", "details": {"reason": "Eyes not visible"}, "timestamp": "2026-01-10 02:15:11"}
{"type": "FACE_NOT_VISIBLE", "details": {"reason": "User left the camera view"}, "timestamp": "2026-01-10 02:16:24"}
{"type": "FACE_NOT_VISIBLE", "details": {"reason": "User left the camera view"}, "timestamp": "2026-01-10 02:16:24"}
{"type": "FACE_NOT_VISIBLE", "details": {"reason": "User left the camera view"}, "timestamp": "2026-01-10 02:16:24"}
{"type": "FACE_NOT_VISIBLE", "details": {"reason": "User left the camera view"}, "timestamp": "2026-01-10 02:16:24"}
{"type": "FACE_NOT_VISIBLE", "details": {"reason": "User left the camera view"}, "timestamp": "2026-01-10 02:16:28"}
{"type": "FACE_NOT_VISIBLE", "details": {"reason": "User left the camera view"}, "timestamp": "2026-01-10 02:16:28"}
{"type": "FACE_NOT_VISIBLE", "details": {"reason": "User left the camera view"}, "timestamp": "2026-01-10 02:16:28"}
{"type": "FACE_NOT_VISIBLE", "details": {"reason": "User left the camera view"}, "timestamp": "2026-01-10 02:16:28"}
{"type": "FACE_NOT_VISIBLE", "details": {"reason": "User left the camera view"}, "timestamp": "2026-01-10 02:16:28"}
{"type": "FACE_NOT_VISIBLE", "details": {"reason": "User left the camera view"}, "timestamp": "2026-01-10 02:16:28"}
{"type": "FACE_NOT_VISIBLE", "details": {"reason": "User left the camera view"}, "timestamp": "2026-01-10 02:16:28"}
{"type": "FACE_NOT_VISIBLE", "details": {"reason": "User left the camera view"}, "timestamp": "2026-01-10 02:16:29"}
{"type": "FACE_NOT_VISIBLE", "details": {"reason": "User left the camera view"}, "timestamp": "2026-01-10 02:16:29"}
{"type": "FACE_NOT_VISIBLE", "details": {"reason": "User left the camera view"}, "timestamp": "2026-01-10 02:16:29"}
{"type": "FACE_NOT_VISIBLE", "details": {"reason": "User left the camera view"}, "timestamp": "2026-01-10 02:16:29"}
{"type": "FACE_NOT_VISIBLE", "details": {"reason": "User left the camera view"}, "timestamp": "2026-01-10 02:16:34"}
{"type": "FACE_NOT_VISIBLE", "details": {"reason": "User left the camera view"}, "timestamp": "2026-01-10 02:16:34"}
{"type": "FACE_NOT_VISIBLE", "details": {"reason": "User left the camera view"}, "timestamp": "2026-01-10 02:16:34"}
{"type": "FACE_NOT_VISIBLE", "details": {"reason": "User left the camera view"}, "timestamp": "2026-01-10 02:16:34"}
{"type": "FACE_NOT_VISIBLE", "details": {"reason": "User left the camera view"}, "timestamp": "2026-01-10 02:16:34"}
{"type": "FACE_NOT_VISIBLE", "details": {"reason": "User left the camera view"}, "timestamp": "2026-01-10 02:16:34"}
{"type": "FACE_NOT_VISIBLE", "details": {"reason": "User left the camera view"}, "timestamp": "2026-01-10 02:16:36"}
{"type": "FACE_NOT_VISIBLE", "details": {"reason": "User left the camera view"}, "timestamp": "2026-01-10 02:16:36"}
{"type": "FACE_NOT_VISIBLE", "details": {"reason": "User left the camera view"}, "timestamp": "2026-01-10 02:16:36"}
{"type": "FACE_NOT_VISIBLE", "details": {"reason": "User left the camera view"}, "timestamp": "2026-01-10 02:16:39"}
{"type": "FACE_NOT_VISIBLE", "details": {"reason": "User left the camera view"}, "timestamp": "2026-01-10 02:16:39"}
{"type": "FACE_NOT_VISIBLE", "details": {"reason": "User left the camera view"}, "timestamp": "2026-01-10 02:16:39"}
{"type": "FACE_NOT_VISIBLE", "details": {"reason": "User left the camera view"}, "timestamp": "2026-01-10 02:16:39"}
{"type": "LOOKING_AWAY", "details": {"reason": "Eyes not visible"}, "timestamp": "2026-01-10 02:18:58"}
{"type": "LOOKING_AWAY", "details": {"reason": "Eyes not visible"}, "timestamp": "2026-01-10 02:19:17"}
{"type": "FACE_NOT_VISIBLE", "details": {"reason": "User left the camera view"}, "timestamp": "2026-01-10 02:19:17"}
{"type": "FACE_NOT_VISIBLE", "details": {"reason": "User left the camera view"}, "timestamp": "2026-01-10 02:19:17"}
{"type": "FACE_NOT_VISIBLE", "details": {"reason": "User left the camera view"}, "timestamp": "2026-01-10 02:19:17"}
{"type": "FACE_NOT_VISIBLE", "details": {"reason": "User left the camera view"}, "timestamp": "2026-01-10 02:19:17"}
{"type": "LOOKING_AWAY", "details": {"reason": "Eyes not visible"}, "timestamp": "2026-01-10 02:19:25"}
{"type": "LOOKING_AWAY", "details": {"reason": "Eyes not visible"}, "timestamp": "2026-01-10 02:19:36"}
{"type": "LOOKING_AWAY", "details": {"reason": "Eyes not visible"}, "timestamp": "2026-01-10 02:21:25"}
{"type": "LIP_MOVEMENT", "details": {"reason": "Lip movement detected"}, "timestamp": "2026-01-10 02:21:31"}
{"type": "LOOKING_AWAY", "details": {"reason": "Eyes not visible"}, "timestamp": "2026-01-10 02:21:35"}
{"type": "LIP_MOVEMENT", "details": {"reason": "Lip movement detected"}, "timestamp": "2026-01-10 02:21:37"}
{"type": "LOOKING_AWAY", "details": {"reason": "Eyes not visible"}, "timestamp": "2026-01-10 02:21:40"}
{"type": "FACE_NOT_VISIBLE", "details": {"reason": "User left the camera view"}, "timestamp": "2026-01-10 02:21:43"}
{"type": "FACE_NOT_VISIBLE", "details": {"reason": "User left the camera view"}, "timestamp": "2026-01-10 02:21:43"}
{"type": "FACE_NOT_VISIBLE", "details": {"reason": "User left the camera view"}, "timestamp": "2026-01-10 02:21:43"}
{"type": "FACE_NOT_VISIBLE", "details": {"reason": "User left the camera view"}, "timestamp": "2026-01-10 02:21:47"}
{"type": "FACE_NOT_VISIBLE", "details": {"reason": "User left the camera view"}, "timestamp": "2026-01-10 02:21:47"}
{"type": "FACE_NOT_VISIBLE", "details": {"reason": "User left the camera view"}, "timestamp": "2026-01-10 02:21:47"}
{"type": "FACE_NOT_VISIBLE", "details": {"reason": "User left the camera view"}, "timestamp": "2026-01-10 02:21:47"}
{"type": "FACE_NOT_VISIBLE", "details": {"reason": "User left the camera view"}, "timestamp": "2026-01-10 02:21:47"}
{"type": "FACE_NOT_VISIBLE", "details": {"reason": "User left the camera view"}, "timestamp": "2026-01-10 02:21:47"}
{"type": "FACE_NOT_VISIBLE", "details": {"reason": "User left the camera view"}, "timestamp": "2026-01-10 02:21:48"}
{"type": "FACE_NOT_VISIBLE", "details": {"reason": "User left the camera view"}, "timestamp": "2026-01-10 02:21:48"}
{"type": "FACE_NOT_VISIBLE", "details": {"reason": "User left the camera view"}, "timestamp": "2026-01-10 02:21:48"}
{"type": "FACE_NOT_VISIBLE", "details": {"reason": "User left the camera view"}, "timestamp": "2026-01-10 02:21:48"}
{"type": "FACE_NOT_VISIBLE", "details": {"reason": "User left the camera view"}, "timestamp": "2026-01-10 02:21:48"}
{"type": "FACE_NOT_VISIBLE", "details": {"reason": "User left the camera view"}, "timestamp": "2026-01-10 02:21:48"}
{"type": "LIP_MOVEMENT", "details": {"reason": "Lip movement detected"}, "timestamp": "2026-01-10 02:21:54"}
{"type": "LOOKING_AWAY", "details": {"reason": "Eyes not visible"}, "timestamp": "2026-01-10 02:22:14"}
{"type": "LIP_MOVEMENT", "details": {"reason": "Lip movement detected"}, "timestamp": "2026-01-10 02:22:19"}
{"type": "FACE_NOT_VISIBLE", "details": {"reason": "No face detected"}, "timestamp": "2026-01-10 02:41:16"}
{"type": "FACE_NOT_VISIBLE", "details": {"reason": "No face detected"}, "timestamp": "2026-01-10 02:41:16"}
{"type": "FACE_NOT_VISIBLE", "details": {"reason": "No face detected"}, "timestamp": "2026-01-10 02:41:16"}
{"type": "FACE_NOT_VISIBLE", "details": {"reason": "No face detected"}, "timestamp": "2026-01-10 02:41:16"}
{"type": "FACE_NOT_VISIBLE", "details": {"reason": "No face detected"}, "timestamp": "2026-01-10 02:41:16"}
{"type": "FACE_NOT_VISIBLE", "details": {"reason": "No face detected"}, "timestamp": "2026-01-10 02:41:16"}
{"type": "FACE_NOT_VISIBLE", "details": {"reason": "No face detected"}, "timestamp": "2026-01-10 02:41:16"}
{"type": "FACE_NOT_VISIBLE", "details": {"reason": "No face detected"}, "timestamp": "2026-01-10 02:41:21"}
{"type": "FACE_NOT_VISIBLE", "details": {"reason": "No face detected"}, "timestamp": "2026-01-10 02:41:21"}
{"type": "FACE_NOT_VISIBLE", "details": {"reason": "No face detected"}, "timestamp": "2026-01-10 02:41:21"}
{"type": "FACE_NOT_VISIBLE", "details": {"reason": "No face detected"}, "timestamp": "2026-01-10 02:41:21"}
{"type": "FACE_NOT_VISIBLE", "details": {"reason": "No face detected"}, "timestamp": "2026-01-10 02:41:21"}
{"type": "FACE_NOT_VISIBLE", "details": {"reason": "No face detected"}, "timestamp": "2026-01-10 02:41:21"}
{"type": "FACE_NOT_VISIBLE", "details": {"reason": "No face detected"}, "timestamp": "2026-01-10 02:41:21"}
{"type": "FACE_NOT_VISIBLE", "details": {"reason": "No face detected"}, "timestamp": "2026-01-10 02:41:55"}
{"type": "FACE_NOT_VISIBLE", "details": {"reason": "No face detected"}, "timestamp": "2026-01-10 02:41:55"}
{"type": "FACE_NOT_VISIBLE", "details": {"reason": "No face detected"}, "timestamp": "2026-01-10 02:41:55"}
{"type": "MULTIPLE_FACES", "details": {"reason": "Multiple people detected in frame"}, "timestamp": "2026-01-10 02:41:56"}
{"type": "MULTIPLE_FACES", "details": {"reason": "Multiple people detected in frame"}, "timestamp": "2026-01-10 02:41:56"}
{"type": "MULTIPLE_FACES", "details": {"reason": "Multiple people detected in frame"}, "timestamp": "2026-01-10 02:41:56"}
{"type": "MULTIPLE_FACES", "details": {"reason": "Multiple people detected in frame"}, "timestamp": "2026-01-10 02:41:56"}
{"type": "MULTIPLE_FACES", "details": {"reason": "Multiple people detected in frame"}, "timestamp": "2026-01-10 02:41:56"}
{"type": "MULTIPLE_FACES", "details": {"reason": "Multiple people detected in frame"}, "timestamp": "2026-01-10 02:41:56"}
{"type": "MULTIPLE_FACES", "details": {"reason": "Multiple people detected in frame"}, "timestamp": "2026-01-10 02:41:56"}
{"type": "MULTIPLE_FACES", "details": {"reason": "Multiple people detected in frame"}, "timestamp": "2026-01-10 02:41:56"}
{"type": "MULTIPLE_FACES", "details": {"reason": "Multiple people detected in frame"}, "timestamp": "2026-01-10 02:41:56"}
{"type": "MULTIPLE_FACES", "details": {"reason": "Multiple people detected in frame"}, "timestamp": "2026-01-10 02:41:57"}
{"type": "MULTIPLE_FACES", "details": {"reason": "Multiple people detected in frame"}, "timestamp": "2026-01-10 02:41:57"}
{"type": "MULTIPLE_FACES", "details": {"reason": "Multiple people detected in frame"}, "timestamp": "2026-01-10 02:41:57"}
{"type": "MULTIPLE_FACES", "details": {"reason": "Multiple people detected in frame"}, "timestamp": "2026-01-10 02:41:57"}
{"type": "MULTIPLE_FACES", "details": {"reason": "Multiple people detected in frame"}, "timestamp": "2026-01-10 02:41:57"}
{"type": "MULTIPLE_FACES", "details": {"reason": "Multiple people detected in frame"}, "timestamp": "2026-01-10 02:41:57"}
{"type": "MULTIPLE_FACES", "details": {"reason": "Multiple people detected in frame"}, "timestamp": "2026-01-10 02:41:57"}
{"type": "MULTIPLE_FACES", "details": {"reason": "Multiple people detected in frame"}, "timestamp": "2026-01-10 02:41:57"}
{"type": "MULTIPLE_FACES", "details": {"reason": "Multiple people detected in frame"}, "timestamp": "2026-01-10 02:41:57"}
{"type": "MULTIPLE_FACES", "details": {"reason": "Multiple people detected in frame"}, "timestamp": "2026-01-10 02:41:57"}
{"type": "MULTIPLE_FACES", "details": {"reason": "Multiple people detected in frame"}, "timestamp": "2026-01-10 02:41:57"}
{"type": "MULTIPLE_FACES", "details": {"reason": "Multiple people detected in frame"}, "timestamp": "2026-01-10 02:41:57"}
{"type": "MULTIPLE_FACES", "details": {"reason": "Multiple people detected in frame"}, "timestamp": "2026-01-10 02:41:57"}
{"type": "MULTIPLE_FACES", "details": {"reason": "Multiple people detected in frame"}, "timestamp": "2026-01-10 02:41:57"}
{"type": "MULTIPLE_FACES", "details": {"reason": "Multiple people detected in frame"}, "timestamp": "2026-01-10 02:41:57"}
{"type": "MULTIPLE_FACES", "details": {"reason": "Multiple people detected in frame"}, "timestamp": "2026-01-10 02:41:57"}
{"type": "MULTIPLE_FACES", "details": {"reason": "Multiple people detected in frame"}, "timestamp": "2026-01-10 02:41:57"}
{"type": "MULTIPLE_FACES", "details": {"reason": "Multiple people detected in frame"}, "timestamp": "2026-01-10 02:41:57"}
{"type": "MULTIPLE_FACES", "details": {"reason": "Multiple people detected in frame"}, "timestamp": "2026-01-10 02:41:57"}
{"type": "MULTIPLE_FACES", "details": {"reason": "Multiple people detected in frame"}, "timestamp": "2026-01-10 02:41:57"}
{"type": "MULTIPLE_FACES", "details": {"reason": "Multiple people detected in frame"}, "timestamp": "2026-01-10 02:41:57"}
{"type": "MULTIPLE_FACES", "details": {"reason": "Multiple people detected in frame"}, "timestamp": "2026-01-10 02:41:57"}
{"type": "MULTIPLE_FACES", "details": {"reason": "Multiple people detected in frame"}, "timestamp": "2026-01-10 02:41:57"}
{"type": "MULTIPLE_FACES", "details": {"reason": "Multiple people detected in frame"}, "timestamp": "2026-01-10 02:41:57"}
{"type": "MULTIPLE_FACES", "details": {"reason": "Multiple people detected in frame"}, "timestamp": "2026-01-10 02:41:57"}
{"type": "MULTIPLE_FACES", "details": {"reason": "Multiple people detected in frame"}, "timestamp": "2026-01-10 02:41:57"}
{"type": "MULTIPLE_FACES", "details": {"reason": "Multiple people detected in frame"}, "timestamp": "2026-01-10 02:41:57"}
{"type": "MULTIPLE_FACES", "details": {"reason": "Multiple people detected in frame"}, "timestamp": "2026-01-10 02:41:57"}
{"type": "MULTIPLE_FACES", "details": {"reason": "Multiple people detected in frame"}, "timestamp": "2026-01-10 02:41:57"}
{"type": "MULTIPLE_FACES", "details": {"reason": "Multiple people detected in frame"}, "timestamp": "2026-01-10 02:41:57"}
{"type": "MULTIPLE_FACES", "details": {"reason": "Multiple people detected in frame"}, "timestamp": "2026-01-10 02:41:58"}
{"type": "MULTIPLE_FACES", "details": {"reason": "Multiple people detected in frame"}, "timestamp": "2026-01-10 02:41:58"}
{"type": "MULTIPLE_FACES", "details": {"reason": "Multiple people detected in frame"}, "timestamp": "2026-01-10 02:41:58"}
{"type": "MULTIPLE_FACES", "details": {"reason": "Multiple people detected in frame"}, "timestamp": "2026-01-10 02:41:58"}
{"type": "MULTIPLE_FACES", "details": {"reason": "Multiple people detected in frame"}, "timestamp": "2026-01-10 02:41:58"}
{"type": "MULTIPLE_FACES", "details": {"reason": "Multiple people detected in frame"}, "timestamp": "2026-01-10 02:41:58"}
{"type": "MULTIPLE_FACES", "details": {"reason": "Multiple people detected in frame"}, "timestamp": "2026-01-10 02:41:58"}
{"type": "MULTIPLE_FACES", "details": {"reason": "Multiple people detected in frame"}, "timestamp": "2026-01-10 02:41:58"}
{"type": "MULTIPLE_FACES", "details": {"reason": "Multiple people detected in frame"}, "timestamp": "2026-01-10 02:41:58"}
{"type": "MULTIPLE_FACES", "details": {"reason": "Multiple people detected in frame"}, "timestamp": "2026-01-10 02:41:58"}
{"type": "FACE_NOT_VISIBLE", "details": {"reason": "No face detected"}, "timestamp": "2026-01-10 02:42:04"}
{"type": "FACE_NOT_VISIBLE", "details": {"reason": "No face detected"}, "timestamp": "2026-01-10 02:42:04"}
{"type": "FACE_NOT_VISIBLE", "details": {"reason": "No face detected"}, "timestamp": "2026-01-10 02:42:04"}
{"type": "MULTIPLE_FACES", "details": {"reason": "Multiple people detected in frame"}, "timestamp": "2026-01-10 02:42:10"}
{"type": "MULTIPLE_FACES", "details": {"reason": "Multiple people detected in frame"}, "timestamp": "2026-01-10 02:42:10"}
{"type": "MULTIPLE_FACES", "details": {"reason": "Multiple people detected in frame"}, "timestamp": "2026-01-10 02:42:10"}
{"type": "MULTIPLE_FACES", "details": {"reason": "Multiple people detected in frame"}, "timestamp": "2026-01-10 02:42:11"}
{"type": "MULTIPLE_FACES", "details": {"reason": "Multiple people detected in frame"}, "timestamp": "2026-01-10 02:42:11"}
{"type": "MULTIPLE_FACES", "details": {"reason": "Multiple people detected in frame"}, "timestamp": "2026-01-10 02:42:11"}
{"type": "MULTIPLE_FACES", "details": {"reason": "Multiple people detected in frame"}, "timestamp": "2026-01-10 02:42:11"}
{"type": "MULTIPLE_FACES", "details": {"reason": "Multiple people detected in frame"}, "timestamp": "2026-01-10 02:42:11"}
{"type": "MULTIPLE_FACES", "details": {"reason": "Multiple people detected in frame"}, "timestamp": "2026-01-10 02:42:11"}
{"type": "MULTIPLE_FACES", "details": {"reason": "Multiple people detected in frame"}, "timestamp": "2026-01-10 02:42:11"}
{"type": "MULTIPLE_FACES", "details": {"reason": "Multiple people detected in frame"}, "timestamp": "2026-01-10 02:42:11"}
{"type": "MULTIPLE_FACES", "details": {"reason": "Multiple people detected in frame"}, "timestamp": "2026-01-10 02:42:11"}
{"type": "MULTIPLE_FACES", "details": {"reason": "Multiple people detected in frame"}, "timestamp": "2026-01-10 02:42:11"}
{"type": "MULTIPLE_FACES", "details": {"reason": "Multiple people detected in frame"}, "timestamp": "2026-01-10 02:42:14"}
{"type": "MULTIPLE_FACES", "details": {"reason": "Multiple people detected in frame"}, "timestamp": "2026-01-10 02:42:14"}
{"type": "MULTIPLE_FACES", "details": {"reason": "Multiple people detected in frame"}, "timestamp": "2026-01-10 02:42:14"}
{"type": "MULTIPLE_FACES", "details": {"reason": "Multiple people detected in frame"}, "timestamp": "2026-01-10 02:42:14"}
{"type": "MULTIPLE_FACES", "details": {"reason": "Multiple people detected in frame"}, "timestamp": "2026-01-10 02:42:14"}
{"type": "MULTIPLE_FACES", "details": {"reason": "Multiple people detected in frame"}, "timestamp": "2026-01-10 02:42:14"}
{"type": "MULTIPLE_FACES", "details": {"reason": "Multiple people detected in frame"}, "timestamp": "2026-01-10 02:42:14"}
{"type": "MULTIPLE_FACES", "details": {"reason": "Multiple people detected in frame"}, "timestamp": "2026-01-10 02:42:14"}
{"type": "MULTIPLE_FACES", "details": {"reason": "Multiple people detected in frame"}, "timestamp": "2026-01-10 02:42:14"}
{"type": "MULTIPLE_FACES", "details": {"reason": "Multiple people detected in frame"}, "timestamp": "2026-01-10 02:42:14"}
{"type": "MULTIPLE_FACES", "details": {"reason": "Multiple people detected in frame"}, "timestamp": "2026-01-10 02:42:14"}
{"type": "MULTIPLE_FACES", "details": {"reason": "Multiple people detected in frame"}, "timestamp": "2026-01-10 02:42:14"}
{"type": "MULTIPLE_FACES", "details": {"reason": "Multiple people detected in frame"}, "timestamp": "2026-01-10 02:42:14"}
{"type": "MULTIPLE_FACES", "details": {"reason": "Multiple people detected in frame"}, "timestamp": "2026-01-10 02:42:14"}
{"type": "MULTIPLE_FACES", "details": {"reason": "Multiple people detected in frame"}, "timestamp": "2026-01-10 02:42:14"}
{"type": "MULTIPLE_FACES", "details": {"reason": "Multiple people detected in frame"}, "timestamp": "2026-01-10 02:42:14"}
{"type": "MULTIPLE_FACES", "details": {"reason": "Multiple people detected in frame"}, "timestamp": "2026-01-10 02:42:14"}
{"type": "MULTIPLE_FACES", "details": {"reason": "Multiple people detected in frame"}, "timestamp": "2026-01-10 02:42:14"}
{"type": "MULTIPLE_FACES", "details": {"reason": "Multiple people detected in frame"}, "timestamp": "2026-01-10 02:42:14"}
{"type": "MULTIPLE_FACES", "details": {"reason": "Multiple people detected in frame"}, "timestamp": "2026-01-10 02:42:14"}
{"type": "MULTIPLE_FACES", "details": {"reason": "Multiple people detected in frame"}, "timestamp": "2026-01-10 02:42:14"}
{"type": "MULTIPLE_FACES", "details": {"reason": "Multiple people detected in frame"}, "timestamp": "2026-01-10 02:42:14"}
{"type": "MULTIPLE_FACES", "details": {"reason": "Multiple people detected in frame"}, "timestamp": "2026-01-10 02:42:14"}
{"type": "MULTIPLE_FACES", "details": {"reason": "Multiple people detected in frame"}, "timestamp": "2026-01-10 02:42:15"}
{"type": "MULTIPLE_FACES", "details": {"reason": "Multiple people detected in frame"}, "timestamp": "2026-01-10 02:42:15"}
{"type": "MULTIPLE_FACES", "details": {"reason": "Multiple people detected in frame"}, "timestamp": "2026-01-10 02:42:15"}
{"type": "MULTIPLE_FACES", "details": {"reason": "Multiple people detected in frame"}, "timestamp": "2026-01-10 02:42:15"}
{"type": "MULTIPLE_FACES", "details": {"reason": "Multiple people detected in frame"}, "timestamp": "2026-01-10 02:42:15"}
{"type": "MULTIPLE_FACES", "details": {"reason": "Multiple people detected in frame"}, "timestamp": "2026-01-10 02:42:15"}
{"type": "MULTIPLE_FACES", "details": {"reason": "Multiple people detected in frame"}, "timestamp": "2026-01-10 02:42:15"}
{"type": "MULTIPLE_FACES", "details": {"reason": "Multiple people detected in frame"}, "timestamp": "2026-01-10 02:42:15"}
{"type": "MULTIPLE_FACES", "details": {"reason": "Multiple people detected in frame"}, "timestamp": "2026-01-10 02:42:15"}
{"type": "MULTIPLE_FACES", "details": {"reason": "Multiple people detected in frame"}, "timestamp": "2026-01-10 02:42:15"}
{"type": "MULTIPLE_FACES", "details": {"reason": "Multiple people detected in frame"}, "timestamp": "2026-01-10 02:42:15"}
{"type": "MULTIPLE_FACES", "details": {"reason": "Multiple people detected in frame"}, "timestamp": "2026-01-10 02:42:15"}
{"type": "MULTIPLE_FACES", "details": {"reason": "Multiple people detected in frame"}, "timestamp": "2026-01-10 02:42:15"}
{"type": "MULTIPLE_FACES", "details": {"reason": "Multiple people detected in frame"}, "timestamp": "2026-01-10 02:42:15"}
{"type": "MULTIPLE_FACES", "details": {"reason": "Multiple people detected in frame"}, "timestamp": "2026-01-10 02:42:15"}
{"type": "MULTIPLE_FACES", "details": {"reason": "Multiple people detected in frame"}, "timestamp": "2026-01-10 02:42:15"}
{"type": "MULTIPLE_FACES", "details": {"reason": "Multiple people detected in frame"}, "timestamp": "2026-01-10 02:42:15"}
{"type": "MULTIPLE_FACES", "details": {"reason": "Multiple people detected in frame"}, "timestamp": "2026-01-10 02:42:15"}
{"type": "MULTIPLE_FACES", "details": {"reason": "Multiple people detected in frame"}, "timestamp": "2026-01-10 02:42:15"}
{"type": "MULTIPLE_FACES", "details": {"reason": "Multiple people detected in frame"}, "timestamp": "2026-01-10 02:42:15"}
{"type": "MULTIPLE_FACES", "details": {"reason": "Multiple people detected in frame"}, "timestamp": "2026-01-10 02:42:15"}
{"type": "MULTIPLE_FACES", "details": {"reason": "Multiple people detected in frame"}, "timestamp": "2026-01-10 02:42:15"}
{"type": "MULTIPLE_FACES", "details": {"reason": "Multiple people detected in frame"}, "timestamp": "2026-01-10 02:42:15"}
{"type": "MULTIPLE_FACES", "details": {"reason": "Multiple people detected in frame"}, "timestamp": "2026-01-10 02:42:15"}
{"type": "MULTIPLE_FACES", "details": {"reason": "Multiple people detected in frame"}, "timestamp": "2026-01-10 02:42:15"}
{"type": "MULTIPLE_FACES", "details": {"reason": "Multiple people detected in frame"}, "timestamp": "2026-01-10 02:42:15"}
{"type": "MULTIPLE_FACES", "details": {"reason": "Multiple people detected in frame"}, "timestamp": "2026-01-10 02:42:15"}
{"type": "MULTIPLE_FACES", "details": {"reason": "Multiple people detected in frame"}, "timestamp": "2026-01-10 02:42:15"}
{"type": "MULTIPLE_FACES", "details": {"reason": "Multiple people detected in frame"}, "timestamp": "2026-01-10 02:42:15"}
{"type": "MULTIPLE_FACES", "details": {"reason": "Multiple people detected in frame"}, "timestamp": "2026-01-10 02:42:15"}
{"type": "MULTIPLE_FACES", "details": {"reason": "Multiple people detected in frame"}, "timestamp": "2026-01-10 02:42:16"}
{"type": "MULTIPLE_FACES", "details": {"reason": "Multiple people detected in frame"}, "timestamp": "2026-01-10 02:42:16"}
{"type": "MULTIPLE_FACES", "details": {"reason": "Multiple people detected in frame"}, "timestamp": "2026-01-10 02:42:16"}
{"type": "MULTIPLE_FACES", "details": {"reason": "Multiple people detected in frame"}, "timestamp": "2026-01-10 02:42:16"}
{"type": "MULTIPLE_FACES", "details": {"reason": "Multiple people detected in frame"}, "timestamp": "2026-01-10 02:42:16"}
{"type": "MULTIPLE_FACES", "details": {"reason": "Multiple people detected in frame"}, "timestamp": "2026-01-10 02:42:16"}
{"type": "MULTIPLE_FACES", "details": {"reason": "Multiple people detected in frame"}, "timestamp": "2026-01-10 02:42:16"}
{"type": "MULTIPLE_FACES", "details": {"reason": "Multiple people detected in frame"}, "timestamp": "2026-01-10 02:42:16"}
{"type": "MULTIPLE_FACES", "details": {"reason": "Multiple people detected in frame"}, "timestamp": "2026-01-10 02:42:16"}
{"type": "MULTIPLE_FACES", "details": {"reason": "Multiple people detected in frame"}, "timestamp": "2026-01-10 02:42:16"}
{"type": "MULTIPLE_FACES", "details": {"reason": "Multiple people detected in frame"}, "timestamp": "2026-01-10 02:42:16"}
{"type": "MULTIPLE_FACES", "details": {"reason": "Multiple people detected in frame"}, "timestamp": "2026-01-10 02:42:16"}
{"type": "MULTIPLE_FACES", "details": {"reason": "Multiple people detected in frame"}, "timestamp": "2026-01-10 02:42:16"}
{"type": "MULTIPLE_FACES", "details": {"reason": "Multiple people detected in frame"}, "timestamp": "2026-01-10 02:42:16"}
{"type": "MULTIPLE_FACES", "details": {"reason": "Multiple people detected in frame"}, "timestamp": "2026-01-10 02:42:16"}
{"type": "MULTIPLE_FACES", "details": {"reason": "Multiple people detected in frame"}, "timestamp": "2026-01-10 02:42:16"}
{"type": "MULTIPLE_FACES", "details": {"reason": "Multiple people detected in frame"}, "timestamp": "2026-01-10 02:42:16"}
{"type": "MULTIPLE_FACES", "details": {"reason": "Multiple people detected in frame"}, "timestamp": "2026-01-10 02:42:16"}
{"type": "MULTIPLE_FACES", "details": {"reason": "Multiple people detected in frame"}, "timestamp": "2026-01-10 02:42:16"}
{"type": "MULTIPLE_FACES", "details": {"reason": "Multiple people detected in frame"}, "timestamp": "2026-01-10 02:42:16"}
{"type": "MULTIPLE_FACES", "details": {"reason": "Multiple people detected in frame"}, "timestamp": "2026-01-10 02:42:16"}
{"type": "MULTIPLE_FACES", "details": {"reason": "Multiple people detected in frame"}, "timestamp": "2026-01-10 02:42:16"}
{"type": "MULTIPLE_FACES", "details": {"reason": "Multiple people detected in frame"}, "timestamp": "2026-01-10 02:42:16"}
{"type": "MULTIPLE_FACES", "details": {"reason": "Multiple people detected in frame"}, "timestamp": "2026-01-10 02:42:16"}
{"type": "MULTIPLE_FACES", "details": {"reason": "Multiple people detected in frame"}, "timestamp": "2026-01-10 02:42:16"}
{"type": "MULTIPLE_FACES", "details": {"reason": "Multiple people detected in frame"}, "timestamp": "2026-01-10 02:42:16"}
{"type": "MULTIPLE_FACES", "details": {"reason": "Multiple people detected in frame"}, "timestamp": "2026-01-10 02:42:16"}
{"type": "MULTIPLE_FACES", "details": {"reason": "Multiple people detected in frame"}, "timestamp": "2026-01-10 02:42:16"}
{"type": "MULTIPLE_FACES", "details": {"reason": "Multiple people detected in frame"}, "timestamp": "2026-01-10 02:42:16"}
{"type": "MULTIPLE_FACES", "details": {"reason": "Multiple people detected in frame"}, "timestamp": "2026-01-10 02:42:17"}
{"type": "MULTIPLE_FACES", "details": {"reason": "Multiple people detected in frame"}, "timestamp": "2026-01-10 02:42:17"}
{"type": "MULTIPLE_FACES", "details": {"reason": "Multiple people detected in frame"}, "timestamp": "2026-01-10 02:42:17"}
{"type": "MULTIPLE_FACES", "details": {"reason": "Multiple people detected in frame"}, "timestamp": "2026-01-10 02:42:17"}
{"type": "MULTIPLE_FACES", "details": {"reason": "Multiple people detected in frame"}, "timestamp": "2026-01-10 02:42:17"}
{"type": "MULTIPLE_FACES", "details": {"reason": "Multiple people detected in frame"}, "timestamp": "2026-01-10 02:42:17"}
{"type": "MULTIPLE_FACES", "details": {"reason": "Multiple people detected in frame"}, "timestamp": "2026-01-10 02:42:17"}
{"type": "MULTIPLE_FACES", "details": {"reason": "Multiple people detected in frame"}, "timestamp": "2026-01-10 02:42:17"}
{"type": "MULTIPLE_FACES", "details": {"reason": "Multiple people detected in frame"}, "timestamp": "2026-01-10 02:42:17"}
{"type": "MULTIPLE_FACES", "details": {"reason": "Multiple people detected in frame"}, "timestamp": "2026-01-10 02:42:17"}
{"type": "MULTIPLE_FACES", "details": {"reason": "Multiple people detected in frame"}, "timestamp": "2026-01-10 02:42:17"}
{"type": "MULTIPLE_FACES", "details": {"reason": "Multiple people detected in frame"}, "timestamp": "2026-01-10 02:42:17"}
{"type": "MULTIPLE_FACES", "details": {"reason": "Multiple people detected in frame"}, "timestamp": "2026-01-10 02:42:17"}
{"type": "MULTIPLE_FACES", "details": {"reason": "Multiple people detected in frame"}, "timestamp": "2026-01-10 02:42:17"}
{"type": "MULTIPLE_FACES", "details": {"reason": "Multiple people detected in frame"}, "timestamp": "2026-01-10 02:42:17"}
{"type": "MULTIPLE_FACES", "details": {"reason": "Multiple people detected in frame"}, "timestamp": "2026-01-10 02:42:17"}
{"type": "MULTIPLE_FACES", "details": {"reason": "Multiple people detected in frame"}, "timestamp": "2026-01-10 02:42:17"}
{"type": "MULTIPLE_FACES", "details": {"reason": "Multiple people detected in frame"}, "timestamp": "2026-01-10 02:42:17"}
{"type": "MULTIPLE_FACES", "details": {"reason": "Multiple people detected in frame"}, "timestamp": "2026-01-10 02:42:17"}
{"type": "MULTIPLE_FACES", "details": {"reason": "Multiple people detected in frame"}, "timestamp": "2026-01-10 02:42:17"}
{"type": "MULTIPLE_FACES", "details": {"reason": "Multiple people detected in frame"}, "timestamp": "2026-01-10 02:42:17"}
{"type": "MULTIPLE_FACES", "details": {"reason": "Multiple people detected in frame"}, "timestamp": "2026-01-10 02:42:17"}
{"type": "MULTIPLE_FACES", "details": {"reason": "Multiple people detected in frame"}, "timestamp": "2026-01-10 02:42:17"}
{"type": "MULTIPLE_FACES", "details": {"reason": "Multiple people detected in frame"}, "timestamp": "2026-01-10 02:42:17"}
{"type": "MULTIPLE_FACES", "details": {"reason": "Multiple people detected in frame"}, "timestamp": "2026-01-10 02:42:17"}
{"type": "MULTIPLE_FACES", "details": {"reason": "Multiple people detected in frame"}, "timestamp": "2026-01-10 02:42:17"}
{"type": "MULTIPLE_FACES", "details": {"reason": "Multiple people detected in frame"}, "timestamp": "2026-01-10 02:42:17"}
{"type": "MULTIPLE_FACES", "details": {"reason": "Multiple people detected in frame"}, "timestamp": "2026-01-10 02:42:17"}
{"type": "MULTIPLE_FACES", "details": {"reason": "Multiple people detected in frame"}, "timestamp": "2026-01-10 02:42:17"}
{"type": "MULTIPLE_FACES", "details": {"reason": "Multiple people detected in frame"}, "timestamp": "2026-01-10 02:42:17"}
{"type": "MULTIPLE_FACES", "details": {"reason": "Multiple people detected in frame"}, "timestamp": "2026-01-10 02:42:18"}
{"type": "MULTIPLE_FACES", "details": {"reason": "Multiple people detected in frame"}, "timestamp": "2026-01-10 02:42:18"}
{"type": "MULTIPLE_FACES", "details": {"reason": "Multiple people detected in frame"}, "timestamp": "2026-01-10 02:42:18"}
{"type": "MULTIPLE_FACES", "details": {"reason": "Multiple people detected in frame"}, "timestamp": "2026-01-10 02:42:18"}
{"type": "MULTIPLE_FACES", "details": {"reason": "Multiple people detected in frame"}, "timestamp": "2026-01-10 02:42:18"}
{"type": "MULTIPLE_FACES", "details": {"reason": "Multiple people detected in frame"}, "timestamp": "2026-01-10 02:42:18"}
{"type": "MULTIPLE_FACES", "details": {"reason": "Multiple people detected in frame"}, "timestamp": "2026-01-10 02:42:18"}
{"type": "MULTIPLE_FACES", "details": {"reason": "Multiple people detected in frame"}, "timestamp": "2026-01-10 02:42:18"}
{"type": "MULTIPLE_FACES", "details": {"reason": "Multiple people detected in frame"}, "timestamp": "2026-01-10 02:42:18"}
{"type": "MULTIPLE_FACES", "details": {"reason": "Multiple people detected in frame"}, "timestamp": "2026-01-10 02:42:18"}
{"type": "MULTIPLE_FACES", "details": {"reason": "Multiple people detected in frame"}, "timestamp": "2026-01-10 02:42:18"}
{"type": "MULTIPLE_FACES", "details": {"reason": "Multiple people detected in frame"}, "timestamp": "2026-01-10 02:42:18"}
{"type": "MULTIPLE_FACES", "details": {"reason": "Multiple people detected in frame"}, "timestamp": "2026-01-10 02:42:18"}
{"type": "MULTIPLE_FACES", "details": {"reason": "Multiple people detected in frame"}, "timestamp": "2026-01-10 02:42:18"}
{"type": "MULTIPLE_FACES", "details": {"reason": "Multiple people detected in frame"}, "timestamp": "2026-01-10 02:42:18"}
{"type": "MULTIPLE_FACES", "details": {"reason": "Multiple people detected in frame"}, "timestamp": "2026-01-10 02:42:18"}
{"type": "MULTIPLE_FACES", "details": {"reason": "Multiple people detected in frame"}, "timestamp": "2026-01-10 02:42:18"}
{"type": "MULTIPLE_FACES", "details": {"reason": "Multiple people detected in frame"}, "timestamp": "2026-01-10 02:42:18"}
{"type": "MULTIPLE_FACES", "details": {"reason": "Multiple people detected in frame"}, "timestamp": "2026-01-10 02:42:18"}
{"type": "MULTIPLE_FACES", "details": {"reason": "Multiple people detected in frame"}, "timestamp": "2026-01-10 02:42:18"}
{"type": "MULTIPLE_FACES", "details": {"reason": "Multiple people detected in frame"}, "timestamp": "2026-01-10 02:42:18"}
{"type": "MULTIPLE_FACES", "details": {"reason": "Multiple people detected in frame"}, "timestamp": "2026-01-10 02:42:18"}
{"type": "MULTIPLE_FACES", "details": {"reason": "Multiple people detected in frame"}, "timestamp": "2026-01-10 02:42:18"}
{"type": "MULTIPLE_FACES", "details": {"reason": "Multiple people detected in frame"}, "timestamp": "2026-01-10 02:42:18"}
{"type": "MULTIPLE_FACES", "details": {"reason": "Multiple people detected in frame"}, "timestamp": "2026-01-10 02:42:18"}
{"type": "MULTIPLE_FACES", "details": {"reason": "Multiple people detected in frame"}, "timestamp": "2026-01-10 02:42:18"}
{"type": "MULTIPLE_FACES", "details": {"reason": "Multiple people detected in frame"}, "timestamp": "2026-01-10 02:42:18"}
{"type": "MULTIPLE_FACES", "details": {"reason": "Multiple people detected in frame"}, "timestamp": "2026-01-10 02:42:18"}
{"type": "MULTIPLE_FACES", "details": {"reason": "Multiple people detected in frame"}, "timestamp": "2026-01-10 02:42:18"}
{"type": "MULTIPLE_FACES", "details": {"reason": "Multiple people detected in frame"}, "timestamp": "2026-01-10 02:42:18"}
{"type": "MULTIPLE_FACES", "details": {"reason": "Multiple people detected in frame"}, "timestamp": "2026-01-10 02:42:19"}
{"type": "MULTIPLE_FACES", "details": {"reason": "Multiple people detected in frame"}, "timestamp": "2026-01-10 02:42:19"}
{"type": "MULTIPLE_FACES", "details": {"reason": "Multiple people detected in frame"}, "timestamp": "2026-01-10 02:42:19"}
{"type": "MULTIPLE_FACES", "details": {"reason": "Multiple people detected in frame"}, "timestamp": "2026-01-10 02:42:19"}
{"type": "MULTIPLE_FACES", "details": {"reason": "Multiple people detected in frame"}, "timestamp": "2026-01-10 02:42:19"}
{"type": "MULTIPLE_FACES", "details": {"reason": "Multiple people detected in frame"}, "timestamp": "2026-01-10 02:42:19"}
{"type": "MULTIPLE_FACES", "details": {"reason": "Multiple people detected in frame"}, "timestamp": "2026-01-10 02:42:19"}
{"type": "MULTIPLE_FACES", "details": {"reason": "Multiple people detected in frame"}, "timestamp": "2026-01-10 02:42:19"}
{"type": "MULTIPLE_FACES", "details": {"reason": "Multiple people detected in frame"}, "timestamp": "2026-01-10 02:42:19"}
{"type": "MULTIPLE_FACES", "details": {"reason": "Multiple people detected in frame"}, "timestamp": "2026-01-10 02:42:19"}
{"type": "MULTIPLE_FACES", "details": {"reason": "Multiple people detected in frame"}, "timestamp": "2026-01-10 02:42:19"}
{"type": "MULTIPLE_FACES", "details": {"reason": "Multiple people detected in frame"}, "timestamp": "2026-01-10 02:42:19"}
{"type": "MULTIPLE_FACES", "details": {"reason": "Multiple people detected in frame"}, "timestamp": "2026-01-10 02:42:19"}
{"type": "MULTIPLE_FACES", "details": {"reason": "Multiple people detected in frame"}, "timestamp": "2026-01-10 02:42:19"}
{"type": "MULTIPLE_FACES", "details": {"reason": "Multiple people detected in frame"}, "timestamp": "2026-01-10 02:42:19"}
{"type": "MULTIPLE_FACES", "details": {"reason": "Multiple people detected in frame"}, "timestamp": "2026-01-10 02:42:19"}
{"type": "MULTIPLE_FACES", "details": {"reason": "Multiple people detected in frame"}, "timestamp": "2026-01-10 02:42:19"}
{"type": "MULTIPLE_FACES", "details": {"reason": "Multiple people detected in frame"}, "timestamp": "2026-01-10 02:42:19"}
{"type": "MULTIPLE_FACES", "details": {"reason": "Multiple people detected in frame"}, "timestamp": "2026-01-10 02:42:19"}
{"type": "MULTIPLE_FACES", "details": {"reason": "Multiple people detected in frame"}, "timestamp": "2026-01-10 02:42:19"}
{"type": "MULTIPLE_FACES", "details": {"reason": "Multiple people detected in frame"}, "timestamp": "2026-01-10 02:42:19"}
{"type": "MULTIPLE_FACES", "details": {"reason": "Multiple people detected in frame"}, "timestamp": "2026-01-10 02:42:19"}
{"type": "MULTIPLE_FACES", "details": {"reason": "Multiple people detected in frame"}, "timestamp": "2026-01-10 02:42:19"}
{"type": "MULTIPLE_FACES", "details": {"reason": "Multiple people detected in frame"}, "timestamp": "2026-01-10 02:42:19"}
{"type": "MULTIPLE_FACES", "details": {"reason": "Multiple people detected in frame"}, "timestamp": "2026-01-10 02:42:19"}
{"type": "MULTIPLE_FACES", "details": {"reason": "Multiple people detected in frame"}, "timestamp": "2026-01-10 02:42:19"}
{"type": "MULTIPLE_FACES", "details": {"reason": "Multiple people detected in frame"}, "timestamp": "2026-01-10 02:42:19"}
{"type": "MULTIPLE_FACES", "details": {"reason": "Multiple people detected in frame"}, "timestamp": "2026-01-10 02:42:19"}
{"type": "MULTIPLE_FACES", "details": {"reason": "Multiple people detected in frame"}, "timestamp": "2026-01-10 02:42:19"}
{"type": "MULTIPLE_FACES", "details": {"reason": "Multiple people detected in frame"}, "timestamp": "2026-01-10 02:42:19"}
{"type": "MULTIPLE_FACES", "details": {"reason": "Multiple people detected in frame"}, "timestamp": "2026-01-10 02:42:20"}
{"type": "MULTIPLE_FACES", "details": {"reason": "Multiple people detected in frame"}, "timestamp": "2026-01-10 02:42:20"}
{"type": "MULTIPLE_FACES", "details": {"reason": "Multiple people detected in frame"}, "timestamp": "2026-01-10 02:42:20"}
{"type": "MULTIPLE_FACES", "details": {"reason": "Multiple people detected in frame"}, "timestamp": "2026-01-10 02:42:20"}
{"type": "MULTIPLE_FACES", "details": {"reason": "Multiple people detected in frame"}, "timestamp": "2026-01-10 02:42:20"}
{"type": "MULTIPLE_FACES", "details": {"reason": "Multiple people detected in frame"}, "timestamp": "2026-01-10 02:42:20"}
{"type": "MULTIPLE_FACES", "details": {"reason": "Multiple people detected in frame"}, "timestamp": "2026-01-10 02:42:20"}
{"type": "MULTIPLE_FACES", "details": {"reason": "Multiple people detected in frame"}, "timestamp": "2026-01-10 02:42:20"}
{"type": "MULTIPLE_FACES", "details": {"reason": "Multiple people detected in frame"}, "timestamp": "2026-01-10 02:42:20"}
{"type": "MULTIPLE_FACES", "details": {"reason": "Multiple people detected in frame"}, "timestamp": "2026-01-10 02:42:20"}
{"type": "MULTIPLE_FACES", "details": {"reason": "Multiple people detected in frame"}, "timestamp": "2026-01-10 02:42:20"}
{"type": "MULTIPLE_FACES", "details": {"reason": "Multiple people detected in frame"}, "timestamp": "2026-01-10 02:42:20"}
{"type": "MULTIPLE_FACES", "details": {"reason": "Multiple people detected in frame"}, "timestamp": "2026-01-10 02:42:20"}
{"type": "MULTIPLE_FACES", "details": {"reason": "Multiple people detected in frame"}, "timestamp": "2026-01-10 02:42:20"}
{"type": "MULTIPLE_FACES", "details": {"reason": "Multiple people detected in frame"}, "timestamp": "2026-01-10 02:42:20"}
{"type": "MULTIPLE_FACES", "details": {"reason": "Multiple people detected in frame"}, "timestamp": "2026-01-10 02:42:20"}
{"type": "MULTIPLE_FACES", "details": {"reason": "Multiple people detected in frame"}, "timestamp": "2026-01-10 02:42:20"}
{"type": "MULTIPLE_FACES", "details": {"reason": "Multiple people detected in frame"}, "timestamp": "2026-01-10 02:42:20"}
{"type": "MULTIPLE_FACES", "details": {"reason": "Multiple people detected in frame"}, "timestamp": "2026-01-10 02:42:20"}
{"type": "MULTIPLE_FACES", "details": {"reason": "Multiple people detected in frame"}, "timestamp": "2026-01-10 02:42:20"}
{"type": "MULTIPLE_FACES", "details": {"reason": "Multiple people detected in frame"}, "timestamp": "2026-01-10 02:42:20"}
{"type": "MULTIPLE_FACES", "details": {"reason": "Multiple people detected in frame"}, "timestamp": "2026-01-10 02:42:20"}
{"type": "MULTIPLE_FACES", "details": {"reason": "Multiple people detected in frame"}, "timestamp": "2026-01-10 02:42:20"}
{"type": "MULTIPLE_FACES", "details": {"reason": "Multiple people detected in frame"}, "timestamp": "2026-01-10 02:42:20"}
{"type": "MULTIPLE_FACES", "details": {"reason": "Multiple people detected in frame"}, "timestamp": "2026-01-10 02:42:20"}
{"type": "MULTIPLE_FACES", "details": {"reason": "Multiple people detected in frame"}, "timestamp": "2026-01-10 02:42:20"}
{"type": "MULTIPLE_FACES", "details": {"reason": "Multiple people detected in frame"}, "timestamp": "2026-01-10 02:42:20"}
{"type": "MULTIPLE_FACES", "details": {"reason": "Multiple people detected in frame"}, "timestamp": "2026-01-10 02:42:21"}
{"type": "MULTIPLE_FACES", "details": {"reason": "Multiple people detected in frame"}, "timestamp": "2026-01-10 02:42:21"}
{"type": "MULTIPLE_FACES", "details": {"reason": "Multiple people detected in frame"}, "timestamp": "2026-01-10 02:42:21"}
{"type": "MULTIPLE_FACES", "details": {"reason": "Multiple people detected in frame"}, "timestamp": "2026-01-10 02:42:21"}
{"type": "MULTIPLE_FACES", "details": {"reason": "Multiple people detected in frame"}, "timestamp": "2026-01-10 02:42:21"}
{"type": "FACE_NOT_VISIBLE", "details": {"reason": "No face detected"}, "timestamp": "2026-01-10 02:42:21"}
{"type": "FACE_NOT_VISIBLE", "details": {"reason": "No face detected"}, "timestamp": "2026-01-10 02:42:21"}
{"type": "FACE_NOT_VISIBLE", "details": {"reason": "No face detected"}, "timestamp": "2026-01-10 02:42:21"}
{"type": "FACE_NOT_VISIBLE", "details": {"reason": "No face detected"}, "timestamp": "2026-01-10 02:42:21"}
{"type": "FACE_NOT_VISIBLE", "details": {"reason": "No face detected"}, "timestamp": "2026-01-10 02:42:21"}
{"type": "FACE_NOT_VISIBLE", "details": {"reason": "No face detected"}, "timestamp": "2026-01-10 02:42:21"}
{"type": "MULTIPLE_FACES", "details": {"reason": "Multiple people detected in frame"}, "timestamp": "2026-01-10 02:42:25"}
{"type": "MULTIPLE_FACES", "details": {"reason": "Multiple people detected in frame"}, "timestamp": "2026-01-10 02:42:25"}
{"type": "MULTIPLE_FACES", "details": {"reason": "Multiple people detected in frame"}, "timestamp": "2026-01-10 02:42:25"}
{"type": "MULTIPLE_FACES", "details": {"reason": "Multiple people detected in frame"}, "timestamp": "2026-01-10 02:42:25"}
{"type": "MULTIPLE_FACES", "details": {"reason": "Multiple people detected in frame"}, "timestamp": "2026-01-10 02:42:25"}
{"type": "MULTIPLE_FACES", "details": {"reason": "Multiple people detected in frame"}, "timestamp": "2026-01-10 02:42:25"}
{"type": "MULTIPLE_FACES", "details": {"reason": "Multiple people detected in frame"}, "timestamp": "2026-01-10 02:42:25"}
{"type": "MULTIPLE_FACES", "details": {"reason": "Multiple people detected in frame"}, "timestamp": "2026-01-10 02:42:26"}
{"type": "MULTIPLE_FACES", "details": {"reason": "Multiple people detected in frame"}, "timestamp": "2026-01-10 02:42:26"}
{"type": "MULTIPLE_FACES", "details": {"reason": "Multiple people detected in frame"}, "timestamp": "2026-01-10 02:42:26"}
{"type": "MULTIPLE_FACES", "details": {"reason": "Multiple people detected in frame"}, "timestamp": "2026-01-10 02:42:26"}
{"type": "MULTIPLE_FACES", "details": {"reason": "Multiple people detected in frame"}, "timestamp": "2026-01-10 02:42:26"}
{"type": "MULTIPLE_FACES", "details": {"reason": "Multiple people detected in frame"}, "timestamp": "2026-01-10 02:42:26"}
{"type": "MULTIPLE_FACES", "details": {"reason": "Multiple people detected in frame"}, "timestamp": "2026-01-10 02:42:26"}
{"type": "MULTIPLE_FACES", "details": {"reason": "Multiple people detected in frame"}, "timestamp": "2026-01-10 02:42:26"}
{"type": "MULTIPLE_FACES", "details": {"reason": "Multiple people detected in frame"}, "timestamp": "2026-01-10 02:42:26"}
{"type": "MULTIPLE_FACES", "details": {"reason": "Multiple people detected in frame"}, "timestamp": "2026-01-10 02:42:26"}
{"type": "MULTIPLE_FACES", "details": {"reason": "Multiple people detected in frame"}, "timestamp": "2026-01-10 02:42:26"}
{"type": "MULTIPLE_FACES", "details": {"reason": "Multiple people detected in frame"}, "timestamp": "2026-01-10 02:42:26"}
{"type": "MULTIPLE_FACES", "details": {"reason": "Multiple people detected in frame"}, "timestamp": "2026-01-10 02:42:26"}
{"type": "MULTIPLE_FACES", "details": {"reason": "Multiple people detected in frame"}, "timestamp": "2026-01-10 02:42:26"}
{"type": "MULTIPLE_FACES", "details": {"reason": "Multiple people detected in frame"}, "timestamp": "2026-01-10 02:42:26"}
{"type": "MULTIPLE_FACES", "details": {"reason": "Multiple people detected in frame"}, "timestamp": "2026-01-10 02:42:26"}
{"type": "MULTIPLE_FACES", "details": {"reason": "Multiple people detected in frame"}, "timestamp": "2026-01-10 02:42:26"}
{"type": "MULTIPLE_FACES", "details": {"reason": "Multiple people detected in frame"}, "timestamp": "2026-01-10 02:42:26"}
{"type": "MULTIPLE_FACES", "details": {"reason": "Multiple people detected in frame"}, "timestamp": "2026-01-10 02:42:26"}
{"type": "MULTIPLE_FACES", "details": {"reason": "Multiple people detected in frame"}, "timestamp": "2026-01-10 02:42:26"}
{"type": "MULTIPLE_FACES", "details": {"reason": "Multiple people detected in frame"}, "timestamp": "2026-01-10 02:42:26"}
{"type": "MULTIPLE_FACES", "details": {"reason": "Multiple people detected in frame"}, "timestamp": "2026-01-10 02:42:26"}
{"type": "MULTIPLE_FACES", "details": {"reason": "Multiple people detected in frame"}, "timestamp": "2026-01-10 02:42:26"}
{"type": "MULTIPLE_FACES", "details": {"reason": "Multiple people detected in frame"}, "timestamp": "2026-01-10 02:42:26"}
{"type": "MULTIPLE_FACES", "details": {"reason": "Multiple people detected in frame"}, "timestamp": "2026-01-10 02:42:26"}
{"type": "MULTIPLE_FACES", "details": {"reason": "Multiple people detected in frame"}, "timestamp": "2026-01-10 02:42:26"}
{"type": "MULTIPLE_FACES", "details": {"reason": "Multiple people detected in frame"}, "timestamp": "2026-01-10 02:42:26"}
{"type": "MULTIPLE_FACES", "details": {"reason": "Multiple people detected in frame"}, "timestamp": "2026-01-10 02:42:26"}
{"type": "MULTIPLE_FACES", "details": {"reason": "Multiple people detected in frame"}, "timestamp": "2026-01-10 02:42:26"}
{"type": "MULTIPLE_FACES", "details": {"reason": "Multiple people detected in frame"}, "timestamp": "2026-01-10 02:42:26"}
{"type": "MULTIPLE_FACES", "details": {"reason": "Multiple people detected in frame"}, "timestamp": "2026-01-10 02:42:27"}
{"type": "MULTIPLE_FACES", "details": {"reason": "Multiple people detected in frame"}, "timestamp": "2026-01-10 02:42:27"}
{"type": "MULTIPLE_FACES", "details": {"reason": "Multiple people detected in frame"}, "timestamp": "2026-01-10 02:42:27"}
{"type": "MULTIPLE_FACES", "details": {"reason": "Multiple people detected in frame"}, "timestamp": "2026-01-10 02:42:27"}
{"type": "MULTIPLE_FACES", "details": {"reason": "Multiple people detected in frame"}, "timestamp": "2026-01-10 02:42:27"}
{"type": "MULTIPLE_FACES", "details": {"reason": "Multiple people detected in frame"}, "timestamp": "2026-01-10 02:42:27"}
{"type": "MULTIPLE_FACES", "details": {"reason": "Multiple people detected in frame"}, "timestamp": "2026-01-10 02:42:27"}
{"type": "MULTIPLE_FACES", "details": {"reason": "Multiple people detected in frame"}, "timestamp": "2026-01-10 02:42:27"}
{"type": "MULTIPLE_FACES", "details": {"reason": "Multiple people detected in frame"}, "timestamp": "2026-01-10 02:42:27"}
{"type": "MULTIPLE_FACES", "details": {"reason": "Multiple people detected in frame"}, "timestamp": "2026-01-10 02:42:27"}
{"type": "MULTIPLE_FACES", "details": {"reason": "Multiple people detected in frame"}, "timestamp": "2026-01-10 02:42:27"}
{"type": "MULTIPLE_FACES", "details": {"reason": "Multiple people detected in frame"}, "timestamp": "2026-01-10 02:42:27"}
{"type": "MULTIPLE_FACES", "details": {"reason": "Multiple people detected in frame"}, "timestamp": "2026-01-10 02:42:27"}
{"type": "MULTIPLE_FACES", "details": {"reason": "Multiple people detected in frame"}, "timestamp": "2026-01-10 02:42:27"}
{"type": "MULTIPLE_FACES", "details": {"reason": "Multiple people detected in frame"}, "timestamp": "2026-01-10 02:42:27"}
{"type": "MULTIPLE_FACES", "details": {"reason": "Multiple people detected in frame"}, "timestamp": "2026-01-10 02:42:27"}
{"type": "MULTIPLE_FACES", "details": {"reason": "Multiple people detected in frame"}, "timestamp": "2026-01-10 02:42:27"}
{"type": "MULTIPLE_FACES", "details": {"reason": "Multiple people detected in frame"}, "timestamp": "2026-01-10 02:42:27"}
{"type": "MULTIPLE_FACES", "details": {"reason": "Multiple people detected in frame"}, "timestamp": "2026-01-10 02:42:27"}
{"type": "MULTIPLE_FACES", "details": {"reason": "Multiple people detected in frame"}, "timestamp": "2026-01-10 02:42:27"}
{"type": "MULTIPLE_FACES", "details": {"reason": "Multiple people detected in frame"}, "timestamp": "2026-01-10 02:42:27"}
{"type": "MULTIPLE_FACES", "details": {"reason": "Multiple people detected in frame"}, "timestamp": "2026-01-10 02:42:27"}
{"type": "MULTIPLE_FACES", "details": {"reason": "Multiple people detected in frame"}, "timestamp": "2026-01-10 02:42:27"}
{"type": "MULTIPLE_FACES", "details": {"reason": "Multiple people detected in frame"}, "timestamp": "2026-01-10 02:42:27"}
{"type": "MULTIPLE_FACES", "details": {"reason": "Multiple people detected in frame"}, "timestamp": "2026-01-10 02:42:27"}
{"type": "MULTIPLE_FACES", "details": {"reason": "Multiple people detected in frame"}, "timestamp": "2026-01-10 02:42:27"}
{"type": "MULTIPLE_FACES", "details": {"reason": "Multiple people detected in frame"}, "timestamp": "2026-01-10 02:42:27"}
{"type": "MULTIPLE_FACES", "details": {"reason": "Multiple people detected in frame"}, "timestamp": "2026-01-10 02:42:27"}
{"type": "MULTIPLE_FACES", "details": {"reason": "Multiple people detected in frame"}, "timestamp": "2026-01-10 02:42:27"}
{"type": "MULTIPLE_FACES", "details": {"reason": "Multiple people detected in frame"}, "timestamp": "2026-01-10 02:42:27"}
{"type": "MULTIPLE_FACES", "details": {"reason": "Multiple people detected in frame"}, "timestamp": "2026-01-10 02:42:28"}
{"type": "MULTIPLE_FACES", "details": {"reason": "Multiple people detected in frame"}, "timestamp": "2026-01-10 02:42:28"}
{"type": "MULTIPLE_FACES", "details": {"reason": "Multiple people detected in frame"}, "timestamp": "2026-01-10 02:42:28"}
{"type": "MULTIPLE_FACES", "details": {"reason": "Multiple people detected in frame"}, "timestamp": "2026-01-10 02:42:28"}
{"type": "MULTIPLE_FACES", "details": {"reason": "Multiple people detected in frame"}, "timestamp": "2026-01-10 02:42:28"}
{"type": "MULTIPLE_FACES", "details": {"reason": "Multiple people detected in frame"}, "timestamp": "2026-01-10 02:42:28"}
{"type": "MULTIPLE_FACES", "details": {"reason": "Multiple people detected in frame"}, "timestamp": "2026-01-10 02:42:28"}
{"type": "MULTIPLE_FACES", "details": {"reason": "Multiple people detected in frame"}, "timestamp": "2026-01-10 02:42:28"}
{"type": "MULTIPLE_FACES", "details": {"reason": "Multiple people detected in frame"}, "timestamp": "2026-01-10 02:42:28"}
{"type": "MULTIPLE_FACES", "details": {"reason": "Multiple people detected in frame"}, "timestamp": "2026-01-10 02:42:28"}
{"type": "MULTIPLE_FACES", "details": {"reason": "Multiple people detected in frame"}, "timestamp": "2026-01-10 02:42:28"}
{"type": "MULTIPLE_FACES", "details": {"reason": "Multiple people detected in frame"}, "timestamp": "2026-01-10 02:42:28"}
{"type": "MULTIPLE_FACES", "details": {"reason": "Multiple people detected in frame"}, "timestamp": "2026-01-10 02:42:28"}
{"type": "MULTIPLE_FACES", "details": {"reason": "Multiple people detected in frame"}, "timestamp": "2026-01-10 02:42:28"}
{"type": "MULTIPLE_FACES", "details": {"reason": "Multiple people detected in frame"}, "timestamp": "2026-01-10 02:42:28"}
{"type": "MULTIPLE_FACES", "details": {"reason": "Multiple people detected in frame"}, "timestamp": "2026-01-10 02:42:28"}
{"type": "MULTIPLE_FACES", "details": {"reason": "Multiple people detected in frame"}, "timestamp": "2026-01-10 02:42:28"}
{"type": "MULTIPLE_FACES", "details": {"reason": "Multiple people detected in frame"}, "timestamp": "2026-01-10 02:42:28"}
{"type": "MULTIPLE_FACES", "details": {"reason": "Multiple people detected in frame"}, "timestamp": "2026-01-10 02:42:28"}
{"type": "MULTIPLE_FACES", "details": {"reason": "Multiple people detected in frame"}, "timestamp": "2026-01-10 02:42:28"}
{"type": "MULTIPLE_FACES", "details": {"reason": "Multiple people detected in frame"}, "timestamp": "2026-01-10 02:42:28"}
{"type": "MULTIPLE_FACES", "details": {"reason": "Multiple people detected in frame"}, "timestamp": "2026-01-10 02:42:28"}
{"type": "MULTIPLE_FACES", "details": {"reason": "Multiple people detected in frame"}, "timestamp": "2026-01-10 02:42:28"}
{"type": "MULTIPLE_FACES", "details": {"reason": "Multiple people detected in frame"}, "timestamp": "2026-01-10 02:42:28"}
{"type": "MULTIPLE_FACES", "details": {"reason": "Multiple people detected in frame"}, "timestamp": "2026-01-10 02:42:28"}
{"type": "MULTIPLE_FACES", "details": {"reason": "Multiple people detected in frame"}, "timestamp": "2026-01-10 02:42:28"}
{"type": "MULTIPLE_FACES", "details": {"reason": "Multiple people detected in frame"}, "timestamp": "2026-01-10 02:42:28"}
{"type": "MULTIPLE_FACES", "details": {"reason": "Multiple people detected in frame"}, "timestamp": "2026-01-10 02:42:28"}
{"type": "MULTIPLE_FACES", "details": {"reason": "Multiple people detected in frame"}, "timestamp": "2026-01-10 02:42:28"}
{"type": "MULTIPLE_FACES", "details": {"reason": "Multiple people detected in frame"}, "timestamp": "2026-01-10 02:42:28"}
{"type": "MULTIPLE_FACES", "details": {"reason": "Multiple people detected in frame"}, "timestamp": "2026-01-10 02:42:29"}
{"type": "MULTIPLE_FACES", "details": {"reason": "Multiple people detected in frame"}, "timestamp": "2026-01-10 02:42:29"}
{"type": "MULTIPLE_FACES", "details": {"reason": "Multiple people detected in frame"}, "timestamp": "2026-01-10 02:42:29"}
{"type": "MULTIPLE_FACES", "details": {"reason": "Multiple people detected in frame"}, "timestamp": "2026-01-10 02:42:29"}
{"type": "MULTIPLE_FACES", "details": {"reason": "Multiple people detected in frame"}, "timestamp": "2026-01-10 02:42:29"}
{"type": "MULTIPLE_FACES", "details": {"reason": "Multiple people detected in frame"}, "timestamp": "2026-01-10 02:42:29"}
{"type": "MULTIPLE_FACES", "details": {"reason": "Multiple people detected in frame"}, "timestamp": "2026-01-10 02:42:29"}
{"type": "MULTIPLE_FACES", "details": {"reason": "Multiple people detected in frame"}, "timestamp": "2026-01-10 02:42:29"}
{"type": "MULTIPLE_FACES", "details": {"reason": "Multiple people detected in frame"}, "timestamp": "2026-01-10 02:42:29"}
{"type": "MULTIPLE_FACES", "details": {"reason": "Multiple people detected in frame"}, "timestamp": "2026-01-10 02:42:29"}
{"type": "MULTIPLE_FACES", "details": {"reason": "Multiple people detected in frame"}, "timestamp": "2026-01-10 02:42:29"}
{"type": "MULTIPLE_FACES", "details": {"reason": "Multiple people detected in frame"}, "timestamp": "2026-01-10 02:42:29"}
{"type": "MULTIPLE_FACES", "details": {"reason": "Multiple people detected in frame"}, "timestamp": "2026-01-10 02:42:29"}
{"type": "MULTIPLE_FACES", "details": {"reason": "Multiple people detected in frame"}, "timestamp": "2026-01-10 02:42:29"}
{"type": "MULTIPLE_FACES", "details": {"reason": "Multiple people detected in frame"}, "timestamp": "2026-01-10 02:42:29"}
{"type": "MULTIPLE_FACES", "details": {"reason": "Multiple people detected in frame"}, "timestamp": "2026-01-10 02:42:29"}
{"type": "MULTIPLE_FACES", "details": {"reason": "Multiple people detected in frame"}, "timestamp": "2026-01-10 02:42:29"}
{"type": "MULTIPLE_FACES", "details": {"reason": "Multiple people detected in frame"}, "timestamp": "2026-01-10 02:42:29"}
{"type": "MULTIPLE_FACES", "details": {"reason": "Multiple people detected in frame"}, "timestamp": "2026-01-10 02:42:29"}
{"type": "MULTIPLE_FACES", "details": {"reason": "Multiple people detected in frame"}, "timestamp": "2026-01-10 02:42:29"}
{"type": "MULTIPLE_FACES", "details": {"reason": "Multiple people detected in frame"}, "timestamp": "2026-01-10 02:42:29"}
{"type": "MULTIPLE_FACES", "details": {"reason": "Multiple people detected in frame"}, "timestamp": "2026-01-10 02:42:29"}
{"type": "MULTIPLE_FACES", "details": {"reason": "Multiple people detected in frame"}, "timestamp": "2026-01-10 02:42:29"}
{"type": "MULTIPLE_FACES", "details": {"reason": "Multiple people detected in frame"}, "timestamp": "2026-01-10 02:42:29"}
{"type": "MULTIPLE_FACES", "details": {"reason": "Multiple people detected in frame"}, "timestamp": "2026-01-10 02:42:29"}
{"type": "MULTIPLE_FACES", "details": {"reason": "Multiple people detected in frame"}, "timestamp": "2026-01-10 02:42:29"}
{"type": "MULTIPLE_FACES", "details": {"reason": "Multiple people detected in frame"}, "timestamp": "2026-01-10 02:42:29"}
{"type": "MULTIPLE_FACES", "details": {"reason": "Multiple people detected in frame"}, "timestamp": "2026-01-10 02:42:29"}
{"type": "MULTIPLE_FACES", "details": {"reason": "Multiple people detected in frame"}, "timestamp": "2026-01-10 02:42:29"}
{"type": "MULTIPLE_FACES", "details": {"reason": "Multiple people detected in frame"}, "timestamp": "2026-01-10 02:42:29"}
{"type": "MULTIPLE_FACES", "details": {"reason": "Multiple people detected in frame"}, "timestamp": "2026-01-10 02:42:30"}
{"type": "MULTIPLE_FACES", "details": {"reason": "Multiple people detected in frame"}, "timestamp": "2026-01-10 02:42:30"}
{"type": "MULTIPLE_FACES", "details": {"reason": "Multiple people detected in frame"}, "timestamp": "2026-01-10 02:42:30"}
{"type": "MULTIPLE_FACES", "details": {"reason": "Multiple people detected in frame"}, "timestamp": "2026-01-10 02:42:30"}
{"type": "MULTIPLE_FACES", "details": {"reason": "Multiple people detected in frame"}, "timestamp": "2026-01-10 02:42:30"}
{"type": "MULTIPLE_FACES", "details": {"reason": "Multiple people detected in frame"}, "timestamp": "2026-01-10 02:42:30"}
{"type": "MULTIPLE_FACES", "details": {"reason": "Multiple people detected in frame"}, "timestamp": "2026-01-10 02:42:30"}
{"type": "MULTIPLE_FACES", "details": {"reason": "Multiple people detected in frame"}, "timestamp": "2026-01-10 02:42:30"}
{"type": "MULTIPLE_FACES", "details": {"reason": "Multiple people detected in frame"}, "timestamp": "2026-01-10 02:42:30"}
{"type": "MULTIPLE_FACES", "details": {"reason": "Multiple people detected in frame"}, "timestamp": "2026-01-10 02:42:30"}
{"type": "MULTIPLE_FACES", "details": {"reason": "Multiple people detected in frame"}, "timestamp": "2026-01-10 02:42:30"}
{"type": "MULTIPLE_FACES", "details": {"reason": "Multiple people detected in frame"}, "timestamp": "2026-01-10 02:42:30"}
{"type": "FACE_NOT_VISIBLE", "details": {"reason": "No face detected"}, "timestamp": "2026-01-10 02:42:35"}
{"type": "FACE_NOT_VISIBLE", "details": {"reason": "No face detected"}, "timestamp": "2026-01-10 02:42:35"}
{"type": "FACE_NOT_VISIBLE", "details": {"reason": "No face detected"}, "timestamp": "2026-01-10 02:42:35"}
{"type": "FACE_NOT_VISIBLE", "details": {"reason": "No face detected"}, "timestamp": "2026-01-10 02:42:35"}
{"type": "FACE_NOT_VISIBLE", "details": {"reason": "No face detected"}, "timestamp": "2026-01-10 02:42:35"}
{"type": "FACE_NOT_VISIBLE", "details": {"reason": "No face detected"}, "timestamp": "2026-01-10 02:42:35"}
{"type": "FACE_NOT_VISIBLE", "details": {"reason": "No face detected"}, "timestamp": "2026-01-10 02:42:35"}
{"type": "FACE_NOT_VISIBLE", "details": {"reason": "No face detected"}, "timestamp": "2026-01-10 02:42:38"}
{"type": "FACE_NOT_VISIBLE", "details": {"reason": "No face detected"}, "timestamp": "2026-01-10 02:42:38"}
{"type": "FACE_NOT_VISIBLE", "details": {"reason": "No face detected"}, "timestamp": "2026-01-10 02:42:38"}
{"type": "FACE_NOT_VISIBLE", "details": {"reason": "No face detected"}, "timestamp": "2026-01-10 02:42:38"}
{"type": "FACE_NOT_VISIBLE", "details": {"reason": "No face detected"}, "timestamp": "2026-01-10 02:42:38"}
{"type": "FACE_NOT_VISIBLE", "details": {"reason": "No face detected"}, "timestamp": "2026-01-10 02:42:38"}
{"type": "FACE_NOT_VISIBLE", "details": {"reason": "No face detected"}, "timestamp": "2026-01-10 02:42:38"}
{"type": "FACE_NOT_VISIBLE", "details": {"reason": "No face detected"}, "timestamp": "2026-01-10 02:42:47"}
{"type": "FACE_NOT_VISIBLE", "details": {"reason": "No face detected"}, "timestamp": "2026-01-10 02:42:47"}
{"type": "FACE_NOT_VISIBLE", "details": {"reason": "No face detected"}, "timestamp": "2026-01-10 02:42:47"}
{"type": "FACE_NOT_VISIBLE", "details": {"reason": "No face detected"}, "timestamp": "2026-01-10 02:42:47"}
{"type": "FACE_NOT_VISIBLE", "details": {"reason": "No face detected"}, "timestamp": "2026-01-10 02:42:47"}
{"type": "WRONG_FACE", "details": {"reason": "Unrecognized face detected (Score: 0.07)"}, "timestamp": "2026-01-10 02:42:47"}
{"type": "WRONG_FACE", "details": {"reason": "Unrecognized face detected (Score: 0.07)"}, "timestamp": "2026-01-10 02:42:47"}
{"type": "WRONG_FACE", "details": {"reason": "Unrecognized face detected (Score: 0.07)"}, "timestamp": "2026-01-10 02:42:47"}
{"type": "WRONG_FACE", "details": {"reason": "Unrecognized face detected (Score: 0.09)"}, "timestamp": "2026-01-10 02:42:48"}
{"type": "WRONG_FACE", "details": {"reason": "Unrecognized face detected (Score: 0.09)"}, "timestamp": "2026-01-10 02:42:48"}
{"type": "WRONG_FACE", "details": {"reason": "Unrecognized face detected (Score: 0.09)"}, "timestamp": "2026-01-10 02:42:48"}
{"type": "WRONG_FACE", "details": {"reason": "Unrecognized face detected (Score: 0.16)"}, "timestamp": "2026-01-10 02:42:48"}
{"type": "WRONG_FACE", "details": {"reason": "Unrecognized face detected (Score: 0.16)"}, "timestamp": "2026-01-10 02:42:48"}
{"type": "WRONG_FACE", "details": {"reason": "Unrecognized face detected (Score: 0.16)"}, "timestamp": "2026-01-10 02:42:48"}
{"type": "FACE_NOT_VISIBLE", "details": {"reason": "No face detected"}, "timestamp": "2026-01-10 02:42:48"}
{"type": "FACE_NOT_VISIBLE", "details": {"reason": "No face detected"}, "timestamp": "2026-01-10 02:42:48"}
{"type": "FACE_NOT_VISIBLE", "details": {"reason": "No face detected"}, "timestamp": "2026-01-10 02:42:48"}
{"type": "FACE_NOT_VISIBLE", "details": {"reason": "No face detected"}, "timestamp": "2026-01-10 02:42:48"}
{"type": "FACE_NOT_VISIBLE", "details": {"reason": "No face detected"}, "timestamp": "2026-01-10 02:42:48"}
{"type": "FACE_NOT_VISIBLE", "details": {"reason": "No face detected"}, "timestamp": "2026-01-10 02:42:54"}
{"type": "FACE_NOT_VISIBLE", "details": {"reason": "No face detected"}, "timestamp": "2026-01-10 02:42:54"}
{"type": "FACE_NOT_VISIBLE", "details": {"reason": "No face detected"}, "timestamp": "2026-01-10 02:42:54"}
{"type": "FACE_NOT_VISIBLE", "details": {"reason": "No face detected"}, "timestamp": "2026-01-10 02:42:56"}
{"type": "FACE_NOT_VISIBLE", "details": {"reason": "No face detected"}, "timestamp": "2026-01-10 02:42:56"}
{"type": "FACE_NOT_VISIBLE", "details": {"reason": "No face detected"}, "timestamp": "2026-01-10 02:42:56"}
{"type": "FACE_NOT_VISIBLE", "details": {"reason": "No face detected"}, "timestamp": "2026-01-10 02:42:57"}
{"type": "FACE_NOT_VISIBLE", "details": {"reason": "No face detected"}, "timestamp": "2026-01-10 02:42:57"}
{"type": "FACE_NOT_VISIBLE", "details": {"reason": "No face detected"}, "timestamp": "2026-01-10 02:42:57"}
{"type": "FACE_NOT_VISIBLE", "details": {"reason": "No face detected"}, "timestamp": "2026-01-10 02:42:57"}
{"type": "FACE_NOT_VISIBLE", "details": {"reason": "No face detected"}, "timestamp": "2026-01-10 02:42:57"}
{"type": "FACE_NOT_VISIBLE", "details": {"reason": "No face detected"}, "timestamp": "2026-01-10 02:42:57"}
{"type": "FACE_NOT_VISIBLE", "details": {"reason": "No face detected"}, "timestamp": "2026-01-10 02:42:57"}
{"type": "FACE_NOT_VISIBLE", "details": {"reason": "No face detected"}, "timestamp": "2026-01-10 02:42:57"}
{"type": "FACE_NOT_VISIBLE", "details": {"reason": "No face detected"}, "timestamp": "2026-01-10 02:42:57"}
{"type": "FACE_NOT_VISIBLE", "details": {"reason": "No face detected"}, "timestamp": "2026-01-10 02:42:58"}
{"type": "FACE_NOT_VISIBLE", "details": {"reason": "No face detected"}, "timestamp": "2026-01-10 02:42:58"}
{"type": "FACE_NOT_VISIBLE", "details": {"reason": "No face detected"}, "timestamp": "2026-01-10 02:42:58"}
{"type": "FACE_NOT_VISIBLE", "details": {"reason": "No face detected"}, "timestamp": "2026-01-10 02:42:58"}
{"type": "FACE_NOT_VISIBLE", "details": {"reason": "No face detected"}, "timestamp": "2026-01-10 02:42:58"}
{"type": "FACE_NOT_VISIBLE", "details": {"reason": "No face detected"}, "timestamp": "2026-01-10 02:42:58"}
{"type": "FACE_NOT_VISIBLE", "details": {"reason": "No face detected"}, "timestamp": "2026-01-10 02:42:58"}
{"type": "FACE_NOT_VISIBLE", "details": {"reason": "No face detected"}, "timestamp": "2026-01-10 02:42:58"}
{"type": "FACE_NOT_VISIBLE", "details": {"reason": "No face detected"}, "timestamp": "2026-01-10 02:42:58"}
{"type": "FACE_NOT_VISIBLE", "details": {"reason": "No face detected"}, "timestamp": "2026-01-10 02:42:59"}
{"type": "FACE_NOT_VISIBLE", "details": {"reason": "No face detected"}, "timestamp": "2026-01-10 02:42:59"}
{"type": "FACE_NOT_VISIBLE", "details": {"reason": "No face detected"}, "timestamp": "2026-01-10 02:42:59"}
{"type": "FACE_NOT_VISIBLE", "details": {"reason": "No face detected"}, "timestamp": "2026-01-10 02:42:59"}
{"type": "FACE_NOT_VISIBLE", "details": {"reason": "No face detected"}, "timestamp": "2026-01-10 02:42:59"}
{"type": "FACE_NOT_VISIBLE", "details": {"reason": "No face detected"}, "timestamp": "2026-01-10 02:42:59"}
{"type": "FACE_NOT_VISIBLE", "details": {"reason": "No face detected"}, "timestamp": "2026-01-10 02:42:59"}
{"type": "FACE_NOT_VISIBLE", "details": {"reason": "No face detected"}, "timestamp": "2026-01-10 02:43:01"}
{"type": "FACE_NOT_VISIBLE", "details": {"reason": "No face detected"}, "timestamp": "2026-01-10 02:43:01"}
{"type": "FACE_NOT_VISIBLE", "details": {"reason": "No face detected"}, "timestamp": "2026-01-10 02:43:01"}
{"type": "FACE_NOT_VISIBLE", "details": {"reason": "No face detected"}, "timestamp": "2026-01-10 02:43:01"}
{"type": "FACE_NOT_VISIBLE", "details": {"reason": "No face detected"}, "timestamp": "2026-01-10 02:43:01"}
{"type": "FACE_NOT_VISIBLE", "details": {"reason": "No face detected"}, "timestamp": "2026-01-10 02:43:01"}
{"type": "FACE_NOT_VISIBLE", "details": {"reason": "No face detected"}, "timestamp": "2026-01-10 02:43:01"}
{"type": "FACE_NOT_VISIBLE", "details": {"reason": "No face detected"}, "timestamp": "2026-01-10 02:43:01"}
{"type": "FACE_NOT_VISIBLE", "details": {"reason": "No face detected"}, "timestamp": "2026-01-10 02:43:01"}
{"type": "FACE_NOT_VISIBLE", "details": {"reason": "No face detected"}, "timestamp": "2026-01-10 02:43:01"}
{"type": "FACE_NOT_VISIBLE", "details": {"reason": "No face detected"}, "timestamp": "2026-01-10 02:43:01"}
{"type": "FACE_NOT_VISIBLE", "details": {"reason": "No face detected"}, "timestamp": "2026-01-10 02:43:02"}
{"type": "FACE_NOT_VISIBLE", "details": {"reason": "No face detected"}, "timestamp": "2026-01-10 02:43:02"}
{"type": "FACE_NOT_VISIBLE", "details": {"reason": "No face detected"}, "timestamp": "2026-01-10 02:43:02"}
{"type": "FACE_NOT_VISIBLE", "details": {"reason": "No face detected"}, "timestamp": "2026-01-10 02:43:02"}
{"type": "FACE_NOT_VISIBLE", "details": {"reason": "No face detected"}, "timestamp": "2026-01-10 02:43:02"}
{"type": "WRONG_FACE", "details": {"reason": "Unrecognized face detected (Score: -0.03)"}, "timestamp": "2026-01-10 02:43:02"}
{"type": "WRONG_FACE", "details": {"reason": "Unrecognized face detected (Score: -0.03)"}, "timestamp": "2026-01-10 02:43:02"}
{"type": "WRONG_FACE", "details": {"reason": "Unrecognized face detected (Score: 0.02)"}, "timestamp": "2026-01-10 02:43:02"}
{"type": "WRONG_FACE", "details": {"reason": "Unrecognized face detected (Score: 0.02)"}, "timestamp": "2026-01-10 02:43:02"}
{"type": "WRONG_FACE", "details": {"reason": "Unrecognized face detected (Score: 0.02)"}, "timestamp": "2026-01-10 02:43:02"}
{"type": "WRONG_FACE", "details": {"reason": "Unrecognized face detected (Score: 0.02)"}, "timestamp": "2026-01-10 02:43:02"}
{"type": "WRONG_FACE", "details": {"reason": "Unrecognized face detected (Score: 0.37)"}, "timestamp": "2026-01-10 02:43:02"}
{"type": "WRONG_FACE", "details": {"reason": "Unrecognized face detected (Score: 0.37)"}, "timestamp": "2026-01-10 02:43:02"}
{"type": "WRONG_FACE", "details": {"reason": "Unrecognized face detected (Score: 0.37)"}, "timestamp": "2026-01-10 02:43:02"}
{"type": "WRONG_FACE", "details": {"reason": "Unrecognized face detected (Score: 0.34)"}, "timestamp": "2026-01-10 02:43:02"}
{"type": "WRONG_FACE", "details": {"reason": "Unrecognized face detected (Score: 0.34)"}, "timestamp": "2026-01-10 02:43:02"}
{"type": "WRONG_FACE", "details": {"reason": "Unrecognized face detected (Score: 0.34)"}, "timestamp": "2026-01-10 02:43:02"}
{"type": "WRONG_FACE", "details": {"reason": "Unrecognized face detected (Score: 0.42)"}, "timestamp": "2026-01-10 02:43:02"}
{"type": "WRONG_FACE", "details": {"reason": "Unrecognized face detected (Score: 0.42)"}, "timestamp": "2026-01-10 02:43:02"}
{"type": "WRONG_FACE", "details": {"reason": "Unrecognized face detected (Score: 0.39)"}, "timestamp": "2026-01-10 02:43:02"}
{"type": "WRONG_FACE", "details": {"reason": "Unrecognized face detected (Score: 0.39)"}, "timestamp": "2026-01-10 02:43:02"}
{"type": "WRONG_FACE", "details": {"reason": "Unrecognized face detected (Score: 0.39)"}, "timestamp": "2026-01-10 02:43:02"}
{"type": "WRONG_FACE", "details": {"reason": "Unrecognized face detected (Score: 0.39)"}, "timestamp": "2026-01-10 02:43:02"}
{"type": "FACE_NOT_VISIBLE", "details": {"reason": "No face detected"}, "timestamp": "2026-01-10 02:43:02"}
{"type": "FACE_NOT_VISIBLE", "details": {"reason": "No face detected"}, "timestamp": "2026-01-10 02:43:03"}
{"type": "FACE_NOT_VISIBLE", "details": {"reason": "No face detected"}, "timestamp": "2026-01-10 02:43:03"}
{"type": "FACE_NOT_VISIBLE", "details": {"reason": "No face detected"}, "timestamp": "2026-01-10 02:43:03"}
{"type": "FACE_NOT_VISIBLE", "details": {"reason": "No face detected"}, "timestamp": "2026-01-10 02:43:03"}
{"type": "FACE_NOT_VISIBLE", "details": {"reason": "No face detected"}, "timestamp": "2026-01-10 02:43:03"}
{"type": "FACE_NOT_VISIBLE", "details": {"reason": "No face detected"}, "timestamp": "2026-01-10 02:43:03"}
{"type": "WRONG_FACE", "details": {"reason": "Unrecognized face detected (Score: 0.44)"}, "timestamp": "2026-01-10 02:43:04"}
{"type": "WRONG_FACE", "details": {"reason": "Unrecognized face detected (Score: 0.44)"}, "timestamp": "2026-01-10 02:43:04"}
{"type": "WRONG_FACE", "details": {"reason": "Unrecognized face detected (Score: 0.44)"}, "timestamp": "2026-01-10 02:43:04"}
{"type": "MULTIPLE_FACES", "details": {"reason": "Multiple people detected in frame"}, "timestamp": "2026-01-10 02:43:07"}
{"type": "MULTIPLE_FACES", "details": {"reason": "Multiple people detected in frame"}, "timestamp": "2026-01-10 02:43:07"}
{"type": "MULTIPLE_FACES", "details": {"reason": "Multiple people detected in frame"}, "timestamp": "2026-01-10 02:43:07"}
{"type": "FACE_NOT_VISIBLE", "details": {"reason": "No face detected"}, "timestamp": "2026-01-10 02:43:10"}
{"type": "FACE_NOT_VISIBLE", "details": {"reason": "No face detected"}, "timestamp": "2026-01-10 02:43:10"}
{"type": "FACE_NOT_VISIBLE", "details": {"reason": "No face detected"}, "timestamp": "2026-01-10 02:43:10"}
{"type": "FACE_NOT_VISIBLE", "details": {"reason": "No face detected"}, "timestamp": "2026-01-10 02:43:10"}
{"type": "FACE_NOT_VISIBLE", "details": {"reason": "No face detected"}, "timestamp": "2026-01-10 02:43:10"}
{"type": "FACE_NOT_VISIBLE", "details": {"reason": "No face detected"}, "timestamp": "2026-01-10 02:43:10"}
{"type": "FACE_NOT_VISIBLE", "details": {"reason": "No face detected"}, "timestamp": "2026-01-10 02:43:10"}
{"type": "FACE_NOT_VISIBLE", "details": {"reason": "No face detected"}, "timestamp": "2026-01-10 02:43:10"}
{"type": "WRONG_FACE", "details": {"reason": "Unrecognized face detected (Score: 0.11)"}, "timestamp": "2026-01-10 02:43:11"}
{"type": "WRONG_FACE", "details": {"reason": "Unrecognized face detected (Score: 0.11)"}, "timestamp": "2026-01-10 02:43:11"}
{"type": "WRONG_FACE", "details": {"reason": "Unrecognized face detected (Score: 0.11)"}, "timestamp": "2026-01-10 02:43:11"}
{"type": "WRONG_FACE", "details": {"reason": "Unrecognized face detected (Score: 0.26)"}, "timestamp": "2026-01-10 02:43:11"}
{"type": "WRONG_FACE", "details": {"reason": "Unrecognized face detected (Score: 0.26)"}, "timestamp": "2026-01-10 02:43:11"}
{"type": "WRONG_FACE", "details": {"reason": "Unrecognized face detected (Score: 0.26)"}, "timestamp": "2026-01-10 02:43:11"}
{"type": "FACE_NOT_VISIBLE", "details": {"reason": "No face detected"}, "timestamp": "2026-01-10 02:43:11"}
{"type": "FACE_NOT_VISIBLE", "details": {"reason": "No face detected"}, "timestamp": "2026-01-10 02:43:11"}
{"type": "FACE_NOT_VISIBLE", "details": {"reason": "No face detected"}, "timestamp": "2026-01-10 02:43:11"}
{"type": "WRONG_FACE", "details": {"reason": "Unrecognized face detected (Score: 0.29)"}, "timestamp": "2026-01-10 02:43:11"}
{"type": "WRONG_FACE", "details": {"reason": "Unrecognized face detected (Score: 0.29)"}, "timestamp": "2026-01-10 02:43:11"}
{"type": "WRONG_FACE", "details": {"reason": "Unrecognized face detected (Score: 0.29)"}, "timestamp": "2026-01-10 02:43:11"}
{"type": "WRONG_FACE", "details": {"reason": "Unrecognized face detected (Score: 0.31)"}, "timestamp": "2026-01-10 02:43:11"}
{"type": "WRONG_FACE", "details": {"reason": "Unrecognized face detected (Score: 0.37)"}, "timestamp": "2026-01-10 02:43:11"}
{"type": "WRONG_FACE", "details": {"reason": "Unrecognized face detected (Score: 0.31)"}, "timestamp": "2026-01-10 02:43:11"}
{"type": "WRONG_FACE", "details": {"reason": "Unrecognized face detected (Score: 0.31)"}, "timestamp": "2026-01-10 02:43:11"}
{"type": "WRONG_FACE", "details": {"reason": "Unrecognized face detected (Score: 0.37)"}, "timestamp": "2026-01-10 02:43:11"}
{"type": "WRONG_FACE", "details": {"reason": "Unrecognized face detected (Score: 0.37)"}, "timestamp": "2026-01-10 02:43:11"}
{"type": "WRONG_FACE", "details": {"reason": "Unrecognized face detected (Score: 0.31)"}, "timestamp": "2026-01-10 02:43:11"}
{"type": "WRONG_FACE", "details": {"reason": "Unrecognized face detected (Score: 0.31)"}, "timestamp": "2026-01-10 02:43:11"}
{"type": "WRONG_FACE", "details": {"reason": "Unrecognized face detected (Score: 0.31)"}, "timestamp": "2026-01-10 02:43:11"}
{"type": "WRONG_FACE", "details": {"reason": "Unrecognized face detected (Score: 0.26)"}, "timestamp": "2026-01-10 02:43:12"}
{"type": "WRONG_FACE", "details": {"reason": "Unrecognized face detected (Score: 0.26)"}, "timestamp": "2026-01-10 02:43:12"}
{"type": "WRONG_FACE", "details": {"reason": "Unrecognized face detected (Score: 0.26)"}, "timestamp": "2026-01-10 02:43:12"}
{"type": "WRONG_FACE", "details": {"reason": "Unrecognized face detected (Score: 0.24)"}, "timestamp": "2026-01-10 02:43:12"}
{"type": "WRONG_FACE", "details": {"reason": "Unrecognized face detected (Score: 0.24)"}, "timestamp": "2026-01-10 02:43:12"}
{"type": "WRONG_FACE", "details": {"reason": "Unrecognized face detected (Score: 0.24)"}, "timestamp": "2026-01-10 02:43:12"}
{"type": "WRONG_FACE", "details": {"reason": "Unrecognized face detected (Score: 0.20)"}, "timestamp": "2026-01-10 02:43:12"}
{"type": "WRONG_FACE", "details": {"reason": "Unrecognized face detected (Score: 0.20)"}, "timestamp": "2026-01-10 02:43:12"}
{"type": "WRONG_FACE", "details": {"reason": "Unrecognized face detected (Score: 0.20)"}, "timestamp": "2026-01-10 02:43:12"}
{"type": "WRONG_FACE", "details": {"reason": "Unrecognized face detected (Score: 0.29)"}, "timestamp": "2026-01-10 02:43:12"}
{"type": "WRONG_FACE", "details": {"reason": "Unrecognized face detected (Score: 0.29)"}, "timestamp": "2026-01-10 02:43:12"}
{"type": "WRONG_FACE", "details": {"reason": "Unrecognized face detected (Score: 0.29)"}, "timestamp": "2026-01-10 02:43:12"}
{"type": "MULTIPLE_FACES", "details": {"reason": "Multiple people detected in frame"}, "timestamp": "2026-01-10 02:43:12"}
{"type": "MULTIPLE_FACES", "details": {"reason": "Multiple people detected in frame"}, "timestamp": "2026-01-10 02:43:12"}
{"type": "MULTIPLE_FACES", "details": {"reason": "Multiple people detected in frame"}, "timestamp": "2026-01-10 02:43:12"}
{"type": "WRONG_FACE", "details": {"reason": "Unrecognized face detected (Score: 0.15)"}, "timestamp": "2026-01-10 02:43:12"}
{"type": "WRONG_FACE", "details": {"reason": "Unrecognized face detected (Score: 0.15)"}, "timestamp": "2026-01-10 02:43:12"}
{"type": "WRONG_FACE", "details": {"reason": "Unrecognized face detected (Score: 0.15)"}, "timestamp": "2026-01-10 02:43:12"}
{"type": "WRONG_FACE", "details": {"reason": "Unrecognized face detected (Score: 0.22)"}, "timestamp": "2026-01-10 02:43:12"}
{"type": "WRONG_FACE", "details": {"reason": "Unrecognized face detected (Score: 0.22)"}, "timestamp": "2026-01-10 02:43:12"}
{"type": "WRONG_FACE", "details": {"reason": "Unrecognized face detected (Score: 0.22)"}, "timestamp": "2026-01-10 02:43:12"}
{"type": "WRONG_FACE", "details": {"reason": "Unrecognized face detected (Score: 0.48)"}, "timestamp": "2026-01-10 02:43:13"}
{"type": "WRONG_FACE", "details": {"reason": "Unrecognized face detected (Score: 0.48)"}, "timestamp": "2026-01-10 02:43:13"}
{"type": "WRONG_FACE", "details": {"reason": "Unrecognized face detected (Score: 0.48)"}, "timestamp": "2026-01-10 02:43:13"}
{"type": "WRONG_FACE", "details": {"reason": "Unrecognized face detected (Score: 0.48)"}, "timestamp": "2026-01-10 02:43:13"}
{"type": "WRONG_FACE", "details": {"reason": "Unrecognized face detected (Score: 0.38)"}, "timestamp": "2026-01-10 02:43:13"}
{"type": "WRONG_FACE", "details": {"reason": "Unrecognized face detected (Score: 0.38)"}, "timestamp": "2026-01-10 02:43:13"}
{"type": "WRONG_FACE", "details": {"reason": "Unrecognized face detected (Score: 0.36)"}, "timestamp": "2026-01-10 02:43:13"}
{"type": "WRONG_FACE", "details": {"reason": "Unrecognized face detected (Score: 0.36)"}, "timestamp": "2026-01-10 02:43:13"}
{"type": "WRONG_FACE", "details": {"reason": "Unrecognized face detected (Score: 0.36)"}, "timestamp": "2026-01-10 02:43:13"}
{"type": "WRONG_FACE", "details": {"reason": "Unrecognized face detected (Score: 0.35)"}, "timestamp": "2026-01-10 02:43:13"}
{"type": "WRONG_FACE", "details": {"reason": "Unrecognized face detected (Score: 0.35)"}, "timestamp": "2026-01-10 02:43:13"}
{"type": "WRONG_FACE", "details": {"reason": "Unrecognized face detected (Score: 0.35)"}, "timestamp": "2026-01-10 02:43:13"}
{"type": "WRONG_FACE", "details": {"reason": "Unrecognized face detected (Score: 0.27)"}, "timestamp": "2026-01-10 02:43:13"}
{"type": "WRONG_FACE", "details": {"reason": "Unrecognized face detected (Score: 0.27)"}, "timestamp": "2026-01-10 02:43:13"}
{"type": "WRONG_FACE", "details": {"reason": "Unrecognized face detected (Score: 0.27)"}, "timestamp": "2026-01-10 02:43:13"}
{"type": "WRONG_FACE", "details": {"reason": "Unrecognized face detected (Score: 0.27)"}, "timestamp": "2026-01-10 02:43:13"}
{"type": "WRONG_FACE", "details": {"reason": "Unrecognized face detected (Score: 0.23)"}, "timestamp": "2026-01-10 02:43:13"}
{"type": "WRONG_FACE", "details": {"reason": "Unrecognized face detected (Score: 0.23)"}, "timestamp": "2026-01-10 02:43:13"}
{"type": "WRONG_FACE", "details": {"reason": "Unrecognized face detected (Score: 0.15)"}, "timestamp": "2026-01-10 02:43:13"}
{"type": "WRONG_FACE", "details": {"reason": "Unrecognized face detected (Score: 0.15)"}, "timestamp": "2026-01-10 02:43:13"}
{"type": "WRONG_FACE", "details": {"reason": "Unrecognized face detected (Score: 0.15)"}, "timestamp": "2026-01-10 02:43:13"}
{"type": "WRONG_FACE", "details": {"reason": "Unrecognized face detected (Score: 0.13)"}, "timestamp": "2026-01-10 02:43:13"}
{"type": "WRONG_FACE", "details": {"reason": "Unrecognized face detected (Score: 0.13)"}, "timestamp": "2026-01-10 02:43:13"}
{"type": "WRONG_FACE", "details": {"reason": "Unrecognized face detected (Score: 0.13)"}, "timestamp": "2026-01-10 02:43:13"}
{"type": "MULTIPLE_FACES", "details": {"reason": "Multiple people detected in frame"}, "timestamp": "2026-01-10 02:43:13"}
{"type": "MULTIPLE_FACES", "details": {"reason": "Multiple people detected in frame"}, "timestamp": "2026-01-10 02:43:13"}
{"type": "MULTIPLE_FACES", "details": {"reason": "Multiple people detected in frame"}, "timestamp": "2026-01-10 02:43:13"}
{"type": "MULTIPLE_FACES", "details": {"reason": "Multiple people detected in frame"}, "timestamp": "2026-01-10 02:43:13"}
{"type": "MULTIPLE_FACES", "details": {"reason": "Multiple people detected in frame"}, "timestamp": "2026-01-10 02:43:13"}
{"type": "MULTIPLE_FACES", "details": {"reason": "Multiple people detected in frame"}, "timestamp": "2026-01-10 02:43:13"}
{"type": "MULTIPLE_FACES", "details": {"reason": "Multiple people detected in frame"}, "timestamp": "2026-01-10 02:43:14"}
{"type": "MULTIPLE_FACES", "details": {"reason": "Multiple people detected in frame"}, "timestamp": "2026-01-10 02:43:14"}
{"type": "MULTIPLE_FACES", "details": {"reason": "Multiple people detected in frame"}, "timestamp": "2026-01-10 02:43:14"}
{"type": "MULTIPLE_FACES", "details": {"reason": "Multiple people detected in frame"}, "timestamp": "2026-01-10 02:43:14"}
{"type": "MULTIPLE_FACES", "details": {"reason": "Multiple people detected in frame"}, "timestamp": "2026-01-10 02:43:14"}
{"type": "MULTIPLE_FACES", "details": {"reason": "Multiple people detected in frame"}, "timestamp": "2026-01-10 02:43:14"}
{"type": "FACE_NOT_VISIBLE", "details": {"reason": "No face detected"}, "timestamp": "2026-01-10 02:43:14"}
{"type": "FACE_NOT_VISIBLE", "details": {"reason": "No face detected"}, "timestamp": "2026-01-10 02:43:14"}
{"type": "MULTIPLE_FACES", "details": {"reason": "Multiple people detected in frame"}, "timestamp": "2026-01-10 02:43:14"}
{"type": "MULTIPLE_FACES", "details": {"reason": "Multiple people detected in frame"}, "timestamp": "2026-01-10 02:43:14"}
{"type": "MULTIPLE_FACES", "details": {"reason": "Multiple people detected in frame"}, "timestamp": "2026-01-10 02:43:14"}
{"type": "WRONG_FACE", "details": {"reason": "Unrecognized face detected (Score: 0.13)"}, "timestamp": "2026-01-10 02:43:16"}
{"type": "MULTIPLE_FACES", "details": {"reason": "Multiple people detected in frame"}, "timestamp": "2026-01-10 02:43:16"}
{"type": "MULTIPLE_FACES", "details": {"reason": "Multiple people detected in frame"}, "timestamp": "2026-01-10 02:43:16"}
{"type": "MULTIPLE_FACES", "details": {"reason": "Multiple people detected in frame"}, "timestamp": "2026-01-10 02:43:16"}
{"type": "MULTIPLE_FACES", "details": {"reason": "Multiple people detected in frame"}, "timestamp": "2026-01-10 02:43:16"}
{"type": "MULTIPLE_FACES", "details": {"reason": "Multiple people detected in frame"}, "timestamp": "2026-01-10 02:43:16"}
{"type": "MULTIPLE_FACES", "details": {"reason": "Multiple people detected in frame"}, "timestamp": "2026-01-10 02:43:16"}
{"type": "MULTIPLE_FACES", "details": {"reason": "Multiple people detected in frame"}, "timestamp": "2026-01-10 02:43:17"}
{"type": "MULTIPLE_FACES", "details": {"reason": "Multiple people detected in frame"}, "timestamp": "2026-01-10 02:43:17"}
{"type": "MULTIPLE_FACES", "details": {"reason": "Multiple people detected in frame"}, "timestamp": "2026-01-10 02:43:17"}
{"type": "MULTIPLE_FACES", "details": {"reason": "Multiple people detected in frame"}, "timestamp": "2026-01-10 02:43:17"}
{"type": "MULTIPLE_FACES", "details": {"reason": "Multiple people detected in frame"}, "timestamp": "2026-01-10 02:43:17"}
{"type": "MULTIPLE_FACES", "details": {"reason": "Multiple people detected in frame"}, "timestamp": "2026-01-10 02:43:17"}
{"type": "MULTIPLE_FACES", "details": {"reason": "Multiple people detected in frame"}, "timestamp": "2026-01-10 02:43:17"}
{"type": "MULTIPLE_FACES", "details": {"reason": "Multiple people detected in frame"}, "timestamp": "2026-01-10 02:43:17"}
{"type": "MULTIPLE_FACES", "details": {"reason": "Multiple people detected in frame"}, "timestamp": "2026-01-10 02:43:17"}
{"type": "MULTIPLE_FACES", "details": {"reason": "Multiple people detected in frame"}, "timestamp": "2026-01-10 02:43:17"}
{"type": "MULTIPLE_FACES", "details": {"reason": "Multiple people detected in frame"}, "timestamp": "2026-01-10 02:43:17"}
{"type": "MULTIPLE_FACES", "details": {"reason": "Multiple people detected in frame"}, "timestamp": "2026-01-10 02:43:17"}
{"type": "MULTIPLE_FACES", "details": {"reason": "Multiple people detected in frame"}, "timestamp": "2026-01-10 02:43:17"}
{"type": "MULTIPLE_FACES", "details": {"reason": "Multiple people detected in frame"}, "timestamp": "2026-01-10 02:43:18"}
{"type": "MULTIPLE_FACES", "details": {"reason": "Multiple people detected in frame"}, "timestamp": "2026-01-10 02:43:18"}
{"type": "MULTIPLE_FACES", "details": {"reason": "Multiple people detected in frame"}, "timestamp": "2026-01-10 02:43:18"}
{"type": "MULTIPLE_FACES", "details": {"reason": "Multiple people detected in frame"}, "timestamp": "2026-01-10 02:43:18"}
{"type": "MULTIPLE_FACES", "details": {"reason": "Multiple people detected in frame"}, "timestamp": "2026-01-10 02:43:18"}
{"type": "MULTIPLE_FACES", "details": {"reason": "Multiple people detected in frame"}, "timestamp": "2026-01-10 02:43:18"}
{"type": "MULTIPLE_FACES", "details": {"reason": "Multiple people detected in frame"}, "timestamp": "2026-01-10 02:43:18"}
{"type": "MULTIPLE_FACES", "details": {"reason": "Multiple people detected in frame"}, "timestamp": "2026-01-10 02:43:18"}
{"type": "MULTIPLE_FACES", "details": {"reason": "Multiple people detected in frame"}, "timestamp": "2026-01-10 02:43:18"}
{"type": "MULTIPLE_FACES", "details": {"reason": "Multiple people detected in frame"}, "timestamp": "2026-01-10 02:43:18"}
{"type": "MULTIPLE_FACES", "details": {"reason": "Multiple people detected in frame"}, "timestamp": "2026-01-10 02:43:18"}
{"type": "MULTIPLE_FACES", "details": {"reason": "Multiple people detected in frame"}, "timestamp": "2026-01-10 02:43:18"}
{"type": "MULTIPLE_FACES", "details": {"reason": "Multiple people detected in frame"}, "timestamp": "2026-01-10 02:43:18"}
{"type": "MULTIPLE_FACES", "details": {"reason": "Multiple people detected in frame"}, "timestamp": "2026-01-10 02:43:18"}
{"type": "MULTIPLE_FACES", "details": {"reason": "Multiple people detected in frame"}, "timestamp": "2026-01-10 02:43:19"}
{"type": "MULTIPLE_FACES", "details": {"reason": "Multiple people detected in frame"}, "timestamp": "2026-01-10 02:43:19"}
{"type": "MULTIPLE_FACES", "details": {"reason": "Multiple people detected in frame"}, "timestamp": "2026-01-10 02:43:19"}
{"type": "MULTIPLE_FACES", "details": {"reason": "Multiple people detected in frame"}, "timestamp": "2026-01-10 02:43:21"}
{"type": "MULTIPLE_FACES", "details": {"reason": "Multiple people detected in frame"}, "timestamp": "2026-01-10 02:43:22"}
{"type": "MULTIPLE_FACES", "details": {"reason": "Multiple people detected in frame"}, "timestamp": "2026-01-10 02:43:22"}
{"type": "MULTIPLE_FACES", "details": {"reason": "Multiple people detected in frame"}, "timestamp": "2026-01-10 02:43:22"}
{"type": "MULTIPLE_FACES", "details": {"reason": "Multiple people detected in frame"}, "timestamp": "2026-01-10 02:43:22"}
{"type": "MULTIPLE_FACES", "details": {"reason": "Multiple people detected in frame"}, "timestamp": "2026-01-10 02:43:22"}
{"type": "FACE_NOT_VISIBLE", "details": {"reason": "No face detected"}, "timestamp": "2026-01-10 02:47:23"}
{"type": "FACE_NOT_VISIBLE", "details": {"reason": "No face detected"}, "timestamp": "2026-01-10 02:47:23"}
{"type": "FACE_NOT_VISIBLE", "details": {"reason": "No face detected"}, "timestamp": "2026-01-10 02:47:23"}
{"type": "FACE_NOT_VISIBLE", "details": {"reason": "No face detected"}, "timestamp": "2026-01-10 02:47:23"}
{"type": "FACE_NOT_VISIBLE", "details": {"reason": "No face detected"}, "timestamp": "2026-01-10 02:47:23"}
{"type": "FACE_NOT_VISIBLE", "details": {"reason": "No face detected"}, "timestamp": "2026-01-10 02:47:23"}
{"type": "FACE_NOT_VISIBLE", "details": {"reason": "No face detected"}, "timestamp": "2026-01-10 02:47:23"}
{"type": "FACE_NOT_VISIBLE", "details": {"reason": "No face detected"}, "timestamp": "2026-01-10 02:47:23"}
{"type": "FACE_NOT_VISIBLE", "details": {"reason": "No face detected"}, "timestamp": "2026-01-10 02:47:24"}
{"type": "FACE_NOT_VISIBLE", "details": {"reason": "No face detected"}, "timestamp": "2026-01-10 02:47:24"}
{"type": "FACE_NOT_VISIBLE", "details": {"reason": "No face detected"}, "timestamp": "2026-01-10 02:47:24"}
{"type": "FACE_NOT_VISIBLE", "details": {"reason": "No face detected"}, "timestamp": "2026-01-10 02:47:24"}
{"type": "FACE_NOT_VISIBLE", "details": {"reason": "No face detected"}, "timestamp": "2026-01-10 02:47:24"}
{"type": "FACE_NOT_VISIBLE", "details": {"reason": "No face detected"}, "timestamp": "2026-01-10 02:47:24"}
{"type": "FACE_NOT_VISIBLE", "details": {"reason": "No face detected"}, "timestamp": "2026-01-10 02:47:24"}
{"type": "FACE_NOT_VISIBLE", "details": {"reason": "No face detected"}, "timestamp": "2026-01-10 02:47:25"}
{"type": "FACE_NOT_VISIBLE", "details": {"reason": "No face detected"}, "timestamp": "2026-01-10 02:47:25"}
{"type": "FACE_NOT_VISIBLE", "details": {"reason": "No face detected"}, "timestamp": "2026-01-10 02:47:25"}
{"type": "FACE_NOT_VISIBLE", "details": {"reason": "No face detected"}, "timestamp": "2026-01-10 02:47:25"}
{"type": "FACE_NOT_VISIBLE", "details": {"reason": "No face detected"}, "timestamp": "2026-01-10 02:47:25"}
{"type": "FACE_NOT_VISIBLE", "details": {"reason": "No face detected"}, "timestamp": "2026-01-10 02:47:25"}
{"type": "FACE_NOT_VISIBLE", "details": {"reason": "No face detected"}, "timestamp": "2026-01-10 02:47:25"}
{"type": "FACE_NOT_VISIBLE", "details": {"reason": "No face detected"}, "timestamp": "2026-01-10 02:47:25"}
{"type": "FACE_NOT_VISIBLE", "details": {"reason": "No face detected"}, "timestamp": "2026-01-10 02:47:25"}
{"type": "FACE_NOT_VISIBLE", "details": {"reason": "No face detected"}, "timestamp": "2026-01-10 02:47:25"}
{"type": "FACE_NOT_VISIBLE", "details": {"reason": "No face detected"}, "timestamp": "2026-01-10 02:47:26"}
{"type": "FACE_NOT_VISIBLE", "details": {"reason": "No face detected"}, "timestamp": "2026-01-10 02:47:26"}
{"type": "FACE_NOT_VISIBLE", "details": {"reason": "No face detected"}, "timestamp": "2026-01-10 02:47:26"}
{"type": "FACE_NOT_VISIBLE", "details": {"reason": "No face detected"}, "timestamp": "2026-01-10 02:47:26"}
{"type": "FACE_NOT_VISIBLE", "details": {"reason": "No face detected"}, "timestamp": "2026-01-10 02:47:26"}
{"type": "FACE_NOT_VISIBLE", "details": {"reason": "No face detected"}, "timestamp": "2026-01-10 02:47:26"}
{"type": "FACE_NOT_VISIBLE", "details": {"reason": "No face detected"}, "timestamp": "2026-01-10 02:47:26"}
{"type": "MULTIPLE_FACES", "details": {"reason": "Multiple people detected in frame"}, "timestamp": "2026-01-10 02:47:32"}
{"type": "MULTIPLE_FACES", "details": {"reason": "Multiple people detected in frame"}, "timestamp": "2026-01-10 02:47:32"}
{"type": "MULTIPLE_FACES", "details": {"reason": "Multiple people detected in frame"}, "timestamp": "2026-01-10 02:47:32"}
{"type": "MULTIPLE_FACES", "details": {"reason": "Multiple people detected in frame"}, "timestamp": "2026-01-10 02:47:32"}
{"type": "MULTIPLE_FACES", "details": {"reason": "Multiple people detected in frame"}, "timestamp": "2026-01-10 02:47:32"}
{"type": "MULTIPLE_FACES", "details": {"reason": "Multiple people detected in frame"}, "timestamp": "2026-01-10 02:47:32"}
{"type": "MULTIPLE_FACES", "details": {"reason": "Multiple people detected in frame"}, "timestamp": "2026-01-10 02:47:32"}
{"type": "MULTIPLE_FACES", "details": {"reason": "Multiple people detected in frame"}, "timestamp": "2026-01-10 02:47:32"}
{"type": "MULTIPLE_FACES", "details": {"reason": "Multiple people detected in frame"}, "timestamp": "2026-01-10 02:47:32"}
{"type": "MULTIPLE_FACES", "details": {"reason": "Multiple people detected in frame"}, "timestamp": "2026-01-10 02:47:32"}
{"type": "MULTIPLE_FACES", "details": {"reason": "Multiple people detected in frame"}, "timestamp": "2026-01-10 02:47:32"}
{"type": "MULTIPLE_FACES", "details": {"reason": "Multiple people detected in frame"}, "timestamp": "2026-01-10 02:47:32"}
{"type": "MULTIPLE_FACES", "details": {"reason": "Multiple people detected in frame"}, "timestamp": "2026-01-10 02:47:32"}
{"type": "MULTIPLE_FACES", "details": {"reason": "Multiple people detected in frame"}, "timestamp": "2026-01-10 02:47:32"}
{"type": "MULTIPLE_FACES", "details": {"reason": "Multiple people detected in frame"}, "timestamp": "2026-01-10 02:47:33"}
{"type": "MULTIPLE_FACES", "details": {"reason": "Multiple people detected in frame"}, "timestamp": "2026-01-10 02:47:33"}
{"type": "MULTIPLE_FACES", "details": {"reason": "Multiple people detected in frame"}, "timestamp": "2026-01-10 02:47:33"}
{"type": "MULTIPLE_FACES", "details": {"reason": "Multiple people detected in frame"}, "timestamp": "2026-01-10 02:47:33"}
{"type": "MULTIPLE_FACES", "details": {"reason": "Multiple people detected in frame"}, "timestamp": "2026-01-10 02:47:33"}
{"type": "MULTIPLE_FACES", "details": {"reason": "Multiple people detected in frame"}, "timestamp": "2026-01-10 02:47:33"}
{"type": "MULTIPLE_FACES", "details": {"reason": "Multiple people detected in frame"}, "timestamp": "2026-01-10 02:47:33"}
{"type": "MULTIPLE_FACES", "details": {"reason": "Multiple people detected in frame"}, "timestamp": "2026-01-10 02:47:38"}
{"type": "MULTIPLE_FACES", "details": {"reason": "Multiple people detected in frame"}, "timestamp": "2026-01-10 02:47:38"}
{"type": "MULTIPLE_FACES", "details": {"reason": "Multiple people detected in frame"}, "timestamp": "2026-01-10 02:47:38"}
{"type": "MULTIPLE_FACES", "details": {"reason": "Multiple people detected in frame"}, "timestamp": "2026-01-10 02:47:38"}
{"type": "MULTIPLE_FACES", "details": {"reason": "Multiple people detected in frame"}, "timestamp": "2026-01-10 02:47:38"}
{"type": "MULTIPLE_FACES", "details": {"reason": "Multiple people detected in frame"}, "timestamp": "2026-01-10 02:47:39"}
{"type": "MULTIPLE_FACES", "details": {"reason": "Multiple people detected in frame"}, "timestamp": "2026-01-10 02:47:39"}
{"type": "MULTIPLE_FACES", "details": {"reason": "Multiple people detected in frame"}, "timestamp": "2026-01-10 02:47:39"}
{"type": "MULTIPLE_FACES", "details": {"reason": "Multiple people detected in frame"}, "timestamp": "2026-01-10 02:47:39"}
{"type": "MULTIPLE_FACES", "details": {"reason": "Multiple people detected in frame"}, "timestamp": "2026-01-10 02:47:39"}
{"type": "MULTIPLE_FACES", "details": {"reason": "Multiple people detected in frame"}, "timestamp": "2026-01-10 02:47:39"}
{"type": "MULTIPLE_FACES", "details": {"reason": "Multiple people detected in frame"}, "timestamp": "2026-01-10 02:47:39"}
{"type": "MULTIPLE_FACES", "details": {"reason": "Multiple people detected in frame"}, "timestamp": "2026-01-10 02:47:39"}
{"type": "MULTIPLE_FACES", "details": {"reason": "Multiple people detected in frame"}, "timestamp": "2026-01-10 02:47:39"}
{"type": "MULTIPLE_FACES", "details": {"reason": "Multiple people detected in frame"}, "timestamp": "2026-01-10 02:47:39"}
{"type": "MULTIPLE_FACES", "details": {"reason": "Multiple people detected in frame"}, "timestamp": "2026-01-10 02:47:39"}
{"type": "MULTIPLE_FACES", "details": {"reason": "Multiple people detected in frame"}, "timestamp": "2026-01-10 02:47:39"}
{"type": "MULTIPLE_FACES", "details": {"reason": "Multiple people detected in frame"}, "timestamp": "2026-01-10 02:47:39"}
{"type": "MULTIPLE_FACES", "details": {"reason": "Multiple people detected in frame"}, "timestamp": "2026-01-10 02:47:41"}
{"type": "MULTIPLE_FACES", "details": {"reason": "Multiple people detected in frame"}, "timestamp": "2026-01-10 02:47:41"}
{"type": "MULTIPLE_FACES", "details": {"reason": "Multiple people detected in frame"}, "timestamp": "2026-01-10 02:47:41"}
{"type": "MULTIPLE_FACES", "details": {"reason": "Multiple people detected in frame"}, "timestamp": "2026-01-10 02:47:43"}
{"type": "MULTIPLE_FACES", "details": {"reason": "Multiple people detected in frame"}, "timestamp": "2026-01-10 02:47:43"}
{"type": "MULTIPLE_FACES", "details": {"reason": "Multiple people detected in frame"}, "timestamp": "2026-01-10 02:47:43"}
{"type": "MULTIPLE_FACES", "details": {"reason": "Multiple people detected in frame"}, "timestamp": "2026-01-10 02:47:43"}
{"type": "MULTIPLE_FACES", "details": {"reason": "Multiple people detected in frame"}, "timestamp": "2026-01-10 02:47:43"}
{"type": "MULTIPLE_FACES", "details": {"reason": "Multiple people detected in frame"}, "timestamp": "2026-01-10 02:47:44"}
{"type": "MULTIPLE_FACES", "details": {"reason": "Multiple people detected in frame"}, "timestamp": "2026-01-10 02:47:44"}
{"type": "MULTIPLE_FACES", "details": {"reason": "Multiple people detected in frame"}, "timestamp": "2026-01-10 02:47:44"}
{"type": "MULTIPLE_FACES", "details": {"reason": "Multiple people detected in frame"}, "timestamp": "2026-01-10 02:47:44"}
{"type": "MULTIPLE_FACES", "details": {"reason": "Multiple people detected in frame"}, "timestamp": "2026-01-10 02:47:44"}
{"type": "MULTIPLE_FACES", "details": {"reason": "Multiple people detected in frame"}, "timestamp": "2026-01-10 02:47:44"}
{"type": "MULTIPLE_FACES", "details": {"reason": "Multiple people detected in frame"}, "timestamp": "2026-01-10 02:47:44"}
{"type": "MULTIPLE_FACES", "details": {"reason": "Multiple people detected in frame"}, "timestamp": "2026-01-10 02:47:44"}
{"type": "MULTIPLE_FACES", "details": {"reason": "Multiple people detected in frame"}, "timestamp": "2026-01-10 02:47:44"}
{"type": "MULTIPLE_FACES", "details": {"reason": "Multiple people detected in frame"}, "timestamp": "2026-01-10 02:47:44"}
{"type": "MULTIPLE_FACES", "details": {"reason": "Multiple people detected in frame"}, "timestamp": "2026-01-10 02:47:44"}
{"type": "MULTIPLE_FACES", "details": {"reason": "Multiple people detected in frame"}, "timestamp": "2026-01-10 02:47:44"}
{"type": "MULTIPLE_FACES", "details": {"reason": "Multiple people detected in frame"}, "timestamp": "2026-01-10 02:47:44"}
{"type": "MULTIPLE_FACES", "details": {"reason": "Multiple people detected in frame"}, "timestamp": "2026-01-10 02:47:44"}
{"type": "MULTIPLE_FACES", "details": {"reason": "Multiple people detected in frame"}, "timestamp": "2026-01-10 02:47:44"}
{"type": "MULTIPLE_FACES", "details": {"reason": "Multiple people detected in frame"}, "timestamp": "2026-01-10 02:47:44"}
{"type": "MULTIPLE_FACES", "details": {"reason": "Multiple people detected in frame"}, "timestamp": "2026-01-10 02:47:44"}
{"type": "MULTIPLE_FACES", "details": {"reason": "Multiple people detected in frame"}, "timestamp": "2026-01-10 02:47:44"}
{"type": "MULTIPLE_FACES", "details": {"reason": "Multiple people detected in frame"}, "timestamp": "2026-01-10 02:47:44"}
{"type": "MULTIPLE_FACES", "details": {"reason": "Multiple people detected in frame"}, "timestamp": "2026-01-10 02:47:44"}
{"type": "MULTIPLE_FACES", "details": {"reason": "Multiple people detected in frame"}, "timestamp": "2026-01-10 02:47:45"}
{"type": "MULTIPLE_FACES", "details": {"reason": "Multiple people detected in frame"}, "timestamp": "2026-01-10 02:47:45"}
{"type": "MULTIPLE_FACES", "details": {"reason": "Multiple people detected in frame"}, "timestamp": "2026-01-10 02:47:45"}
{"type": "MULTIPLE_FACES", "details": {"reason": "Multiple people detected in frame"}, "timestamp": "2026-01-10 02:47:45"}
{"type": "MULTIPLE_FACES", "details": {"reason": "Multiple people detected in frame"}, "timestamp": "2026-01-10 02:47:45"}
{"type": "MULTIPLE_FACES", "details": {"reason": "Multiple people detected in frame"}, "timestamp": "2026-01-10 02:47:45"}
{"type": "MULTIPLE_FACES", "details": {"reason": "Multiple people detected in frame"}, "timestamp": "2026-01-10 02:47:45"}
{"type": "MULTIPLE_FACES", "details": {"reason": "Multiple people detected in frame"}, "timestamp": "2026-01-10 02:47:45"}
{"type": "MULTIPLE_FACES", "details": {"reason": "Multiple people detected in frame"}, "timestamp": "2026-01-10 02:47:45"}
{"type": "MULTIPLE_FACES", "details": {"reason": "Multiple people detected in frame"}, "timestamp": "2026-01-10 02:47:45"}
{"type": "MULTIPLE_FACES", "details": {"reason": "Multiple people detected in frame"}, "timestamp": "2026-01-10 02:47:45"}
{"type": "MULTIPLE_FACES", "details": {"reason": "Multiple people detected in frame"}, "timestamp": "2026-01-10 02:47:45"}
{"type": "MULTIPLE_FACES", "details": {"reason": "Multiple people detected in frame"}, "timestamp": "2026-01-10 02:47:45"}
{"type": "MULTIPLE_FACES", "details": {"reason": "Multiple people detected in frame"}, "timestamp": "2026-01-10 02:47:47"}
{"type": "MULTIPLE_FACES", "details": {"reason": "Multiple people detected in frame"}, "timestamp": "2026-01-10 02:47:47"}
{"type": "MULTIPLE_FACES", "details": {"reason": "Multiple people detected in frame"}, "timestamp": "2026-01-10 02:47:47"}
{"type": "MULTIPLE_FACES", "details": {"reason": "Multiple people detected in frame"}, "timestamp": "2026-01-10 02:47:47"}
{"type": "MULTIPLE_FACES", "details": {"reason": "Multiple people detected in frame"}, "timestamp": "2026-01-10 02:47:47"}
{"type": "MULTIPLE_FACES", "details": {"reason": "Multiple people detected in frame"}, "timestamp": "2026-01-10 02:47:47"}
{"type": "MULTIPLE_FACES", "details": {"reason": "Multiple people detected in frame"}, "timestamp": "2026-01-10 02:47:47"}
{"type": "MULTIPLE_FACES", "details": {"reason": "Multiple people detected in frame"}, "timestamp": "2026-01-10 02:47:47"}
{"type": "MULTIPLE_FACES", "details": {"reason": "Multiple people detected in frame"}, "timestamp": "2026-01-10 02:47:47"}
{"type": "MULTIPLE_FACES", "details": {"reason": "Multiple people detected in frame"}, "timestamp": "2026-01-10 02:47:47"}
{"type": "MULTIPLE_FACES", "details": {"reason": "Multiple people detected in frame"}, "timestamp": "2026-01-10 02:47:47"}
{"type": "MULTIPLE_FACES", "details": {"reason": "Multiple people detected in frame"}, "timestamp": "2026-01-10 02:47:47"}
{"type": "MULTIPLE_FACES", "details": {"reason": "Multiple people detected in frame"}, "timestamp": "2026-01-10 02:47:47"}
{"type": "MULTIPLE_FACES", "details": {"reason": "Multiple people detected in frame"}, "timestamp": "2026-01-10 02:47:47"}
{"type": "MULTIPLE_FACES", "details": {"reason": "Multiple people detected in frame"}, "timestamp": "2026-01-10 02:47:47"}
{"type": "MULTIPLE_FACES", "details": {"reason": "Multiple people detected in frame"}, "timestamp": "2026-01-10 02:47:48"}
{"type": "MULTIPLE_FACES", "details": {"reason": "Multiple people detected in frame"}, "timestamp": "2026-01-10 02:47:48"}
{"type": "MULTIPLE_FACES", "details": {"reason": "Multiple people detected in frame"}, "timestamp": "2026-01-10 02:47:48"}
{"type": "MULTIPLE_FACES", "details": {"reason": "Multiple people detected in frame"}, "timestamp": "2026-01-10 02:47:48"}
{"type": "MULTIPLE_FACES", "details": {"reason": "Multiple people detected in frame"}, "timestamp": "2026-01-10 02:47:48"}
{"type": "MULTIPLE_FACES", "details": {"reason": "Multiple people detected in frame"}, "timestamp": "2026-01-10 02:47:48"}
{"type": "MULTIPLE_FACES", "details": {"reason": "Multiple people detected in frame"}, "timestamp": "2026-01-10 02:47:48"}
{"type": "MULTIPLE_FACES", "details": {"reason": "Multiple people detected in frame"}, "timestamp": "2026-01-10 02:47:48"}
{"type": "MULTIPLE_FACES", "details": {"reason": "Multiple people detected in frame"}, "timestamp": "2026-01-10 02:47:48"}
{"type": "MULTIPLE_FACES", "details": {"reason": "Multiple people detected in frame"}, "timestamp": "2026-01-10 02:47:48"}
{"type": "MULTIPLE_FACES", "details": {"reason": "Multiple people detected in frame"}, "timestamp": "2026-01-10 02:47:48"}
{"type": "MULTIPLE_FACES", "details": {"reason": "Multiple people detected in frame"}, "timestamp": "2026-01-10 02:47:48"}
{"type": "MULTIPLE_FACES", "details": {"reason": "Multiple people detected in frame"}, "timestamp": "2026-01-10 02:47:48"}
{"type": "MULTIPLE_FACES", "details": {"reason": "Multiple people detected in frame"}, "timestamp": "2026-01-10 02:47:48"}
{"type": "MULTIPLE_FACES", "details": {"reason": "Multiple people detected in frame"}, "timestamp": "2026-01-10 02:47:48"}
{"type": "MULTIPLE_FACES", "details": {"reason": "Multiple people detected in frame"}, "timestamp": "2026-01-10 02:47:48"}
{"type": "MULTIPLE_FACES", "details": {"reason": "Multiple people detected in frame"}, "timestamp": "2026-01-10 02:47:48"}
{"type": "MULTIPLE_FACES", "details": {"reason": "Multiple people detected in frame"}, "timestamp": "2026-01-10 02:47:48"}
{"type": "MULTIPLE_FACES", "details": {"reason": "Multiple people detected in frame"}, "timestamp": "2026-01-10 02:47:48"}
{"type": "MULTIPLE_FACES", "details": {"reason": "Multiple people detected in frame"}, "timestamp": "2026-01-10 02:47:48"}
{"type": "MULTIPLE_FACES", "details": {"reason": "Multiple people detected in frame"}, "timestamp": "2026-01-10 02:47:48"}
{"type": "MULTIPLE_FACES", "details": {"reason": "Multiple people detected in frame"}, "timestamp": "2026-01-10 02:47:48"}
{"type": "MULTIPLE_FACES", "details": {"reason": "Multiple people detected in frame"}, "timestamp": "2026-01-10 02:47:48"}
{"type": "MULTIPLE_FACES", "details": {"reason": "Multiple people detected in frame"}, "timestamp": "2026-01-10 02:47:48"}
{"type": "MULTIPLE_FACES", "details": {"reason": "Multiple people detected in frame"}, "timestamp": "2026-01-10 02:47:48"}
{"type": "MULTIPLE_FACES", "details": {"reason": "Multiple people detected in frame"}, "timestamp": "2026-01-10 02:47:48"}
{"type": "MULTIPLE_FACES", "details": {"reason": "Multiple people detected in frame"}, "timestamp": "2026-01-10 02:47:48"}
{"type": "MULTIPLE_FACES", "details": {"reason": "Multiple people detected in frame"}, "timestamp": "2026-01-10 02:47:48"}
{"type": "MULTIPLE_FACES", "details": {"reason": "Multiple people detected in frame"}, "timestamp": "2026-01-10 02:47:49"}
{"type": "MULTIPLE_FACES", "details": {"reason": "Multiple people detected in frame"}, "timestamp": "2026-01-10 02:47:49"}
{"type": "MULTIPLE_FACES", "details": {"reason": "Multiple people detected in frame"}, "timestamp": "2026-01-10 02:47:49"}
{"type": "MULTIPLE_FACES", "details": {"reason": "Multiple people detected in frame"}, "timestamp": "2026-01-10 02:47:49"}
{"type": "MULTIPLE_FACES", "details": {"reason": "Multiple people detected in frame"}, "timestamp": "2026-01-10 02:47:49"}
{"type": "MULTIPLE_FACES", "details": {"reason": "Multiple people detected in frame"}, "timestamp": "2026-01-10 02:47:49"}
{"type": "MULTIPLE_FACES", "details": {"reason": "Multiple people detected in frame"}, "timestamp": "2026-01-10 02:47:49"}
{"type": "MULTIPLE_FACES", "details": {"reason": "Multiple people detected in frame"}, "timestamp": "2026-01-10 02:47:49"}
{"type": "MULTIPLE_FACES", "details": {"reason": "Multiple people detected in frame"}, "timestamp": "2026-01-10 02:47:49"}
{"type": "MULTIPLE_FACES", "details": {"reason": "Multiple people detected in frame"}, "timestamp": "2026-01-10 02:47:49"}
{"type": "MULTIPLE_FACES", "details": {"reason": "Multiple people detected in frame"}, "timestamp": "2026-01-10 02:47:49"}
{"type": "MULTIPLE_FACES", "details": {"reason": "Multiple people detected in frame"}, "timestamp": "2026-01-10 02:47:49"}
{"type": "MULTIPLE_FACES", "details": {"reason": "Multiple people detected in frame"}, "timestamp": "2026-01-10 02:47:49"}
{"type": "MULTIPLE_FACES", "details": {"reason": "Multiple people detected in frame"}, "timestamp": "2026-01-10 02:47:49"}
{"type": "MULTIPLE_FACES", "details": {"reason": "Multiple people detected in frame"}, "timestamp": "2026-01-10 02:47:49"}
{"type": "MULTIPLE_FACES", "details": {"reason": "Multiple people detected in frame"}, "timestamp": "2026-01-10 02:47:49"}
{"type": "MULTIPLE_FACES", "details": {"reason": "Multiple people detected in frame"}, "timestamp": "2026-01-10 02:47:49"}
{"type": "MULTIPLE_FACES", "details": {"reason": "Multiple people detected in frame"}, "timestamp": "2026-01-10 02:47:49"}
{"type": "MULTIPLE_FACES", "details": {"reason": "Multiple people detected in frame"}, "timestamp": "2026-01-10 02:47:49"}
{"type": "MULTIPLE_FACES", "details": {"reason": "Multiple people detected in frame"}, "timestamp": "2026-01-10 02:47:49"}
{"type": "MULTIPLE_FACES", "details": {"reason": "Multiple people detected in frame"}, "timestamp": "2026-01-10 02:47:49"}
{"type": "MULTIPLE_FACES", "details": {"reason": "Multiple people detected in frame"}, "timestamp": "2026-01-10 02:47:49"}
{"type": "MULTIPLE_FACES", "details": {"reason": "Multiple people detected in frame"}, "timestamp": "2026-01-10 02:47:49"}
{"type": "MULTIPLE_FACES", "details": {"reason": "Multiple people detected in frame"}, "timestamp": "2026-01-10 02:47:49"}
{"type": "MULTIPLE_FACES", "details": {"reason": "Multiple people detected in frame"}, "timestamp": "2026-01-10 02:47:49"}
{"type": "MULTIPLE_FACES", "details": {"reason": "Multiple people detected in frame"}, "timestamp": "2026-01-10 02:47:49"}
{"type": "MULTIPLE_FACES", "details": {"reason": "Multiple people detected in frame"}, "timestamp": "2026-01-10 02:47:49"}
{"type": "MULTIPLE_FACES", "details": {"reason": "Multiple people detected in frame"}, "timestamp": "2026-01-10 02:47:49"}
{"type": "MULTIPLE_FACES", "details": {"reason": "Multiple people detected in frame"}, "timestamp": "2026-01-10 02:47:49"}
{"type": "MULTIPLE_FACES", "details": {"reason": "Multiple people detected in frame"}, "timestamp": "2026-01-10 02:47:49"}
{"type": "MULTIPLE_FACES", "details": {"reason": "Multiple people detected in frame"}, "timestamp": "2026-01-10 02:47:50"}
{"type": "MULTIPLE_FACES", "details": {"reason": "Multiple people detected in frame"}, "timestamp": "2026-01-10 02:47:50"}
{"type": "MULTIPLE_FACES", "details": {"reason": "Multiple people detected in frame"}, "timestamp": "2026-01-10 02:47:50"}
{"type": "MULTIPLE_FACES", "details": {"reason": "Multiple people detected in frame"}, "timestamp": "2026-01-10 02:47:50"}
{"type": "MULTIPLE_FACES", "details": {"reason": "Multiple people detected in frame"}, "timestamp": "2026-01-10 02:47:50"}
{"type": "MULTIPLE_FACES", "details": {"reason": "Multiple people detected in frame"}, "timestamp": "2026-01-10 02:47:50"}
{"type": "MULTIPLE_FACES", "details": {"reason": "Multiple people detected in frame"}, "timestamp": "2026-01-10 02:47:50"}
{"type": "MULTIPLE_FACES", "details": {"reason": "Multiple people detected in frame"}, "timestamp": "2026-01-10 02:47:50"}
{"type": "MULTIPLE_FACES", "details": {"reason": "Multiple people detected in frame"}, "timestamp": "2026-01-10 02:47:50"}
{"type": "MULTIPLE_FACES", "details": {"reason": "Multiple people detected in frame"}, "timestamp": "2026-01-10 02:47:50"}
{"type": "MULTIPLE_FACES", "details": {"reason": "Multiple people detected in frame"}, "timestamp": "2026-01-10 02:47:50"}
{"type": "MULTIPLE_FACES", "details": {"reason": "Multiple people detected in frame"}, "timestamp": "2026-01-10 02:47:50"}
{"type": "MULTIPLE_FACES", "details": {"reason": "Multiple people detected in frame"}, "timestamp": "2026-01-10 02:47:50"}
{"type": "MULTIPLE_FACES", "details": {"reason": "Multiple people detected in frame"}, "timestamp": "2026-01-10 02:47:50"}
{"type": "MULTIPLE_FACES", "details": {"reason": "Multiple people detected in frame"}, "timestamp": "2026-01-10 02:47:50"}
{"type": "MULTIPLE_FACES", "details": {"reason": "Multiple people detected in frame"}, "timestamp": "2026-01-10 02:47:50"}
{"type": "MULTIPLE_FACES", "details": {"reason": "Multiple people detected in frame"}, "timestamp": "2026-01-10 02:47:50"}
{"type": "MULTIPLE_FACES", "details": {"reason": "Multiple people detected in frame"}, "timestamp": "2026-01-10 02:47:50"}
{"type": "MULTIPLE_FACES", "details": {"reason": "Multiple people detected in frame"}, "timestamp": "2026-01-10 02:47:50"}
{"type": "MULTIPLE_FACES", "details": {"reason": "Multiple people detected in frame"}, "timestamp": "2026-01-10 02:47:50"}
{"type": "MULTIPLE_FACES", "details": {"reason": "Multiple people detected in frame"}, "timestamp": "2026-01-10 02:47:50"}
{"type": "MULTIPLE_FACES", "details": {"reason": "Multiple people detected in frame"}, "timestamp": "2026-01-10 02:47:50"}
{"type": "MULTIPLE_FACES", "details": {"reason": "Multiple people detected in frame"}, "timestamp": "2026-01-10 02:47:50"}
{"type": "MULTIPLE_FACES", "details": {"reason": "Multiple people detected in frame"}, "timestamp": "2026-01-10 02:47:50"}
{"type": "MULTIPLE_FACES", "details": {"reason": "Multiple people detected in frame"}, "timestamp": "2026-01-10 02:47:50"}
{"type": "MULTIPLE_FACES", "details": {"reason": "Multiple people detected in frame"}, "timestamp": "2026-01-10 02:47:50"}
{"type": "MULTIPLE_FACES", "details": {"reason": "Multiple people detected in frame"}, "timestamp": "2026-01-10 02:47:50"}
{"type": "MULTIPLE_FACES", "details": {"reason": "Multiple people detected in frame"}, "timestamp": "2026-01-10 02:47:50"}
{"type": "MULTIPLE_FACES", "details": {"reason": "Multiple people detected in frame"}, "timestamp": "2026-01-10 02:47:50"}
{"type": "MULTIPLE_FACES", "details": {"reason": "Multiple people detected in frame"}, "timestamp": "2026-01-10 02:47:50"}
{"type": "MULTIPLE_FACES", "details": {"reason": "Multiple people detected in frame"}, "timestamp": "2026-01-10 02:47:51"}
{"type": "MULTIPLE_FACES", "details": {"reason": "Multiple people detected in frame"}, "timestamp": "2026-01-10 02:47:51"}
{"type": "MULTIPLE_FACES", "details": {"reason": "Multiple people detected in frame"}, "timestamp": "2026-01-10 02:47:51"}
{"type": "MULTIPLE_FACES", "details": {"reason": "Multiple people detected in frame"}, "timestamp": "2026-01-10 02:47:51"}
{"type": "MULTIPLE_FACES", "details": {"reason": "Multiple people detected in frame"}, "timestamp": "2026-01-10 02:47:51"}
{"type": "MULTIPLE_FACES", "details": {"reason": "Multiple people detected in frame"}, "timestamp": "2026-01-10 02:47:51"}
{"type": "MULTIPLE_FACES", "details": {"reason": "Multiple people detected in frame"}, "timestamp": "2026-01-10 02:47:51"}
{"type": "MULTIPLE_FACES", "details": {"reason": "Multiple people detected in frame"}, "timestamp": "2026-01-10 02:47:51"}
{"type": "FACE_NOT_VISIBLE", "details": {"reason": "No face detected"}, "timestamp": "2026-01-10 02:47:52"}
{"type": "FACE_NOT_VISIBLE", "details": {"reason": "No face detected"}, "timestamp": "2026-01-10 02:47:52"}
{"type": "FACE_NOT_VISIBLE", "details": {"reason": "No face detected"}, "timestamp": "2026-01-10 02:47:52"}
{"type": "FACE_NOT_VISIBLE", "details": {"reason": "No face detected"}, "timestamp": "2026-01-10 02:47:55"}
{"type": "FACE_NOT_VISIBLE", "details": {"reason": "No face detected"}, "timestamp": "2026-01-10 02:47:55"}
{"type": "FACE_NOT_VISIBLE", "details": {"reason": "No face detected"}, "timestamp": "2026-01-10 02:47:55"}
{"type": "FACE_NOT_VISIBLE", "details": {"reason": "No face detected"}, "timestamp": "2026-01-10 02:47:55"}
{"type": "FACE_NOT_VISIBLE", "details": {"reason": "No face detected"}, "timestamp": "2026-01-10 02:48:01"}
{"type": "FACE_NOT_VISIBLE", "details": {"reason": "No face detected"}, "timestamp": "2026-01-10 02:48:01"}
{"type": "FACE_NOT_VISIBLE", "details": {"reason": "No face detected"}, "timestamp": "2026-01-10 02:48:01"}
{"type": "FACE_NOT_VISIBLE", "details": {"reason": "No face detected"}, "timestamp": "2026-01-10 02:48:01"}
{"type": "FACE_NOT_VISIBLE", "details": {"reason": "No face detected"}, "timestamp": "2026-01-10 02:48:01"}
{"type": "FACE_NOT_VISIBLE", "details": {"reason": "No face detected"}, "timestamp": "2026-01-10 02:48:01"}
{"type": "FACE_NOT_VISIBLE", "details": {"reason": "No face detected"}, "timestamp": "2026-01-10 02:48:02"}
{"type": "FACE_NOT_VISIBLE", "details": {"reason": "No face detected"}, "timestamp": "2026-01-10 02:48:02"}
{"type": "FACE_NOT_VISIBLE", "details": {"reason": "No face detected"}, "timestamp": "2026-01-10 02:48:02"}
{"type": "FACE_NOT_VISIBLE", "details": {"reason": "No face detected"}, "timestamp": "2026-01-10 02:48:02"}
{"type": "FACE_NOT_VISIBLE", "details": {"reason": "No face detected"}, "timestamp": "2026-01-10 02:48:02"}
{"type": "FACE_NOT_VISIBLE", "details": {"reason": "No face detected"}, "timestamp": "2026-01-10 02:48:02"}
{"type": "FACE_NOT_VISIBLE", "details": {"reason": "No face detected"}, "timestamp": "2026-01-10 02:48:04"}
{"type": "FACE_NOT_VISIBLE", "details": {"reason": "No face detected"}, "timestamp": "2026-01-10 02:48:04"}
{"type": "FACE_NOT_VISIBLE", "details": {"reason": "No face detected"}, "timestamp": "2026-01-10 02:48:04"}
{"type": "FACE_NOT_VISIBLE", "details": {"reason": "No face detected"}, "timestamp": "2026-01-10 02:48:04"}
{"type": "FACE_NOT_VISIBLE", "details": {"reason": "No face detected"}, "timestamp": "2026-01-10 02:48:04"}
{"type": "FACE_NOT_VISIBLE", "details": {"reason": "No face detected"}, "timestamp": "2026-01-10 02:48:04"}
{"type": "FACE_NOT_VISIBLE", "details": {"reason": "No face detected"}, "timestamp": "2026-01-10 02:48:04"}
{"type": "FACE_NOT_VISIBLE", "details": {"reason": "No face detected"}, "timestamp": "2026-01-10 02:48:09"}
{"type": "FACE_NOT_VISIBLE", "details": {"reason": "No face detected"}, "timestamp": "2026-01-10 02:48:09"}
{"type": "FACE_NOT_VISIBLE", "details": {"reason": "No face detected"}, "timestamp": "2026-01-10 02:48:09"}
{"type": "FACE_NOT_VISIBLE", "details": {"reason": "No face detected"}, "timestamp": "2026-01-10 02:48:10"}
{"type": "FACE_NOT_VISIBLE", "details": {"reason": "No face detected"}, "timestamp": "2026-01-10 02:48:10"}
{"type": "FACE_NOT_VISIBLE", "details": {"reason": "No face detected"}, "timestamp": "2026-01-10 02:48:10"}
{"type": "FACE_NOT_VISIBLE", "details": {"reason": "No face detected"}, "timestamp": "2026-01-10 02:48:10"}
{"type": "FACE_NOT_VISIBLE", "details": {"reason": "No face detected"}, "timestamp": "2026-01-10 02:48:10"}
{"type": "FACE_NOT_VISIBLE", "details": {"reason": "No face detected"}, "timestamp": "2026-01-10 02:48:10"}
{"type": "FACE_NOT_VISIBLE", "details": {"reason": "No face detected"}, "timestamp": "2026-01-10 02:48:10"}
{"type": "FACE_NOT_VISIBLE", "details": {"reason": "No face detected"}, "timestamp": "2026-01-10 02:48:10"}
{"type": "FACE_NOT_VISIBLE", "details": {"reason": "No face detected"}, "timestamp": "2026-01-10 02:48:10"}
{"type": "FACE_NOT_VISIBLE", "details": {"reason": "No face detected"}, "timestamp": "2026-01-10 02:48:10"}
{"type": "FACE_NOT_VISIBLE", "details": {"reason": "No face detected"}, "timestamp": "2026-01-10 02:50:18"}
{"type": "FACE_NOT_VISIBLE", "details": {"reason": "No face detected"}, "timestamp": "2026-01-10 02:50:18"}
{"type": "FACE_NOT_VISIBLE", "details": {"reason": "No face detected"}, "timestamp": "2026-01-10 02:50:18"}
{"type": "FACE_NOT_VISIBLE", "details": {"reason": "No face detected"}, "timestamp": "2026-01-10 02:50:18"}
{"type": "FACE_NOT_VISIBLE", "details": {"reason": "No face detected"}, "timestamp": "2026-01-10 02:50:18"}
{"type": "FACE_NOT_VISIBLE", "details": {"reason": "No face detected"}, "timestamp": "2026-01-10 02:50:18"}
{"type": "FACE_NOT_VISIBLE", "details": {"reason": "No face detected"}, "timestamp": "2026-01-10 02:50:19"}
{"type": "FACE_NOT_VISIBLE", "details": {"reason": "No face detected"}, "timestamp": "2026-01-10 02:50:19"}
{"type": "FACE_NOT_VISIBLE", "details": {"reason": "No face detected"}, "timestamp": "2026-01-10 02:50:19"}
{"type": "FACE_NOT_VISIBLE", "details": {"reason": "No face detected"}, "timestamp": "2026-01-10 02:50:24"}
{"type": "FACE_NOT_VISIBLE", "details": {"reason": "No face detected"}, "timestamp": "2026-01-10 02:50:24"}
{"type": "FACE_NOT_VISIBLE", "details": {"reason": "No face detected"}, "timestamp": "2026-01-10 02:50:24"}
{"type": "FACE_NOT_VISIBLE", "details": {"reason": "No face detected"}, "timestamp": "2026-01-10 02:50:24"}
{"type": "FACE_NOT_VISIBLE", "details": {"reason": "No face detected"}, "timestamp": "2026-01-10 02:50:24"}
{"type": "FACE_NOT_VISIBLE", "details": {"reason": "No face detected"}, "timestamp": "2026-01-10 02:50:24"}
{"type": "FACE_NOT_VISIBLE", "details": {"reason": "No face detected"}, "timestamp": "2026-01-10 02:50:24"}
{"type": "FACE_NOT_VISIBLE", "details": {"reason": "No face detected"}, "timestamp": "2026-01-10 02:50:24"}
{"type": "MULTIPLE_FACES", "details": {"reason": "Multiple people detected in frame"}, "timestamp": "2026-01-10 02:50:26"}
{"type": "MULTIPLE_FACES", "details": {"reason": "Multiple people detected in frame"}, "timestamp": "2026-01-10 02:50:26"}
{"type": "MULTIPLE_FACES", "details": {"reason": "Multiple people detected in frame"}, "timestamp": "2026-01-10 02:50:26"}
{"type": "MULTIPLE_FACES", "details": {"reason": "Multiple people detected in frame"}, "timestamp": "2026-01-10 02:50:26"}
{"type": "MULTIPLE_FACES", "details": {"reason": "Multiple people detected in frame"}, "timestamp": "2026-01-10 02:50:26"}
{"type": "MULTIPLE_FACES", "details": {"reason": "Multiple people detected in frame"}, "timestamp": "2026-01-10 02:50:26"}
{"type": "MULTIPLE_FACES", "details": {"reason": "Multiple people detected in frame"}, "timestamp": "2026-01-10 02:50:26"}
{"type": "MULTIPLE_FACES", "details": {"reason": "Multiple people detected in frame"}, "timestamp": "2026-01-10 02:50:26"}
{"type": "MULTIPLE_FACES", "details": {"reason": "Multiple people detected in frame"}, "timestamp": "2026-01-10 02:50:26"}
{"type": "MULTIPLE_FACES", "details": {"reason": "Multiple people detected in frame"}, "timestamp": "2026-01-10 02:50:26"}
{"type": "MULTIPLE_FACES", "details": {"reason": "Multiple people detected in frame"}, "timestamp": "2026-01-10 02:50:26"}
{"type": "MULTIPLE_FACES", "details": {"reason": "Multiple people detected in frame"}, "timestamp": "2026-01-10 02:50:26"}
{"type": "MULTIPLE_FACES", "details": {"reason": "Multiple people detected in frame"}, "timestamp": "2026-01-10 02:50:26"}
{"type": "MULTIPLE_FACES", "details": {"reason": "Multiple people detected in frame"}, "timestamp": "2026-01-10 02:50:26"}
{"type": "MULTIPLE_FACES", "details": {"reason": "Multiple people detected in frame"}, "timestamp": "2026-01-10 02:50:26"}
{"type": "WRONG_FACE", "details": {"reason": "Unrecognized face detected (Score: 0.61)"}, "timestamp": "2026-01-10 02:50:27"}
{"type": "WRONG_FACE", "details": {"reason": "Unrecognized face detected (Score: 0.61)"}, "timestamp": "2026-01-10 02:50:27"}
{"type": "WRONG_FACE", "details": {"reason": "Unrecognized face detected (Score: 0.61)"}, "timestamp": "2026-01-10 02:50:27"}
{"type": "WRONG_FACE", "details": {"reason": "Unrecognized face detected (Score: 0.65)"}, "timestamp": "2026-01-10 02:50:27"}
{"type": "WRONG_FACE", "details": {"reason": "Unrecognized face detected (Score: 0.65)"}, "timestamp": "2026-01-10 02:50:27"}
{"type": "WRONG_FACE", "details": {"reason": "Unrecognized face detected (Score: 0.65)"}, "timestamp": "2026-01-10 02:50:27"}
{"type": "MULTIPLE_FACES", "details": {"reason": "Multiple people detected in frame"}, "timestamp": "2026-01-10 02:50:27"}
{"type": "MULTIPLE_FACES", "details": {"reason": "Multiple people detected in frame"}, "timestamp": "2026-01-10 02:50:27"}
{"type": "MULTIPLE_FACES", "details": {"reason": "Multiple people detected in frame"}, "timestamp": "2026-01-10 02:50:28"}
{"type": "MULTIPLE_FACES", "details": {"reason": "Multiple people detected in frame"}, "timestamp": "2026-01-10 02:50:28"}
{"type": "MULTIPLE_FACES", "details": {"reason": "Multiple people detected in frame"}, "timestamp": "2026-01-10 02:50:28"}
{"type": "MULTIPLE_FACES", "details": {"reason": "Multiple people detected in frame"}, "timestamp": "2026-01-10 02:50:28"}
{"type": "MULTIPLE_FACES", "details": {"reason": "Multiple people detected in frame"}, "timestamp": "2026-01-10 02:50:28"}
{"type": "MULTIPLE_FACES", "details": {"reason": "Multiple people detected in frame"}, "timestamp": "2026-01-10 02:50:28"}
{"type": "MULTIPLE_FACES", "details": {"reason": "Multiple people detected in frame"}, "timestamp": "2026-01-10 02:50:28"}
{"type": "MULTIPLE_FACES", "details": {"reason": "Multiple people detected in frame"}, "timestamp": "2026-01-10 02:50:28"}
{"type": "MULTIPLE_FACES", "details": {"reason": "Multiple people detected in frame"}, "timestamp": "2026-01-10 02:50:28"}
{"type": "MULTIPLE_FACES", "details": {"reason": "Multiple people detected in frame"}, "timestamp": "2026-01-10 02:50:28"}
{"type": "MULTIPLE_FACES", "details": {"reason": "Multiple people detected in frame"}, "timestamp": "2026-01-10 02:50:28"}
{"type": "MULTIPLE_FACES", "details": {"reason": "Multiple people detected in frame"}, "timestamp": "2026-01-10 02:50:28"}
{"type": "MULTIPLE_FACES", "details": {"reason": "Multiple people detected in frame"}, "timestamp": "2026-01-10 02:50:28"}
{"type": "MULTIPLE_FACES", "details": {"reason": "Multiple people detected in frame"}, "timestamp": "2026-01-10 02:50:28"}
{"type": "MULTIPLE_FACES", "details": {"reason": "Multiple people detected in frame"}, "timestamp": "2026-01-10 02:50:28"}
{"type": "MULTIPLE_FACES", "details": {"reason": "Multiple people detected in frame"}, "timestamp": "2026-01-10 02:50:28"}
{"type": "MULTIPLE_FACES", "details": {"reason": "Multiple people detected in frame"}, "timestamp": "2026-01-10 02:50:28"}
{"type": "MULTIPLE_FACES", "details": {"reason": "Multiple people detected in frame"}, "timestamp": "2026-01-10 02:50:28"}
{"type": "MULTIPLE_FACES", "details": {"reason": "Multiple people detected in frame"}, "timestamp": "2026-01-10 02:50:28"}
{"type": "MULTIPLE_FACES", "details": {"reason": "Multiple people detected in frame"}, "timestamp": "2026-01-10 02:50:28"}
{"type": "MULTIPLE_FACES", "details": {"reason": "Multiple people detected in frame"}, "timestamp": "2026-01-10 02:50:28"}
{"type": "MULTIPLE_FACES", "details": {"reason": "Multiple people detected in frame"}, "timestamp": "2026-01-10 02:50:28"}
{"type": "MULTIPLE_FACES", "details": {"reason": "Multiple people detected in frame"}, "timestamp": "2026-01-10 02:50:28"}
{"type": "MULTIPLE_FACES", "details": {"reason": "Multiple people detected in frame"}, "timestamp": "2026-01-10 02:50:28"}
{"type": "MULTIPLE_FACES", "details": {"reason": "Multiple people detected in frame"}, "timestamp": "2026-01-10 02:50:28"}
{"type": "MULTIPLE_FACES", "details": {"reason": "Multiple people detected in frame"}, "timestamp": "2026-01-10 02:50:28"}
{"type": "MULTIPLE_FACES", "details": {"reason": "Multiple people detected in frame"}, "timestamp": "2026-01-10 02:50:28"}
{"type": "MULTIPLE_FACES", "details": {"reason": "Multiple people detected in frame"}, "timestamp": "2026-01-10 02:50:28"}
{"type": "MULTIPLE_FACES", "details": {"reason": "Multiple people detected in frame"}, "timestamp": "2026-01-10 02:50:28"}
{"type": "MULTIPLE_FACES", "details": {"reason": "Multiple people detected in frame"}, "timestamp": "2026-01-10 02:50:28"}
{"type": "MULTIPLE_FACES", "details": {"reason": "Multiple people detected in frame"}, "timestamp": "2026-01-10 02:50:29"}
{"type": "MULTIPLE_FACES", "details": {"reason": "Multiple people detected in frame"}, "timestamp": "2026-01-10 02:50:29"}
{"type": "MULTIPLE_FACES", "details": {"reason": "Multiple people detected in frame"}, "timestamp": "2026-01-10 02:50:29"}
{"type": "MULTIPLE_FACES", "details": {"reason": "Multiple people detected in frame"}, "timestamp": "2026-01-10 02:50:29"}
{"type": "MULTIPLE_FACES", "details": {"reason": "Multiple people detected in frame"}, "timestamp": "2026-01-10 02:50:29"}
{"type": "MULTIPLE_FACES", "details": {"reason": "Multiple people detected in frame"}, "timestamp": "2026-01-10 02:50:29"}
{"type": "MULTIPLE_FACES", "details": {"reason": "Multiple people detected in frame"}, "timestamp": "2026-01-10 02:50:29"}
{"type": "MULTIPLE_FACES", "details": {"reason": "Multiple people detected in frame"}, "timestamp": "2026-01-10 02:50:29"}
{"type": "MULTIPLE_FACES", "details": {"reason": "Multiple people detected in frame"}, "timestamp": "2026-01-10 02:50:29"}
{"type": "MULTIPLE_FACES", "details": {"reason": "Multiple people detected in frame"}, "timestamp": "2026-01-10 02:50:29"}
{"type": "MULTIPLE_FACES", "details": {"reason": "Multiple people detected in frame"}, "timestamp": "2026-01-10 02:50:29"}
{"type": "MULTIPLE_FACES", "details": {"reason": "Multiple people detected in frame"}, "timestamp": "2026-01-10 02:50:29"}
{"type": "MULTIPLE_FACES", "details": {"reason": "Multiple people detected in frame"}, "timestamp": "2026-01-10 02:50:29"}
{"type": "MULTIPLE_FACES", "details": {"reason": "Multiple people detected in frame"}, "timestamp": "2026-01-10 02:50:29"}
{"type": "MULTIPLE_FACES", "details": {"reason": "Multiple people detected in frame"}, "timestamp": "2026-01-10 02:50:29"}
{"type": "MULTIPLE_FACES", "details": {"reason": "Multiple people detected in frame"}, "timestamp": "2026-01-10 02:50:29"}
{"type": "MULTIPLE_FACES", "details": {"reason": "Multiple people detected in frame"}, "timestamp": "2026-01-10 02:50:29"}
{"type": "MULTIPLE_FACES", "details": {"reason": "Multiple people detected in frame"}, "timestamp": "2026-01-10 02:50:29"}
{"type": "MULTIPLE_FACES", "details": {"reason": "Multiple people detected in frame"}, "timestamp": "2026-01-10 02:50:29"}
{"type": "MULTIPLE_FACES", "details": {"reason": "Multiple people detected in frame"}, "timestamp": "2026-01-10 02:50:29"}
{"type": "WRONG_FACE", "details": {"reason": "Unrecognized face detected (Score: 0.63)"}, "timestamp": "2026-01-10 02:50:29"}
{"type": "WRONG_FACE", "details": {"reason": "Unrecognized face detected (Score: 0.63)"}, "timestamp": "2026-01-10 02:50:29"}
{"type": "WRONG_FACE", "details": {"reason": "Unrecognized face detected (Score: 0.63)"}, "timestamp": "2026-01-10 02:50:30"}
{"type": "WRONG_FACE", "details": {"reason": "Unrecognized face detected (Score: 0.63)"}, "timestamp": "2026-01-10 02:50:30"}
{"type": "WRONG_FACE", "details": {"reason": "Unrecognized face detected (Score: 0.63)"}, "timestamp": "2026-01-10 02:50:30"}
{"type": "MULTIPLE_FACES", "details": {"reason": "Multiple people detected in frame"}, "timestamp": "2026-01-10 02:50:32"}
{"type": "MULTIPLE_FACES", "details": {"reason": "Multiple people detected in frame"}, "timestamp": "2026-01-10 02:50:32"}
{"type": "MULTIPLE_FACES", "details": {"reason": "Multiple people detected in frame"}, "timestamp": "2026-01-10 02:50:32"}
{"type": "MULTIPLE_FACES", "details": {"reason": "Multiple people detected in frame"}, "timestamp": "2026-01-10 02:50:32"}
{"type": "MULTIPLE_FACES", "details": {"reason": "Multiple people detected in frame"}, "timestamp": "2026-01-10 02:50:32"}
{"type": "MULTIPLE_FACES", "details": {"reason": "Multiple people detected in frame"}, "timestamp": "2026-01-10 02:50:32"}
{"type": "MULTIPLE_FACES", "details": {"reason": "Multiple people detected in frame"}, "timestamp": "2026-01-10 02:50:33"}
{"type": "MULTIPLE_FACES", "details": {"reason": "Multiple people detected in frame"}, "timestamp": "2026-01-10 02:50:33"}
{"type": "FACE_NOT_VISIBLE", "details": {"reason": "No face detected"}, "timestamp": "2026-01-10 02:51:28"}
{"type": "FACE_NOT_VISIBLE", "details": {"reason": "No face detected"}, "timestamp": "2026-01-10 02:51:28"}
{"type": "FACE_NOT_VISIBLE", "details": {"reason": "No face detected"}, "timestamp": "2026-01-10 02:51:28"}
{"type": "WRONG_FACE", "details": {"reason": "Unrecognized face detected (Score: -0.03)"}, "timestamp": "2026-01-10 02:51:28"}
{"type": "WRONG_FACE", "details": {"reason": "Unrecognized face detected (Score: -0.03)"}, "timestamp": "2026-01-10 02:51:28"}
{"type": "WRONG_FACE", "details": {"reason": "Unrecognized face detected (Score: -0.03)"}, "timestamp": "2026-01-10 02:51:28"}
{"type": "FACE_NOT_VISIBLE", "details": {"reason": "No face detected"}, "timestamp": "2026-01-10 02:51:28"}
{"type": "FACE_NOT_VISIBLE", "details": {"reason": "No face detected"}, "timestamp": "2026-01-10 02:51:29"}
{"type": "FACE_NOT_VISIBLE", "details": {"reason": "No face detected"}, "timestamp": "2026-01-10 02:51:29"}
{"type": "FACE_NOT_VISIBLE", "details": {"reason": "No face detected"}, "timestamp": "2026-01-10 02:51:29"}
{"type": "FACE_NOT_VISIBLE", "details": {"reason": "No face detected"}, "timestamp": "2026-01-10 02:51:29"}
{"type": "FACE_NOT_VISIBLE", "details": {"reason": "No face detected"}, "timestamp": "2026-01-10 02:51:29"}
{"type": "FACE_NOT_VISIBLE", "details": {"reason": "No face detected"}, "timestamp": "2026-01-10 02:51:29"}
{"type": "FACE_NOT_VISIBLE", "details": {"reason": "No face detected"}, "timestamp": "2026-01-10 02:51:29"}
{"type": "FACE_NOT_VISIBLE", "details": {"reason": "No face detected"}, "timestamp": "2026-01-10 02:51:42"}
{"type": "FACE_NOT_VISIBLE", "details": {"reason": "No face detected"}, "timestamp": "2026-01-10 02:51:42"}
{"type": "FACE_NOT_VISIBLE", "details": {"reason": "No face detected"}, "timestamp": "2026-01-10 02:51:42"}
{"type": "FACE_NOT_VISIBLE", "details": {"reason": "No face detected"}, "timestamp": "2026-01-10 02:51:44"}
{"type": "FACE_NOT_VISIBLE", "details": {"reason": "No face detected"}, "timestamp": "2026-01-10 02:51:44"}
{"type": "FACE_NOT_VISIBLE", "details": {"reason": "No face detected"}, "timestamp": "2026-01-10 02:51:44"}
{"type": "FACE_NOT_VISIBLE", "details": {"reason": "No face detected"}, "timestamp": "2026-01-10 02:51:44"}
{"type": "FACE_NOT_VISIBLE", "details": {"reason": "No face detected"}, "timestamp": "2026-01-10 02:51:44"}
{"type": "FACE_NOT_VISIBLE", "details": {"reason": "No face detected"}, "timestamp": "2026-01-10 02:51:44"}
{"type": "FACE_NOT_VISIBLE", "details": {"reason": "No face detected"}, "timestamp": "2026-01-10 02:51:44"}
{"type": "FACE_NOT_VISIBLE", "details": {"reason": "No face detected"}, "timestamp": "2026-01-10 02:51:44"}
{"type": "FACE_NOT_VISIBLE", "details": {"reason": "No face detected"}, "timestamp": "2026-01-10 02:52:01"}
{"type": "FACE_NOT_VISIBLE", "details": {"reason": "No face detected"}, "timestamp": "2026-01-10 02:52:01"}
{"type": "FACE_NOT_VISIBLE", "details": {"reason": "No face detected"}, "timestamp": "2026-01-10 02:52:01"}
{"type": "FACE_NOT_VISIBLE", "details": {"reason": "No face detected"}, "timestamp": "2026-01-10 02:52:01"}
{"type": "FACE_NOT_VISIBLE", "details": {"reason": "No face detected"}, "timestamp": "2026-01-10 02:52:01"}
{"type": "FACE_NOT_VISIBLE", "details": {"reason": "No face detected"}, "timestamp": "2026-01-10 02:52:01"}
{"type": "WRONG_FACE", "details": {"reason": "Unrecognized face detected (Score: 0.55)"}, "timestamp": "2026-01-10 02:52:02"}
{"type": "WRONG_FACE", "details": {"reason": "Unrecognized face detected (Score: 0.55)"}, "timestamp": "2026-01-10 02:52:02"}
{"type": "WRONG_FACE", "details": {"reason": "Unrecognized face detected (Score: 0.55)"}, "timestamp": "2026-01-10 02:52:02"}
{"type": "WRONG_FACE", "details": {"reason": "Unrecognized face detected (Score: 0.51)"}, "timestamp": "2026-01-10 02:52:02"}
{"type": "WRONG_FACE", "details": {"reason": "Unrecognized face detected (Score: 0.51)"}, "timestamp": "2026-01-10 02:52:02"}
{"type": "WRONG_FACE", "details": {"reason": "Unrecognized face detected (Score: 0.51)"}, "timestamp": "2026-01-10 02:52:02"}
{"type": "WRONG_FACE", "details": {"reason": "Unrecognized face detected (Score: 0.65)"}, "timestamp": "2026-01-10 02:52:03"}
{"type": "WRONG_FACE", "details": {"reason": "Unrecognized face detected (Score: 0.65)"}, "timestamp": "2026-01-10 02:52:03"}
{"type": "WRONG_FACE", "details": {"reason": "Unrecognized face detected (Score: 0.65)"}, "timestamp": "2026-01-10 02:52:03"}
{"type": "WRONG_FACE", "details": {"reason": "Unrecognized face detected (Score: 0.64)"}, "timestamp": "2026-01-10 02:52:03"}
{"type": "WRONG_FACE", "details": {"reason": "Unrecognized face detected (Score: 0.64)"}, "timestamp": "2026-01-10 02:52:03"}
{"type": "WRONG_FACE", "details": {"reason": "Unrecognized face detected (Score: 0.64)"}, "timestamp": "2026-01-10 02:52:03"}
{"type": "FACE_NOT_VISIBLE", "details": {"reason": "No face detected"}, "timestamp": "2026-01-10 02:52:03"}
{"type": "FACE_NOT_VISIBLE", "details": {"reason": "No face detected"}, "timestamp": "2026-01-10 02:52:03"}
{"type": "FACE_NOT_VISIBLE", "details": {"reason": "No face detected"}, "timestamp": "2026-01-10 02:52:03"}
{"type": "FACE_NOT_VISIBLE", "details": {"reason": "No face detected"}, "timestamp": "2026-01-10 02:52:03"}
{"type": "FACE_NOT_VISIBLE", "details": {"reason": "No face detected"}, "timestamp": "2026-01-10 02:52:03"}
{"type": "FACE_NOT_VISIBLE", "details": {"reason": "No face detected"}, "timestamp": "2026-01-10 02:52:03"}
{"type": "FACE_NOT_VISIBLE", "details": {"reason": "No face detected"}, "timestamp": "2026-01-10 02:52:09"}
{"type": "FACE_NOT_VISIBLE", "details": {"reason": "No face detected"}, "timestamp": "2026-01-10 02:52:09"}
{"type": "FACE_NOT_VISIBLE", "details": {"reason": "No face detected"}, "timestamp": "2026-01-10 02:52:09"}
{"type": "FACE_NOT_VISIBLE", "details": {"reason": "No face detected"}, "timestamp": "2026-01-10 02:52:09"}
{"type": "FACE_NOT_VISIBLE", "details": {"reason": "No face detected"}, "timestamp": "2026-01-10 02:52:09"}
{"type": "FACE_NOT_VISIBLE", "details": {"reason": "No face detected"}, "timestamp": "2026-01-10 02:52:09"}
{"type": "FACE_NOT_VISIBLE", "details": {"reason": "No face detected"}, "timestamp": "2026-01-10 02:52:10"}
{"type": "FACE_NOT_VISIBLE", "details": {"reason": "No face detected"}, "timestamp": "2026-01-10 02:52:10"}
{"type": "FACE_NOT_VISIBLE", "details": {"reason": "No face detected"}, "timestamp": "2026-01-10 02:52:10"}
{"type": "FACE_NOT_VISIBLE", "details": {"reason": "No face detected"}, "timestamp": "2026-01-10 02:52:14"}
{"type": "FACE_NOT_VISIBLE", "details": {"reason": "No face detected"}, "timestamp": "2026-01-10 02:52:14"}
{"type": "FACE_NOT_VISIBLE", "details": {"reason": "No face detected"}, "timestamp": "2026-01-10 02:52:14"}
{"type": "FACE_NOT_VISIBLE", "details": {"reason": "No face detected"}, "timestamp": "2026-01-10 02:52:14"}
{"type": "FACE_NOT_VISIBLE", "details": {"reason": "No face detected"}, "timestamp": "2026-01-10 02:52:14"}
{"type": "FACE_NOT_VISIBLE", "details": {"reason": "No face detected"}, "timestamp": "2026-01-10 02:52:14"}
{"type": "MULTIPLE_FACES", "details": {"reason": "Multiple people detected in frame"}, "timestamp": "2026-01-10 02:55:45"}
{"type": "MULTIPLE_FACES", "details": {"reason": "Multiple people detected in frame"}, "timestamp": "2026-01-10 02:55:46"}
{"type": "MULTIPLE_FACES", "details": {"reason": "Multiple people detected in frame"}, "timestamp": "2026-01-10 02:55:46"}
{"type": "MULTIPLE_FACES", "details": {"reason": "Multiple people detected in frame"}, "timestamp": "2026-01-10 02:55:46"}
{"type": "MULTIPLE_FACES", "details": {"reason": "Multiple people detected in frame"}, "timestamp": "2026-01-10 02:55:46"}
{"type": "MULTIPLE_FACES", "details": {"reason": "Multiple people detected in frame"}, "timestamp": "2026-01-10 02:55:46"}
{"type": "MULTIPLE_FACES", "details": {"reason": "Multiple people detected in frame"}, "timestamp": "2026-01-10 02:55:46"}
{"type": "MULTIPLE_FACES", "details": {"reason": "Multiple people detected in frame"}, "timestamp": "2026-01-10 02:55:46"}
{"type": "MULTIPLE_FACES", "details": {"reason": "Multiple people detected in frame"}, "timestamp": "2026-01-10 02:55:46"}
{"type": "MULTIPLE_FACES", "details": {"reason": "Multiple people detected in frame"}, "timestamp": "2026-01-10 02:55:46"}
{"type": "MULTIPLE_FACES", "details": {"reason": "Multiple people detected in frame"}, "timestamp": "2026-01-10 02:55:46"}
{"type": "MULTIPLE_FACES", "details": {"reason": "Multiple people detected in frame"}, "timestamp": "2026-01-10 02:55:46"}
{"type": "MULTIPLE_FACES", "details": {"reason": "Multiple people detected in frame"}, "timestamp": "2026-01-10 02:55:46"}
{"type": "MULTIPLE_FACES", "details": {"reason": "Multiple people detected in frame"}, "timestamp": "2026-01-10 02:55:46"}
{"type": "MULTIPLE_FACES", "details": {"reason": "Multiple people detected in frame"}, "timestamp": "2026-01-10 02:55:46"}
{"type": "MULTIPLE_FACES", "details": {"reason": "Multiple people detected in frame"}, "timestamp": "2026-01-10 02:55:46"}
{"type": "MULTIPLE_FACES", "details": {"reason": "Multiple people detected in frame"}, "timestamp": "2026-01-10 02:55:46"}
{"type": "MULTIPLE_FACES", "details": {"reason": "Multiple people detected in frame"}, "timestamp": "2026-01-10 02:55:46"}
{"type": "MULTIPLE_FACES", "details": {"reason": "Multiple people detected in frame"}, "timestamp": "2026-01-10 02:55:46"}
{"type": "MULTIPLE_FACES", "details": {"reason": "Multiple people detected in frame"}, "timestamp": "2026-01-10 02:55:47"}
{"type": "MULTIPLE_FACES", "details": {"reason": "Multiple people detected in frame"}, "timestamp": "2026-01-10 02:55:47"}
{"type": "MULTIPLE_FACES", "details": {"reason": "Multiple people detected in frame"}, "timestamp": "2026-01-10 02:55:47"}
{"type": "MULTIPLE_FACES", "details": {"reason": "Multiple people detected in frame"}, "timestamp": "2026-01-10 02:55:47"}
{"type": "MULTIPLE_FACES", "details": {"reason": "Multiple people detected in frame"}, "timestamp": "2026-01-10 02:55:47"}
{"type": "MULTIPLE_FACES", "details": {"reason": "Multiple people detected in frame"}, "timestamp": "2026-01-10 02:55:47"}
{"type": "MULTIPLE_FACES", "details": {"reason": "Multiple people detected in frame"}, "timestamp": "2026-01-10 02:55:47"}
{"type": "MULTIPLE_FACES", "details": {"reason": "Multiple people detected in frame"}, "timestamp": "2026-01-10 02:55:47"}
{"type": "MULTIPLE_FACES", "details": {"reason": "Multiple people detected in frame"}, "timestamp": "2026-01-10 02:55:47"}
{"type": "MULTIPLE_FACES", "details": {"reason": "Multiple people detected in frame"}, "timestamp": "2026-01-10 02:55:47"}
{"type": "MULTIPLE_FACES", "details": {"reason": "Multiple people detected in frame"}, "timestamp": "2026-01-10 02:55:47"}
{"type": "MULTIPLE_FACES", "details": {"reason": "Multiple people detected in frame"}, "timestamp": "2026-01-10 02:55:47"}
{"type": "MULTIPLE_FACES", "details": {"reason": "Multiple people detected in frame"}, "timestamp": "2026-01-10 02:55:47"}
{"type": "MULTIPLE_FACES", "details": {"reason": "Multiple people detected in frame"}, "timestamp": "2026-01-10 02:55:47"}
{"type": "MULTIPLE_FACES", "details": {"reason": "Multiple people detected in frame"}, "timestamp": "2026-01-10 02:55:47"}
{"type": "MULTIPLE_FACES", "details": {"reason": "Multiple people detected in frame"}, "timestamp": "2026-01-10 02:55:47"}
{"type": "MULTIPLE_FACES", "details": {"reason": "Multiple people detected in frame"}, "timestamp": "2026-01-10 02:55:47"}
{"type": "MULTIPLE_FACES", "details": {"reason": "Multiple people detected in frame"}, "timestamp": "2026-01-10 02:55:48"}
{"type": "MULTIPLE_FACES", "details": {"reason": "Multiple people detected in frame"}, "timestamp": "2026-01-10 02:55:48"}
{"type": "MULTIPLE_FACES", "details": {"reason": "Multiple people detected in frame"}, "timestamp": "2026-01-10 02:55:48"}
{"type": "MULTIPLE_FACES", "details": {"reason": "Multiple people detected in frame"}, "timestamp": "2026-01-10 02:55:48"}
{"type": "MULTIPLE_FACES", "details": {"reason": "Multiple people detected in frame"}, "timestamp": "2026-01-10 02:55:48"}
{"type": "MULTIPLE_FACES", "details": {"reason": "Multiple people detected in frame"}, "timestamp": "2026-01-10 02:55:48"}
{"type": "MULTIPLE_FACES", "details": {"reason": "Multiple people detected in frame"}, "timestamp": "2026-01-10 02:55:48"}
{"type": "MULTIPLE_FACES", "details": {"reason": "Multiple people detected in frame"}, "timestamp": "2026-01-10 02:55:48"}
{"type": "MULTIPLE_FACES", "details": {"reason": "Multiple people detected in frame"}, "timestamp": "2026-01-10 02:55:48"}
{"type": "MULTIPLE_FACES", "details": {"reason": "Multiple people detected in frame"}, "timestamp": "2026-01-10 02:55:48"}
{"type": "MULTIPLE_FACES", "details": {"reason": "Multiple people detected in frame"}, "timestamp": "2026-01-10 02:55:49"}
{"type": "MULTIPLE_FACES", "details": {"reason": "Multiple people detected in frame"}, "timestamp": "2026-01-10 02:55:49"}
{"type": "MULTIPLE_FACES", "details": {"reason": "Multiple people detected in frame"}, "timestamp": "2026-01-10 02:55:49"}
{"type": "MULTIPLE_FACES", "details": {"reason": "Multiple people detected in frame"}, "timestamp": "2026-01-10 02:55:49"}
{"type": "MULTIPLE_FACES", "details": {"reason": "Multiple people detected in frame"}, "timestamp": "2026-01-10 02:55:49"}
{"type": "MULTIPLE_FACES", "details": {"reason": "Multiple people detected in frame"}, "timestamp": "2026-01-10 02:55:50"}
{"type": "MULTIPLE_FACES", "details": {"reason": "Multiple people detected in frame"}, "timestamp": "2026-01-10 02:55:50"}
{"type": "MULTIPLE_FACES", "details": {"reason": "Multiple people detected in frame"}, "timestamp": "2026-01-10 02:55:50"}
{"type": "FACE_NOT_VISIBLE", "details": {"reason": "No face detected"}, "timestamp": "2026-01-10 02:56:10"}
{"type": "FACE_NOT_VISIBLE", "details": {"reason": "No face detected"}, "timestamp": "2026-01-10 02:56:10"}
{"type": "FACE_NOT_VISIBLE", "details": {"reason": "No face detected"}, "timestamp": "2026-01-10 02:56:10"}
{"type": "FACE_NOT_VISIBLE", "details": {"reason": "No face detected"}, "timestamp": "2026-01-10 02:56:10"}
{"type": "FACE_NOT_VISIBLE", "details": {"reason": "No face detected"}, "timestamp": "2026-01-10 02:56:10"}
{"type": "FACE_NOT_VISIBLE", "details": {"reason": "No face detected"}, "timestamp": "2026-01-10 02:56:10"}
{"type": "FACE_NOT_VISIBLE", "details": {"reason": "No face detected"}, "timestamp": "2026-01-10 02:56:10"}
{"type": "FACE_NOT_VISIBLE", "details": {"reason": "No face detected"}, "timestamp": "2026-01-10 02:56:10"}
{"type": "FACE_NOT_VISIBLE", "details": {"reason": "No face detected"}, "timestamp": "2026-01-10 02:56:10"}
{"type": "FACE_NOT_VISIBLE", "details": {"reason": "No face detected"}, "timestamp": "2026-01-10 02:56:12"}
{"type": "FACE_NOT_VISIBLE", "details": {"reason": "No face detected"}, "timestamp": "2026-01-10 02:56:12"}
{"type": "FACE_NOT_VISIBLE", "details": {"reason": "No face detected"}, "timestamp": "2026-01-10 02:56:12"}
{"type": "FACE_NOT_VISIBLE", "details": {"reason": "No face detected"}, "timestamp": "2026-01-10 02:56:12"}
{"type": "FACE_NOT_VISIBLE", "details": {"reason": "No face detected"}, "timestamp": "2026-01-10 02:56:12"}
{"type": "FACE_NOT_VISIBLE", "details": {"reason": "No face detected"}, "timestamp": "2026-01-10 02:56:12"}
{"type": "FACE_NOT_VISIBLE", "details": {"reason": "No face detected"}, "timestamp": "2026-01-10 02:56:12"}
{"type": "FACE_NOT_VISIBLE", "details": {"reason": "No face detected"}, "timestamp": "2026-01-10 02:56:16"}
{"type": "FACE_NOT_VISIBLE", "details": {"reason": "No face detected"}, "timestamp": "2026-01-10 02:56:16"}
{"type": "FACE_NOT_VISIBLE", "details": {"reason": "No face detected"}, "timestamp": "2026-01-10 02:56:16"}
{"type": "FACE_NOT_VISIBLE", "details": {"reason": "No face detected"}, "timestamp": "2026-01-10 02:56:16"}
{"type": "FACE_NOT_VISIBLE", "details": {"reason": "No face detected"}, "timestamp": "2026-01-10 02:56:16"}
{"type": "FACE_NOT_VISIBLE", "details": {"reason": "No face detected"}, "timestamp": "2026-01-10 02:56:17"}
{"type": "FACE_NOT_VISIBLE", "details": {"reason": "No face detected"}, "timestamp": "2026-01-10 02:56:17"}
{"type": "FACE_NOT_VISIBLE", "details": {"reason": "No face detected"}, "timestamp": "2026-01-10 02:56:17"}
{"type": "FACE_NOT_VISIBLE", "details": {"reason": "No face detected"}, "timestamp": "2026-01-10 02:56:17"}
{"type": "FACE_NOT_VISIBLE", "details": {"reason": "No face detected"}, "timestamp": "2026-01-10 02:56:18"}
{"type": "FACE_NOT_VISIBLE", "details": {"reason": "No face detected"}, "timestamp": "2026-01-10 02:56:19"}
{"type": "FACE_NOT_VISIBLE", "details": {"reason": "No face detected"}, "timestamp": "2026-01-10 02:56:19"}
{"type": "FACE_NOT_VISIBLE", "details": {"reason": "No face detected"}, "timestamp": "2026-01-10 02:56:19"}
{"type": "FACE_NOT_VISIBLE", "details": {"reason": "No face detected"}, "timestamp": "2026-01-10 02:56:19"}
{"type": "FACE_NOT_VISIBLE", "details": {"reason": "No face detected"}, "timestamp": "2026-01-10 02:56:19"}
{"type": "FACE_NOT_VISIBLE", "details": {"reason": "No face detected"}, "timestamp": "2026-01-10 02:56:19"}
{"type": "FACE_NOT_VISIBLE", "details": {"reason": "No face detected"}, "timestamp": "2026-01-10 02:56:35"}
{"type": "FACE_NOT_VISIBLE", "details": {"reason": "No face detected"}, "timestamp": "2026-01-10 02:56:35"}
{"type": "FACE_NOT_VISIBLE", "details": {"reason": "No face detected"}, "timestamp": "2026-01-10 02:56:35"}
{"type": "FACE_NOT_VISIBLE", "details": {"reason": "No face detected"}, "timestamp": "2026-01-10 02:56:35"}
{"type": "FACE_NOT_VISIBLE", "details": {"reason": "No face detected"}, "timestamp": "2026-01-10 02:56:35"}
{"type": "FACE_NOT_VISIBLE", "details": {"reason": "No face detected"}, "timestamp": "2026-01-10 02:56:35"}
{"type": "FACE_NOT_VISIBLE", "details": {"reason": "No face detected"}, "timestamp": "2026-01-10 02:56:36"}
{"type": "FACE_NOT_VISIBLE", "details": {"reason": "No face detected"}, "timestamp": "2026-01-10 02:56:36"}
{"type": "FACE_NOT_VISIBLE", "details": {"reason": "No face detected"}, "timestamp": "2026-01-10 02:56:36"}
{"type": "FACE_NOT_VISIBLE", "details": {"reason": "No face detected"}, "timestamp": "2026-01-10 02:56:36"}
{"type": "FACE_NOT_VISIBLE", "details": {"reason": "No face detected"}, "timestamp": "2026-01-10 02:56:36"}
{"type": "FACE_NOT_VISIBLE", "details": {"reason": "No face detected"}, "timestamp": "2026-01-10 02:56:36"}
{"type": "FACE_NOT_VISIBLE", "details": {"reason": "No face detected"}, "timestamp": "2026-01-10 02:56:36"}
{"type": "FACE_NOT_VISIBLE", "details": {"reason": "No face detected"}, "timestamp": "2026-01-10 02:56:39"}
{"type": "FACE_NOT_VISIBLE", "details": {"reason": "No face detected"}, "timestamp": "2026-01-10 02:56:39"}
{"type": "FACE_NOT_VISIBLE", "details": {"reason": "No face detected"}, "timestamp": "2026-01-10 02:56:39"}
{"type": "FACE_NOT_VISIBLE", "details": {"reason": "No face detected"}, "timestamp": "2026-01-10 02:56:39"}
{"type": "FACE_NOT_VISIBLE", "details": {"reason": "No face detected"}, "timestamp": "2026-01-10 02:56:39"}
{"type": "FACE_NOT_VISIBLE", "details": {"reason": "No face detected"}, "timestamp": "2026-01-10 02:56:39"}
{"type": "FACE_NOT_VISIBLE", "details": {"reason": "No face detected"}, "timestamp": "2026-01-10 02:56:40"}
{"type": "FACE_NOT_VISIBLE", "details": {"reason": "No face detected"}, "timestamp": "2026-01-10 02:56:40"}
{"type": "FACE_NOT_VISIBLE", "details": {"reason": "No face detected"}, "timestamp": "2026-01-10 02:56:40"}
{"type": "FACE_NOT_VISIBLE", "details": {"reason": "No face detected"}, "timestamp": "2026-01-10 02:56:41"}
{"type": "FACE_NOT_VISIBLE", "details": {"reason": "No face detected"}, "timestamp": "2026-01-10 02:56:41"}
{"type": "FACE_NOT_VISIBLE", "details": {"reason": "No face detected"}, "timestamp": "2026-01-10 02:56:41"}
{"type": "FACE_NOT_VISIBLE", "details": {"reason": "No face detected"}, "timestamp": "2026-01-10 02:56:41"}
{"type": "FACE_NOT_VISIBLE", "details": {"reason": "No face detected"}, "timestamp": "2026-01-10 02:56:45"}
{"type": "FACE_NOT_VISIBLE", "details": {"reason": "No face detected"}, "timestamp": "2026-01-10 02:56:45"}
{"type": "FACE_NOT_VISIBLE", "details": {"reason": "No face detected"}, "timestamp": "2026-01-10 02:56:45"}
{"type": "FACE_NOT_VISIBLE", "details": {"reason": "No face detected"}, "timestamp": "2026-01-10 02:56:56"}
{"type": "FACE_NOT_VISIBLE", "details": {"reason": "No face detected"}, "timestamp": "2026-01-10 02:56:56"}
{"type": "FACE_NOT_VISIBLE", "details": {"reason": "No face detected"}, "timestamp": "2026-01-10 02:56:56"}
{"type": "FACE_NOT_VISIBLE", "details": {"reason": "No face detected"}, "timestamp": "2026-01-10 02:56:56"}
{"type": "FACE_NOT_VISIBLE", "details": {"reason": "No face detected"}, "timestamp": "2026-01-10 02:56:56"}
{"type": "FACE_NOT_VISIBLE", "details": {"reason": "No face detected"}, "timestamp": "2026-01-10 02:56:56"}
{"type": "FACE_NOT_VISIBLE", "details": {"reason": "No face detected"}, "timestamp": "2026-01-10 02:56:56"}
{"type": "FACE_NOT_VISIBLE", "details": {"reason": "No face detected"}, "timestamp": "2026-01-10 02:56:59"}
{"type": "FACE_NOT_VISIBLE", "details": {"reason": "No face detected"}, "timestamp": "2026-01-10 02:56:59"}
{"type": "FACE_NOT_VISIBLE", "details": {"reason": "No face detected"}, "timestamp": "2026-01-10 02:56:59"}
{"type": "FACE_NOT_VISIBLE", "details": {"reason": "No face detected"}, "timestamp": "2026-01-10 02:56:59"}
{"type": "FACE_NOT_VISIBLE", "details": {"reason": "No face detected"}, "timestamp": "2026-01-10 02:56:59"}
{"type": "FACE_NOT_VISIBLE", "details": {"reason": "No face detected"}, "timestamp": "2026-01-10 02:56:59"}
{"type": "FACE_NOT_VISIBLE", "details": {"reason": "No face detected"}, "timestamp": "2026-01-10 02:56:59"}
{"type": "FACE_NOT_VISIBLE", "details": {"reason": "No face detected"}, "timestamp": "2026-01-10 02:57:05"}
{"type": "FACE_NOT_VISIBLE", "details": {"reason": "No face detected"}, "timestamp": "2026-01-10 02:57:05"}
{"type": "FACE_NOT_VISIBLE", "details": {"reason": "No face detected"}, "timestamp": "2026-01-10 02:57:05"}
{"type": "FACE_NOT_VISIBLE", "details": {"reason": "No face detected"}, "timestamp": "2026-01-10 02:57:05"}
{"type": "FACE_NOT_VISIBLE", "details": {"reason": "No face detected"}, "timestamp": "2026-01-10 02:57:05"}
{"type": "FACE_NOT_VISIBLE", "details": {"reason": "No face detected"}, "timestamp": "2026-01-10 02:57:05"}
{"type": "FACE_NOT_VISIBLE", "details": {"reason": "No face detected"}, "timestamp": "2026-01-10 02:57:06"}
{"type": "FACE_NOT_VISIBLE", "details": {"reason": "No face detected"}, "timestamp": "2026-01-10 02:57:06"}
{"type": "FACE_NOT_VISIBLE", "details": {"reason": "No face detected"}, "timestamp": "2026-01-10 02:57:06"}
{"type": "FACE_NOT_VISIBLE", "details": {"reason": "No face detected"}, "timestamp": "2026-01-10 02:57:06"}
{"type": "FACE_NOT_VISIBLE", "details": {"reason": "No face detected"}, "timestamp": "2026-01-10 02:57:06"}
{"type": "FACE_NOT_VISIBLE", "details": {"reason": "No face detected"}, "timestamp": "2026-01-10 02:57:06"}
{"type": "FACE_NOT_VISIBLE", "details": {"reason": "No face detected"}, "timestamp": "2026-01-10 02:57:07"}
{"type": "FACE_NOT_VISIBLE", "details": {"reason": "No face detected"}, "timestamp": "2026-01-10 02:57:07"}
{"type": "FACE_NOT_VISIBLE", "details": {"reason": "No face detected"}, "timestamp": "2026-01-10 02:57:07"}
{"type": "FACE_NOT_VISIBLE", "details": {"reason": "No face detected"}, "timestamp": "2026-01-10 02:57:07"}
{"type": "FACE_NOT_VISIBLE", "details": {"reason": "No face detected"}, "timestamp": "2026-01-10 02:57:07"}
{"type": "FACE_NOT_VISIBLE", "details": {"reason": "No face detected"}, "timestamp": "2026-01-10 02:57:07"}
{"type": "FACE_NOT_VISIBLE", "details": {"reason": "No face detected"}, "timestamp": "2026-01-10 02:57:07"}
{"type": "FACE_NOT_VISIBLE", "details": {"reason": "No face detected"}, "timestamp": "2026-01-10 02:57:07"}
{"type": "FACE_NOT_VISIBLE", "details": {"reason": "No face detected"}, "timestamp": "2026-01-10 02:57:11"}
{"type": "FACE_NOT_VISIBLE", "details": {"reason": "No face detected"}, "timestamp": "2026-01-10 02:57:11"}
{"type": "FACE_NOT_VISIBLE", "details": {"reason": "No face detected"}, "timestamp": "2026-01-10 02:57:11"}
{"type": "FACE_NOT_VISIBLE", "details": {"reason": "No face detected"}, "timestamp": "2026-01-10 02:57:12"}
{"type": "FACE_NOT_VISIBLE", "details": {"reason": "No face detected"}, "timestamp": "2026-01-10 02:57:12"}
{"type": "FACE_NOT_VISIBLE", "details": {"reason": "No face detected"}, "timestamp": "2026-01-10 02:57:12"}
{"type": "FACE_NOT_VISIBLE", "details": {"reason": "No face detected"}, "timestamp": "2026-01-10 02:57:12"}
{"type": "FACE_NOT_VISIBLE", "details": {"reason": "No face detected"}, "timestamp": "2026-01-10 02:57:12"}
{"type": "FACE_NOT_VISIBLE", "details": {"reason": "No face detected"}, "timestamp": "2026-01-10 02:57:12"}
{"type": "FACE_NOT_VISIBLE", "details": {"reason": "No face detected"}, "timestamp": "2026-01-10 02:57:12"}
{"type": "FACE_NOT_VISIBLE", "details": {"reason": "No face detected"}, "timestamp": "2026-01-10 02:59:44"}
{"type": "FACE_NOT_VISIBLE", "details": {"reason": "No face detected"}, "timestamp": "2026-01-10 02:59:44"}
{"type": "FACE_NOT_VISIBLE", "details": {"reason": "No face detected"}, "timestamp": "2026-01-10 02:59:44"}
{"type": "FACE_NOT_VISIBLE", "details": {"reason": "No face detected"}, "timestamp": "2026-01-10 02:59:44"}
{"type": "FACE_NOT_VISIBLE", "details": {"reason": "No face detected"}, "timestamp": "2026-01-10 02:59:44"}
{"type": "FACE_NOT_VISIBLE", "details": {"reason": "No face detected"}, "timestamp": "2026-01-10 02:59:44"}
{"type": "FACE_NOT_VISIBLE", "details": {"reason": "No face detected"}, "timestamp": "2026-01-10 02:59:44"}
{"type": "MULTIPLE_FACES", "details": {"reason": "Multiple people detected in frame"}, "timestamp": "2026-01-10 03:00:07"}
{"type": "MULTIPLE_FACES", "details": {"reason": "Multiple people detected in frame"}, "timestamp": "2026-01-10 03:00:07"}
{"type": "MULTIPLE_FACES", "details": {"reason": "Multiple people detected in frame"}, "timestamp": "2026-01-10 03:00:07"}
{"type": "MULTIPLE_FACES", "details": {"reason": "Multiple people detected in frame"}, "timestamp": "2026-01-10 03:00:10"}
{"type": "MULTIPLE_FACES", "details": {"reason": "Multiple people detected in frame"}, "timestamp": "2026-01-10 03:00:10"}
{"type": "MULTIPLE_FACES", "details": {"reason": "Multiple people detected in frame"}, "timestamp": "2026-01-10 03:00:10"}
{"type": "MULTIPLE_FACES", "details": {"reason": "Multiple people detected in frame"}, "timestamp": "2026-01-10 03:00:10"}
{"type": "MULTIPLE_FACES", "details": {"reason": "Multiple people detected in frame"}, "timestamp": "2026-01-10 03:00:10"}
{"type": "MULTIPLE_FACES", "details": {"reason": "Multiple people detected in frame"}, "timestamp": "2026-01-10 03:00:10"}
{"type": "MULTIPLE_FACES", "details": {"reason": "Multiple people detected in frame"}, "timestamp": "2026-01-10 03:00:10"}
{"type": "MULTIPLE_FACES", "details": {"reason": "Multiple people detected in frame"}, "timestamp": "2026-01-10 03:00:10"}
{"type": "FACE_NOT_VISIBLE", "details": {"reason": "No face detected"}, "timestamp": "2026-01-10 03:00:14"}
{"type": "FACE_NOT_VISIBLE", "details": {"reason": "No face detected"}, "timestamp": "2026-01-10 03:00:14"}
{"type": "FACE_NOT_VISIBLE", "details": {"reason": "No face detected"}, "timestamp": "2026-01-10 03:00:14"}
{"type": "FACE_NOT_VISIBLE", "details": {"reason": "No face detected"}, "timestamp": "2026-01-10 03:00:14"}
{"type": "FACE_NOT_VISIBLE", "details": {"reason": "No face detected"}, "timestamp": "2026-01-10 03:00:14"}
{"type": "FACE_NOT_VISIBLE", "details": {"reason": "No face detected"}, "timestamp": "2026-01-10 03:00:14"}
{"type": "FACE_NOT_VISIBLE", "details": {"reason": "No face detected"}, "timestamp": "2026-01-10 03:04:39"}
{"type": "FACE_NOT_VISIBLE", "details": {"reason": "No face detected"}, "timestamp": "2026-01-10 03:04:39"}
{"type": "FACE_NOT_VISIBLE", "details": {"reason": "No face detected"}, "timestamp": "2026-01-10 03:04:39"}
{"type": "FACE_NOT_VISIBLE", "details": {"reason": "No face detected"}, "timestamp": "2026-01-10 03:04:39"}
{"type": "FACE_NOT_VISIBLE", "details": {"reason": "No face detected"}, "timestamp": "2026-01-10 03:04:39"}
{"type": "FACE_NOT_VISIBLE", "details": {"reason": "No face detected"}, "timestamp": "2026-01-10 03:04:39"}
{"type": "FACE_NOT_VISIBLE", "details": {"reason": "No face detected"}, "timestamp": "2026-01-10 03:04:40"}
{"type": "FACE_NOT_VISIBLE", "details": {"reason": "No face detected"}, "timestamp": "2026-01-10 03:04:40"}
{"type": "FACE_NOT_VISIBLE", "details": {"reason": "No face detected"}, "timestamp": "2026-01-10 03:04:41"}
{"type": "FACE_NOT_VISIBLE", "details": {"reason": "No face detected"}, "timestamp": "2026-01-10 03:04:41"}
{"type": "FACE_NOT_VISIBLE", "details": {"reason": "No face detected"}, "timestamp": "2026-01-10 03:04:41"}
{"type": "FACE_NOT_VISIBLE", "details": {"reason": "No face detected"}, "timestamp": "2026-01-10 03:04:56"}
{"type": "FACE_NOT_VISIBLE", "details": {"reason": "No face detected"}, "timestamp": "2026-01-10 03:04:56"}
{"type": "FACE_NOT_VISIBLE", "details": {"reason": "No face detected"}, "timestamp": "2026-01-10 03:04:56"}
{"type": "FACE_NOT_VISIBLE", "details": {"reason": "No face detected"}, "timestamp": "2026-01-10 03:04:56"}
{"type": "FACE_NOT_VISIBLE", "details": {"reason": "No face detected"}, "timestamp": "2026-01-10 03:04:56"}
{"type": "FACE_NOT_VISIBLE", "details": {"reason": "No face detected"}, "timestamp": "2026-01-10 03:04:56"}
{"type": "FACE_NOT_VISIBLE", "details": {"reason": "No face detected"}, "timestamp": "2026-01-10 03:04:56"}
{"type": "MULTIPLE_FACES", "details": {"reason": "Multiple people detected in frame"}, "timestamp": "2026-01-10 03:04:58"}
{"type": "MULTIPLE_FACES", "details": {"reason": "Multiple people detected in frame"}, "timestamp": "2026-01-10 03:04:58"}
{"type": "MULTIPLE_FACES", "details": {"reason": "Multiple people detected in frame"}, "timestamp": "2026-01-10 03:04:58"}
{"type": "MULTIPLE_FACES", "details": {"reason": "Multiple people detected in frame"}, "timestamp": "2026-01-10 03:04:58"}
{"type": "MULTIPLE_FACES", "details": {"reason": "Multiple people detected in frame"}, "timestamp": "2026-01-10 03:04:58"}
{"type": "MULTIPLE_FACES", "details": {"reason": "Multiple people detected in frame"}, "timestamp": "2026-01-10 03:04:58"}
{"type": "MULTIPLE_FACES", "details": {"reason": "Multiple people detected in frame"}, "timestamp": "2026-01-10 03:04:58"}
{"type": "MULTIPLE_FACES", "details": {"reason": "Multiple people detected in frame"}, "timestamp": "2026-01-10 03:04:58"}
{"type": "MULTIPLE_FACES", "details": {"reason": "Multiple people detected in frame"}, "timestamp": "2026-01-10 03:04:58"}
{"type": "MULTIPLE_FACES", "details": {"reason": "Multiple people detected in frame"}, "timestamp": "2026-01-10 03:04:58"}
{"type": "MULTIPLE_FACES", "details": {"reason": "Multiple people detected in frame"}, "timestamp": "2026-01-10 03:04:58"}
{"type": "MULTIPLE_FACES", "details": {"reason": "Multiple people detected in frame"}, "timestamp": "2026-01-10 03:04:58"}
{"type": "MULTIPLE_FACES", "details": {"reason": "Multiple people detected in frame"}, "timestamp": "2026-01-10 03:04:59"}
{"type": "MULTIPLE_FACES", "details": {"reason": "Multiple people detected in frame"}, "timestamp": "2026-01-10 03:04:59"}
{"type": "MULTIPLE_FACES", "details": {"reason": "Multiple people detected in frame"}, "timestamp": "2026-01-10 03:04:59"}
{"type": "MULTIPLE_FACES", "details": {"reason": "Multiple people detected in frame"}, "timestamp": "2026-01-10 03:04:59"}
{"type": "MULTIPLE_FACES", "details": {"reason": "Multiple people detected in frame"}, "timestamp": "2026-01-10 03:04:59"}
{"type": "MULTIPLE_FACES", "details": {"reason": "Multiple people detected in frame"}, "timestamp": "2026-01-10 03:04:59"}
{"type": "MULTIPLE_FACES", "details": {"reason": "Multiple people detected in frame"}, "timestamp": "2026-01-10 03:04:59"}
{"type": "MULTIPLE_FACES", "details": {"reason": "Multiple people detected in frame"}, "timestamp": "2026-01-10 03:04:59"}
{"type": "MULTIPLE_FACES", "details": {"reason": "Multiple people detected in frame"}, "timestamp": "2026-01-10 03:04:59"}
{"type": "MULTIPLE_FACES", "details": {"reason": "Multiple people detected in frame"}, "timestamp": "2026-01-10 03:04:59"}
{"type": "MULTIPLE_FACES", "details": {"reason": "Multiple people detected in frame"}, "timestamp": "2026-01-10 03:04:59"}
{"type": "MULTIPLE_FACES", "details": {"reason": "Multiple people detected in frame"}, "timestamp": "2026-01-10 03:04:59"}
{"type": "MULTIPLE_FACES", "details": {"reason": "Multiple people detected in frame"}, "timestamp": "2026-01-10 03:04:59"}
{"type": "MULTIPLE_FACES", "details": {"reason": "Multiple people detected in frame"}, "timestamp": "2026-01-10 03:04:59"}
{"type": "MULTIPLE_FACES", "details": {"reason": "Multiple people detected in frame"}, "timestamp": "2026-01-10 03:04:59"}
{"type": "MULTIPLE_FACES", "details": {"reason": "Multiple people detected in frame"}, "timestamp": "2026-01-10 03:04:59"}
{"type": "MULTIPLE_FACES", "details": {"reason": "Multiple people detected in frame"}, "timestamp": "2026-01-10 03:04:59"}
{"type": "MULTIPLE_FACES", "details": {"reason": "Multiple people detected in frame"}, "timestamp": "2026-01-10 03:04:59"}
{"type": "MULTIPLE_FACES", "details": {"reason": "Multiple people detected in frame"}, "timestamp": "2026-01-10 03:04:59"}
{"type": "MULTIPLE_FACES", "details": {"reason": "Multiple people detected in frame"}, "timestamp": "2026-01-10 03:04:59"}
{"type": "MULTIPLE_FACES", "details": {"reason": "Multiple people detected in frame"}, "timestamp": "2026-01-10 03:04:59"}
{"type": "MULTIPLE_FACES", "details": {"reason": "Multiple people detected in frame"}, "timestamp": "2026-01-10 03:04:59"}
{"type": "MULTIPLE_FACES", "details": {"reason": "Multiple people detected in frame"}, "timestamp": "2026-01-10 03:04:59"}
{"type": "MULTIPLE_FACES", "details": {"reason": "Multiple people detected in frame"}, "timestamp": "2026-01-10 03:04:59"}
{"type": "MULTIPLE_FACES", "details": {"reason": "Multiple people detected in frame"}, "timestamp": "2026-01-10 03:04:59"}
{"type": "MULTIPLE_FACES", "details": {"reason": "Multiple people detected in frame"}, "timestamp": "2026-01-10 03:04:59"}
{"type": "MULTIPLE_FACES", "details": {"reason": "Multiple people detected in frame"}, "timestamp": "2026-01-10 03:04:59"}
{"type": "MULTIPLE_FACES", "details": {"reason": "Multiple people detected in frame"}, "timestamp": "2026-01-10 03:05:00"}
{"type": "MULTIPLE_FACES", "details": {"reason": "Multiple people detected in frame"}, "timestamp": "2026-01-10 03:05:00"}
{"type": "MULTIPLE_FACES", "details": {"reason": "Multiple people detected in frame"}, "timestamp": "2026-01-10 03:05:00"}
{"type": "MULTIPLE_FACES", "details": {"reason": "Multiple people detected in frame"}, "timestamp": "2026-01-10 03:05:00"}
{"type": "MULTIPLE_FACES", "details": {"reason": "Multiple people detected in frame"}, "timestamp": "2026-01-10 03:05:00"}
{"type": "MULTIPLE_FACES", "details": {"reason": "Multiple people detected in frame"}, "timestamp": "2026-01-10 03:05:00"}
{"type": "MULTIPLE_FACES", "details": {"reason": "Multiple people detected in frame"}, "timestamp": "2026-01-10 03:05:00"}
{"type": "MULTIPLE_FACES", "details": {"reason": "Multiple people detected in frame"}, "timestamp": "2026-01-10 03:05:00"}
{"type": "MULTIPLE_FACES", "details": {"reason": "Multiple people detected in frame"}, "timestamp": "2026-01-10 03:05:00"}
{"type": "MULTIPLE_FACES", "details": {"reason": "Multiple people detected in frame"}, "timestamp": "2026-01-10 03:05:00"}
{"type": "MULTIPLE_FACES", "details": {"reason": "Multiple people detected in frame"}, "timestamp": "2026-01-10 03:05:00"}
{"type": "MULTIPLE_FACES", "details": {"reason": "Multiple people detected in frame"}, "timestamp": "2026-01-10 03:05:00"}
{"type": "MULTIPLE_FACES", "details": {"reason": "Multiple people detected in frame"}, "timestamp": "2026-01-10 03:05:00"}
{"type": "MULTIPLE_FACES", "details": {"reason": "Multiple people detected in frame"}, "timestamp": "2026-01-10 03:05:00"}
{"type": "MULTIPLE_FACES", "details": {"reason": "Multiple people detected in frame"}, "timestamp": "2026-01-10 03:05:00"}
{"type": "MULTIPLE_FACES", "details": {"reason": "Multiple people detected in frame"}, "timestamp": "2026-01-10 03:05:00"}
{"type": "MULTIPLE_FACES", "details": {"reason": "Multiple people detected in frame"}, "timestamp": "2026-01-10 03:05:00"}
{"type": "MULTIPLE_FACES", "details": {"reason": "Multiple people detected in frame"}, "timestamp": "2026-01-10 03:05:00"}
{"type": "MULTIPLE_FACES", "details": {"reason": "Multiple people detected in frame"}, "timestamp": "2026-01-10 03:05:00"}
{"type": "MULTIPLE_FACES", "details": {"reason": "Multiple people detected in frame"}, "timestamp": "2026-01-10 03:05:00"}
{"type": "MULTIPLE_FACES", "details": {"reason": "Multiple people detected in frame"}, "timestamp": "2026-01-10 03:05:00"}
{"type": "MULTIPLE_FACES", "details": {"reason": "Multiple people detected in frame"}, "timestamp": "2026-01-10 03:05:00"}
{"type": "MULTIPLE_FACES", "details": {"reason": "Multiple people detected in frame"}, "timestamp": "2026-01-10 03:05:00"}
{"type": "MULTIPLE_FACES", "details": {"reason": "Multiple people detected in frame"}, "timestamp": "2026-01-10 03:05:00"}
{"type": "MULTIPLE_FACES", "details": {"reason": "Multiple people detected in frame"}, "timestamp": "2026-01-10 03:05:00"}
{"type": "FACE_NOT_VISIBLE", "details": {"reason": "No face detected"}, "timestamp": "2026-01-10 03:05:01"}
{"type": "FACE_NOT_VISIBLE", "details": {"reason": "No face detected"}, "timestamp": "2026-01-10 03:05:01"}
{"type": "FACE_NOT_VISIBLE", "details": {"reason": "No face detected"}, "timestamp": "2026-01-10 03:05:01"}
{"type": "FACE_NOT_VISIBLE", "details": {"reason": "No face detected"}, "timestamp": "2026-01-10 03:05:01"}
{"type": "FACE_NOT_VISIBLE", "details": {"reason": "No face detected"}, "timestamp": "2026-01-10 03:05:01"}
{"type": "FACE_NOT_VISIBLE", "details": {"reason": "No face detected"}, "timestamp": "2026-01-10 03:05:01"}
{"type": "FACE_NOT_VISIBLE", "details": {"reason": "No face detected"}, "timestamp": "2026-01-10 03:05:02"}
{"type": "FACE_NOT_VISIBLE", "details": {"reason": "No face detected"}, "timestamp": "2026-01-10 03:05:02"}
{"type": "FACE_NOT_VISIBLE", "details": {"reason": "No face detected"}, "timestamp": "2026-01-10 03:05:02"}
{"type": "FACE_NOT_VISIBLE", "details": {"reason": "No face detected"}, "timestamp": "2026-01-10 03:05:03"}
{"type": "FACE_NOT_VISIBLE", "details": {"reason": "No face detected"}, "timestamp": "2026-01-10 03:05:03"}
{"type": "FACE_NOT_VISIBLE", "details": {"reason": "No face detected"}, "timestamp": "2026-01-10 03:05:03"}
{"type": "FACE_NOT_VISIBLE", "details": {"reason": "No face detected"}, "timestamp": "2026-01-10 03:05:03"}
{"type": "FACE_NOT_VISIBLE", "details": {"reason": "No face detected"}, "timestamp": "2026-01-10 03:05:03"}
{"type": "FACE_NOT_VISIBLE", "details": {"reason": "No face detected"}, "timestamp": "2026-01-10 03:05:03"}
{"type": "FACE_NOT_VISIBLE", "details": {"reason": "No face detected"}, "timestamp": "2026-01-10 03:05:03"}
{"type": "FACE_NOT_VISIBLE", "details": {"reason": "No face detected"}, "timestamp": "2026-01-10 03:05:04"}
{"type": "FACE_NOT_VISIBLE", "details": {"reason": "No face detected"}, "timestamp": "2026-01-10 03:05:04"}
{"type": "FACE_NOT_VISIBLE", "details": {"reason": "No face detected"}, "timestamp": "2026-01-10 03:05:04"}
{"type": "FACE_NOT_VISIBLE", "details": {"reason": "No face detected"}, "timestamp": "2026-01-10 03:05:04"}
{"type": "FACE_NOT_VISIBLE", "details": {"reason": "No face detected"}, "timestamp": "2026-01-10 03:05:04"}
{"type": "FACE_NOT_VISIBLE", "details": {"reason": "No face detected"}, "timestamp": "2026-01-10 03:05:04"}
{"type": "FACE_NOT_VISIBLE", "details": {"reason": "No face detected"}, "timestamp": "2026-01-10 03:05:05"}
{"type": "FACE_NOT_VISIBLE", "details": {"reason": "No face detected"}, "timestamp": "2026-01-10 03:05:05"}
{"type": "FACE_NOT_VISIBLE", "details": {"reason": "No face detected"}, "timestamp": "2026-01-10 03:05:05"}
{"type": "FACE_NOT_VISIBLE", "details": {"reason": "No face detected"}, "timestamp": "2026-01-10 03:05:05"}
{"type": "FACE_NOT_VISIBLE", "details": {"reason": "No face detected"}, "timestamp": "2026-01-10 03:05:05"}
{"type": "FACE_NOT_VISIBLE", "details": {"reason": "No face detected"}, "timestamp": "2026-01-10 03:05:05"}
{"type": "FACE_NOT_VISIBLE", "details": {"reason": "No face detected"}, "timestamp": "2026-01-10 03:05:06"}
{"type": "FACE_NOT_VISIBLE", "details": {"reason": "No face detected"}, "timestamp": "2026-01-10 03:05:06"}
{"type": "FACE_NOT_VISIBLE", "details": {"reason": "No face detected"}, "timestamp": "2026-01-10 03:05:06"}
{"type": "FACE_NOT_VISIBLE", "details": {"reason": "No face detected"}, "timestamp": "2026-01-10 03:05:06"}
{"type": "FACE_NOT_VISIBLE", "details": {"reason": "No face detected"}, "timestamp": "2026-01-10 03:05:06"}
{"type": "FACE_NOT_VISIBLE", "details": {"reason": "No face detected"}, "timestamp": "2026-01-10 03:05:06"}
{"type": "FACE_NOT_VISIBLE", "details": {"reason": "No face detected"}, "timestamp": "2026-01-10 03:05:08"}
{"type": "FACE_NOT_VISIBLE", "details": {"reason": "No face detected"}, "timestamp": "2026-01-10 03:05:08"}
{"type": "FACE_NOT_VISIBLE", "details": {"reason": "No face detected"}, "timestamp": "2026-01-10 03:05:08"}
{"type": "FACE_NOT_VISIBLE", "details": {"reason": "No face detected"}, "timestamp": "2026-01-10 03:05:08"}
{"type": "FACE_NOT_VISIBLE", "details": {"reason": "No face detected"}, "timestamp": "2026-01-10 03:05:08"}
{"type": "FACE_NOT_VISIBLE", "details": {"reason": "No face detected"}, "timestamp": "2026-01-10 03:05:08"}
{"type": "FACE_NOT_VISIBLE", "details": {"reason": "No face detected"}, "timestamp": "2026-01-10 03:05:08"}
{"type": "FACE_NOT_VISIBLE", "details": {"reason": "No face detected"}, "timestamp": "2026-01-10 03:05:14"}
{"type": "FACE_NOT_VISIBLE", "details": {"reason": "No face detected"}, "timestamp": "2026-01-10 03:05:14"}
{"type": "FACE_NOT_VISIBLE", "details": {"reason": "No face detected"}, "timestamp": "2026-01-10 03:05:15"}
{"type": "FACE_NOT_VISIBLE", "details": {"reason": "No face detected"}, "timestamp": "2026-01-10 03:05:15"}
{"type": "FACE_NOT_VISIBLE", "details": {"reason": "No face detected"}, "timestamp": "2026-01-10 03:05:15"}
{"type": "FACE_NOT_VISIBLE", "details": {"reason": "No face detected"}, "timestamp": "2026-01-10 03:05:15"}
{"type": "FACE_NOT_VISIBLE", "details": {"reason": "No face detected"}, "timestamp": "2026-01-10 03:05:15"}
{"type": "FACE_NOT_VISIBLE", "details": {"reason": "No face detected"}, "timestamp": "2026-01-10 03:05:15"}
{"type": "FACE_NOT_VISIBLE", "details": {"reason": "No face detected"}, "timestamp": "2026-01-10 03:05:15"}
{"type": "FACE_NOT_VISIBLE", "details": {"reason": "No face detected"}, "timestamp": "2026-01-10 03:05:15"}
{"type": "FACE_NOT_VISIBLE", "details": {"reason": "No face detected"}, "timestamp": "2026-01-10 03:05:15"}
{"type": "FACE_NOT_VISIBLE", "details": {"reason": "No face detected"}, "timestamp": "2026-01-10 03:05:15"}
{"type": "FACE_NOT_VISIBLE", "details": {"reason": "No face detected"}, "timestamp": "2026-01-10 03:05:15"}
{"type": "FACE_NOT_VISIBLE", "details": {"reason": "No face detected"}, "timestamp": "2026-01-10 03:05:15"}
{"type": "FACE_NOT_VISIBLE", "details": {"reason": "No face detected"}, "timestamp": "2026-01-10 03:05:15"}
{"type": "FACE_NOT_VISIBLE", "details": {"reason": "No face detected"}, "timestamp": "2026-01-10 03:05:15"}
{"type": "FACE_NOT_VISIBLE", "details": {"reason": "No face detected"}, "timestamp": "2026-01-10 03:05:15"}
{"type": "FACE_NOT_VISIBLE", "details": {"reason": "No face detected"}, "timestamp": "2026-01-10 03:05:15"}
{"type": "FACE_NOT_VISIBLE", "details": {"reason": "No face detected"}, "timestamp": "2026-01-10 03:05:16"}
{"type": "FACE_NOT_VISIBLE", "details": {"reason": "No face detected"}, "timestamp": "2026-01-10 03:05:16"}
{"type": "FACE_NOT_VISIBLE", "details": {"reason": "No face detected"}, "timestamp": "2026-01-10 03:05:16"}
{"type": "FACE_NOT_VISIBLE", "details": {"reason": "No face detected"}, "timestamp": "2026-01-10 03:05:16"}
{"type": "FACE_NOT_VISIBLE", "details": {"reason": "No face detected"}, "timestamp": "2026-01-10 03:05:16"}
{"type": "FACE_NOT_VISIBLE", "details": {"reason": "No face detected"}, "timestamp": "2026-01-10 03:05:16"}
{"type": "FACE_NOT_VISIBLE", "details": {"reason": "No face detected"}, "timestamp": "2026-01-10 03:05:16"}
{"type": "FACE_NOT_VISIBLE", "details": {"reason": "No face detected"}, "timestamp": "2026-01-10 03:05:16"}
{"type": "FACE_NOT_VISIBLE", "details": {"reason": "No face detected"}, "timestamp": "2026-01-10 03:05:16"}
{"type": "FACE_NOT_VISIBLE", "details": {"reason": "No face detected"}, "timestamp": "2026-01-10 03:05:16"}
{"type": "FACE_NOT_VISIBLE", "details": {"reason": "No face detected"}, "timestamp": "2026-01-10 03:05:17"}
{"type": "FACE_NOT_VISIBLE", "details": {"reason": "No face detected"}, "timestamp": "2026-01-10 03:05:17"}
{"type": "FACE_NOT_VISIBLE", "details": {"reason": "No face detected"}, "timestamp": "2026-01-10 03:05:17"}
{"type": "FACE_NOT_VISIBLE", "details": {"reason": "No face detected"}, "timestamp": "2026-01-10 03:05:17"}
{"type": "FACE_NOT_VISIBLE", "details": {"reason": "No face detected"}, "timestamp": "2026-01-10 03:05:17"}
{"type": "FACE_NOT_VISIBLE", "details": {"reason": "No face detected"}, "timestamp": "2026-01-10 03:05:17"}
{"type": "FACE_NOT_VISIBLE", "details": {"reason": "No face detected"}, "timestamp": "2026-01-10 03:05:17"}
{"type": "FACE_NOT_VISIBLE", "details": {"reason": "No face detected"}, "timestamp": "2026-01-10 03:05:17"}
{"type": "FACE_NOT_VISIBLE", "details": {"reason": "No face detected"}, "timestamp": "2026-01-10 03:05:18"}
{"type": "FACE_NOT_VISIBLE", "details": {"reason": "No face detected"}, "timestamp": "2026-01-10 03:05:18"}
{"type": "FACE_NOT_VISIBLE", "details": {"reason": "No face detected"}, "timestamp": "2026-01-10 03:05:18"}
{"type": "FACE_NOT_VISIBLE", "details": {"reason": "No face detected"}, "timestamp": "2026-01-10 03:05:18"}
{"type": "FACE_NOT_VISIBLE", "details": {"reason": "No face detected"}, "timestamp": "2026-01-10 03:05:18"}
{"type": "FACE_NOT_VISIBLE", "details": {"reason": "No face detected"}, "timestamp": "2026-01-10 03:05:18"}
{"type": "FACE_NOT_VISIBLE", "details": {"reason": "No face detected"}, "timestamp": "2026-01-10 03:05:18"}
{"type": "FACE_NOT_VISIBLE", "details": {"reason": "No face detected"}, "timestamp": "2026-01-10 03:05:18"}
{"type": "FACE_NOT_VISIBLE", "details": {"reason": "No face detected"}, "timestamp": "2026-01-10 03:05:19"}
{"type": "FACE_NOT_VISIBLE", "details": {"reason": "No face detected"}, "timestamp": "2026-01-10 03:05:19"}
{"type": "FACE_NOT_VISIBLE", "details": {"reason": "No face detected"}, "timestamp": "2026-01-10 03:05:19"}
{"type": "FACE_NOT_VISIBLE", "details": {"reason": "No face detected"}, "timestamp": "2026-01-10 03:05:19"}
{"type": "FACE_NOT_VISIBLE", "details": {"reason": "No face detected"}, "timestamp": "2026-01-10 03:05:19"}
{"type": "FACE_NOT_VISIBLE", "details": {"reason": "No face detected"}, "timestamp": "2026-01-10 03:05:19"}
{"type": "FACE_NOT_VISIBLE", "details": {"reason": "No face detected"}, "timestamp": "2026-01-10 03:05:20"}
{"type": "FACE_NOT_VISIBLE", "details": {"reason": "No face detected"}, "timestamp": "2026-01-10 03:05:20"}
{"type": "FACE_NOT_VISIBLE", "details": {"reason": "No face detected"}, "timestamp": "2026-01-10 03:05:20"}
{"type": "FACE_NOT_VISIBLE", "details": {"reason": "No face detected"}, "timestamp": "2026-01-10 03:05:20"}
{"type": "FACE_NOT_VISIBLE", "details": {"reason": "No face detected"}, "timestamp": "2026-01-10 03:05:20"}
{"type": "FACE_NOT_VISIBLE", "details": {"reason": "No face detected"}, "timestamp": "2026-01-10 03:05:20"}
{"type": "FACE_NOT_VISIBLE", "details": {"reason": "No face detected"}, "timestamp": "2026-01-10 03:05:22"}
{"type": "FACE_NOT_VISIBLE", "details": {"reason": "No face detected"}, "timestamp": "2026-01-10 03:05:22"}
{"type": "FACE_NOT_VISIBLE", "details": {"reason": "No face detected"}, "timestamp": "2026-01-10 03:05:22"}
{"type": "FACE_NOT_VISIBLE", "details": {"reason": "No face detected"}, "timestamp": "2026-01-10 03:05:22"}
{"type": "FACE_NOT_VISIBLE", "details": {"reason": "No face detected"}, "timestamp": "2026-01-10 03:05:22"}
{"type": "FACE_NOT_VISIBLE", "details": {"reason": "No face detected"}, "timestamp": "2026-01-10 03:05:22"}
{"type": "FACE_NOT_VISIBLE", "details": {"reason": "No face detected"}, "timestamp": "2026-01-10 03:05:22"}
{"type": "FACE_NOT_VISIBLE", "details": {"reason": "No face detected"}, "timestamp": "2026-01-10 03:05:22"}
{"type": "FACE_NOT_VISIBLE", "details": {"reason": "No face detected"}, "timestamp": "2026-01-10 03:05:23"}
{"type": "FACE_NOT_VISIBLE", "details": {"reason": "No face detected"}, "timestamp": "2026-01-10 03:05:23"}
{"type": "FACE_NOT_VISIBLE", "details": {"reason": "No face detected"}, "timestamp": "2026-01-10 03:05:23"}
{"type": "FACE_NOT_VISIBLE", "details": {"reason": "No face detected"}, "timestamp": "2026-01-10 03:05:23"}
{"type": "FACE_NOT_VISIBLE", "details": {"reason": "No face detected"}, "timestamp": "2026-01-10 03:05:23"}
{"type": "FACE_NOT_VISIBLE", "details": {"reason": "No face detected"}, "timestamp": "2026-01-10 03:05:23"}
{"type": "FACE_NOT_VISIBLE", "details": {"reason": "No face detected"}, "timestamp": "2026-01-10 03:05:23"}
{"type": "FACE_NOT_VISIBLE", "details": {"reason": "No face detected"}, "timestamp": "2026-01-10 03:05:23"}
{"type": "FACE_NOT_VISIBLE", "details": {"reason": "No face detected"}, "timestamp": "2026-01-10 03:05:23"}
{"type": "FACE_NOT_VISIBLE", "details": {"reason": "No face detected"}, "timestamp": "2026-01-10 03:05:23"}
{"type": "FACE_NOT_VISIBLE", "details": {"reason": "No face detected"}, "timestamp": "2026-01-10 03:05:23"}
{"type": "FACE_NOT_VISIBLE", "details": {"reason": "No face detected"}, "timestamp": "2026-01-10 03:05:23"}
{"type": "FACE_NOT_VISIBLE", "details": {"reason": "No face detected"}, "timestamp": "2026-01-10 03:05:23"}
{"type": "FACE_NOT_VISIBLE", "details": {"reason": "No face detected"}, "timestamp": "2026-01-10 03:05:23"}
{"type": "MULTIPLE_FACES", "details": {"reason": "Multiple people detected in frame"}, "timestamp": "2026-01-10 03:05:25"}
{"type": "MULTIPLE_FACES", "details": {"reason": "Multiple people detected in frame"}, "timestamp": "2026-01-10 03:05:26"}
{"type": "MULTIPLE_FACES", "details": {"reason": "Multiple people detected in frame"}, "timestamp": "2026-01-10 03:05:26"}
{"type": "MULTIPLE_FACES", "details": {"reason": "Multiple people detected in frame"}, "timestamp": "2026-01-10 03:05:26"}
{"type": "MULTIPLE_FACES", "details": {"reason": "Multiple people detected in frame"}, "timestamp": "2026-01-10 03:05:26"}
{"type": "MULTIPLE_FACES", "details": {"reason": "Multiple people detected in frame"}, "timestamp": "2026-01-10 03:05:26"}
{"type": "MULTIPLE_FACES", "details": {"reason": "Multiple people detected in frame"}, "timestamp": "2026-01-10 03:05:26"}
{"type": "MULTIPLE_FACES", "details": {"reason": "Multiple people detected in frame"}, "timestamp": "2026-01-10 03:05:26"}
{"type": "MULTIPLE_FACES", "details": {"reason": "Multiple people detected in frame"}, "timestamp": "2026-01-10 03:05:26"}
{"type": "MULTIPLE_FACES", "details": {"reason": "Multiple people detected in frame"}, "timestamp": "2026-01-10 03:05:26"}
{"type": "MULTIPLE_FACES", "details": {"reason": "Multiple people detected in frame"}, "timestamp": "2026-01-10 03:05:26"}
{"type": "MULTIPLE_FACES", "details": {"reason": "Multiple people detected in frame"}, "timestamp": "2026-01-10 03:05:26"}
{"type": "MULTIPLE_FACES", "details": {"reason": "Multiple people detected in frame"}, "timestamp": "2026-01-10 03:05:26"}
{"type": "MULTIPLE_FACES", "details": {"reason": "Multiple people detected in frame"}, "timestamp": "2026-01-10 03:05:26"}
{"type": "MULTIPLE_FACES", "details": {"reason": "Multiple people detected in frame"}, "timestamp": "2026-01-10 03:05:26"}
{"type": "MULTIPLE_FACES", "details": {"reason": "Multiple people detected in frame"}, "timestamp": "2026-01-10 03:05:26"}
{"type": "MULTIPLE_FACES", "details": {"reason": "Multiple people detected in frame"}, "timestamp": "2026-01-10 03:05:26"}
{"type": "MULTIPLE_FACES", "details": {"reason": "Multiple people detected in frame"}, "timestamp": "2026-01-10 03:05:26"}
{"type": "MULTIPLE_FACES", "details": {"reason": "Multiple people detected in frame"}, "timestamp": "2026-01-10 03:05:26"}
{"type": "FACE_NOT_VISIBLE", "details": {"reason": "No face detected"}, "timestamp": "2026-01-10 03:09:55"}
{"type": "FACE_NOT_VISIBLE", "details": {"reason": "No face detected"}, "timestamp": "2026-01-10 03:09:55"}
{"type": "FACE_NOT_VISIBLE", "details": {"reason": "No face detected"}, "timestamp": "2026-01-10 03:09:55"}
{"type": "FACE_NOT_VISIBLE", "details": {"reason": "No face detected"}, "timestamp": "2026-01-10 03:09:55"}
{"type": "FACE_NOT_VISIBLE", "details": {"reason": "No face detected"}, "timestamp": "2026-01-10 03:09:55"}
{"type": "FACE_NOT_VISIBLE", "details": {"reason": "No face detected"}, "timestamp": "2026-01-10 03:09:55"}
{"type": "FACE_NOT_VISIBLE", "details": {"reason": "No face detected"}, "timestamp": "2026-01-10 03:09:57"}
{"type": "FACE_NOT_VISIBLE", "details": {"reason": "No face detected"}, "timestamp": "2026-01-10 03:09:57"}
{"type": "FACE_NOT_VISIBLE", "details": {"reason": "No face detected"}, "timestamp": "2026-01-10 03:09:57"}
{"type": "FACE_NOT_VISIBLE", "details": {"reason": "No face detected"}, "timestamp": "2026-01-10 03:09:58"}
{"type": "FACE_NOT_VISIBLE", "details": {"reason": "No face detected"}, "timestamp": "2026-01-10 03:09:58"}
{"type": "FACE_NOT_VISIBLE", "details": {"reason": "No face detected"}, "timestamp": "2026-01-10 03:09:58"}
{"type": "FACE_NOT_VISIBLE", "details": {"reason": "No face detected"}, "timestamp": "2026-01-10 03:09:58"}
{"type": "FACE_NOT_VISIBLE", "details": {"reason": "No face detected"}, "timestamp": "2026-01-10 03:10:03"}
{"type": "FACE_NOT_VISIBLE", "details": {"reason": "No face detected"}, "timestamp": "2026-01-10 03:10:03"}
{"type": "FACE_NOT_VISIBLE", "details": {"reason": "No face detected"}, "timestamp": "2026-01-10 03:10:03"}
{"type": "FACE_NOT_VISIBLE", "details": {"reason": "No face detected"}, "timestamp": "2026-01-10 03:10:03"}
{"type": "FACE_NOT_VISIBLE", "details": {"reason": "No face detected"}, "timestamp": "2026-01-10 03:10:03"}
{"type": "FACE_NOT_VISIBLE", "details": {"reason": "No face detected"}, "timestamp": "2026-01-10 03:10:03"}
{"type": "FACE_NOT_VISIBLE", "details": {"reason": "No face detected"}, "timestamp": "2026-01-10 03:10:03"}
{"type": "FACE_NOT_VISIBLE", "details": {"reason": "No face detected"}, "timestamp": "2026-01-10 03:10:08"}
{"type": "FACE_NOT_VISIBLE", "details": {"reason": "No face detected"}, "timestamp": "2026-01-10 03:10:08"}
{"type": "FACE_NOT_VISIBLE", "details": {"reason": "No face detected"}, "timestamp": "2026-01-10 03:10:08"}
{"type": "FACE_NOT_VISIBLE", "details": {"reason": "No face detected"}, "timestamp": "2026-01-10 03:10:08"}
{"type": "FACE_NOT_VISIBLE", "details": {"reason": "No face detected"}, "timestamp": "2026-01-10 03:10:08"}
{"type": "FACE_NOT_VISIBLE", "details": {"reason": "No face detected"}, "timestamp": "2026-01-10 03:10:08"}
{"type": "FACE_NOT_VISIBLE", "details": {"reason": "No face detected"}, "timestamp": "2026-01-10 03:10:08"}
{"type": "FACE_NOT_VISIBLE", "details": {"reason": "No face detected"}, "timestamp": "2026-01-10 03:10:09"}
{"type": "FACE_NOT_VISIBLE", "details": {"reason": "No face detected"}, "timestamp": "2026-01-10 03:10:09"}
{"type": "FACE_NOT_VISIBLE", "details": {"reason": "No face detected"}, "timestamp": "2026-01-10 03:10:10"}
{"type": "FACE_NOT_VISIBLE", "details": {"reason": "No face detected"}, "timestamp": "2026-01-10 03:10:10"}
{"type": "MULTIPLE_FACES", "details": {"reason": "Multiple people detected in frame"}, "timestamp": "2026-01-10 03:10:11"}
{"type": "MULTIPLE_FACES", "details": {"reason": "Multiple people detected in frame"}, "timestamp": "2026-01-10 03:10:11"}
{"type": "MULTIPLE_FACES", "details": {"reason": "Multiple people detected in frame"}, "timestamp": "2026-01-10 03:10:11"}
{"type": "MULTIPLE_FACES", "details": {"reason": "Multiple people detected in frame"}, "timestamp": "2026-01-10 03:10:11"}
{"type": "MULTIPLE_FACES", "details": {"reason": "Multiple people detected in frame"}, "timestamp": "2026-01-10 03:10:11"}
{"type": "MULTIPLE_FACES", "details": {"reason": "Multiple people detected in frame"}, "timestamp": "2026-01-10 03:10:11"}
{"type": "MULTIPLE_FACES", "details": {"reason": "Multiple people detected in frame"}, "timestamp": "2026-01-10 03:10:11"}
{"type": "MULTIPLE_FACES", "details": {"reason": "Multiple people detected in frame"}, "timestamp": "2026-01-10 03:10:11"}
{"type": "MULTIPLE_FACES", "details": {"reason": "Multiple people detected in frame"}, "timestamp": "2026-01-10 03:10:11"}
{"type": "MULTIPLE_FACES", "details": {"reason": "Multiple people detected in frame"}, "timestamp": "2026-01-10 03:10:11"}
{"type": "MULTIPLE_FACES", "details": {"reason": "Multiple people detected in frame"}, "timestamp": "2026-01-10 03:10:11"}
{"type": "MULTIPLE_FACES", "details": {"reason": "Multiple people detected in frame"}, "timestamp": "2026-01-10 03:10:11"}
{"type": "MULTIPLE_FACES", "details": {"reason": "Multiple people detected in frame"}, "timestamp": "2026-01-10 03:10:11"}
{"type": "MULTIPLE_FACES", "details": {"reason": "Multiple people detected in frame"}, "timestamp": "2026-01-10 03:10:11"}
{"type": "MULTIPLE_FACES", "details": {"reason": "Multiple people detected in frame"}, "timestamp": "2026-01-10 03:10:11"}
{"type": "MULTIPLE_FACES", "details": {"reason": "Multiple people detected in frame"}, "timestamp": "2026-01-10 03:10:11"}
{"type": "MULTIPLE_FACES", "details": {"reason": "Multiple people detected in frame"}, "timestamp": "2026-01-10 03:10:11"}
{"type": "MULTIPLE_FACES", "details": {"reason": "Multiple people detected in frame"}, "timestamp": "2026-01-10 03:10:11"}
{"type": "MULTIPLE_FACES", "details": {"reason": "Multiple people detected in frame"}, "timestamp": "2026-01-10 03:10:12"}
{"type": "MULTIPLE_FACES", "details": {"reason": "Multiple people detected in frame"}, "timestamp": "2026-01-10 03:10:12"}
{"type": "MULTIPLE_FACES", "details": {"reason": "Multiple people detected in frame"}, "timestamp": "2026-01-10 03:10:12"}
{"type": "MULTIPLE_FACES", "details": {"reason": "Multiple people detected in frame"}, "timestamp": "2026-01-10 03:10:12"}
{"type": "MULTIPLE_FACES", "details": {"reason": "Multiple people detected in frame"}, "timestamp": "2026-01-10 03:10:12"}
{"type": "MULTIPLE_FACES", "details": {"reason": "Multiple people detected in frame"}, "timestamp": "2026-01-10 03:10:12"}
{"type": "MULTIPLE_FACES", "details": {"reason": "Multiple people detected in frame"}, "timestamp": "2026-01-10 03:10:12"}
{"type": "MULTIPLE_FACES", "details": {"reason": "Multiple people detected in frame"}, "timestamp": "2026-01-10 03:10:12"}
{"type": "MULTIPLE_FACES", "details": {"reason": "Multiple people detected in frame"}, "timestamp": "2026-01-10 03:10:12"}
{"type": "MULTIPLE_FACES", "details": {"reason": "Multiple people detected in frame"}, "timestamp": "2026-01-10 03:10:12"}
{"type": "MULTIPLE_FACES", "details": {"reason": "Multiple people detected in frame"}, "timestamp": "2026-01-10 03:10:12"}
{"type": "MULTIPLE_FACES", "details": {"reason": "Multiple people detected in frame"}, "timestamp": "2026-01-10 03:10:12"}
{"type": "MULTIPLE_FACES", "details": {"reason": "Multiple people detected in frame"}, "timestamp": "2026-01-10 03:10:12"}
{"type": "MULTIPLE_FACES", "details": {"reason": "Multiple people detected in frame"}, "timestamp": "2026-01-10 03:10:12"}
{"type": "MULTIPLE_FACES", "details": {"reason": "Multiple people detected in frame"}, "timestamp": "2026-01-10 03:10:12"}
{"type": "MULTIPLE_FACES", "details": {"reason": "Multiple people detected in frame"}, "timestamp": "2026-01-10 03:10:12"}
{"type": "MULTIPLE_FACES", "details": {"reason": "Multiple people detected in frame"}, "timestamp": "2026-01-10 03:10:12"}
{"type": "MULTIPLE_FACES", "details": {"reason": "Multiple people detected in frame"}, "timestamp": "2026-01-10 03:10:12"}
{"type": "MULTIPLE_FACES", "details": {"reason": "Multiple people detected in frame"}, "timestamp": "2026-01-10 03:10:12"}
{"type": "MULTIPLE_FACES", "details": {"reason": "Multiple people detected in frame"}, "timestamp": "2026-01-10 03:10:12"}
{"type": "MULTIPLE_FACES", "details": {"reason": "Multiple people detected in frame"}, "timestamp": "2026-01-10 03:10:12"}
{"type": "MULTIPLE_FACES", "details": {"reason": "Multiple people detected in frame"}, "timestamp": "2026-01-10 03:10:12"}
{"type": "MULTIPLE_FACES", "details": {"reason": "Multiple people detected in frame"}, "timestamp": "2026-01-10 03:10:12"}
{"type": "MULTIPLE_FACES", "details": {"reason": "Multiple people detected in frame"}, "timestamp": "2026-01-10 03:10:12"}
{"type": "MULTIPLE_FACES", "details": {"reason": "Multiple people detected in frame"}, "timestamp": "2026-01-10 03:10:12"}
{"type": "MULTIPLE_FACES", "details": {"reason": "Multiple people detected in frame"}, "timestamp": "2026-01-10 03:10:12"}
{"type": "MULTIPLE_FACES", "details": {"reason": "Multiple people detected in frame"}, "timestamp": "2026-01-10 03:10:12"}
{"type": "MULTIPLE_FACES", "details": {"reason": "Multiple people detected in frame"}, "timestamp": "2026-01-10 03:10:13"}
{"type": "MULTIPLE_FACES", "details": {"reason": "Multiple people detected in frame"}, "timestamp": "2026-01-10 03:10:13"}
{"type": "MULTIPLE_FACES", "details": {"reason": "Multiple people detected in frame"}, "timestamp": "2026-01-10 03:10:13"}
{"type": "MULTIPLE_FACES", "details": {"reason": "Multiple people detected in frame"}, "timestamp": "2026-01-10 03:10:13"}
{"type": "MULTIPLE_FACES", "details": {"reason": "Multiple people detected in frame"}, "timestamp": "2026-01-10 03:10:13"}
{"type": "MULTIPLE_FACES", "details": {"reason": "Multiple people detected in frame"}, "timestamp": "2026-01-10 03:10:13"}
{"type": "MULTIPLE_FACES", "details": {"reason": "Multiple people detected in frame"}, "timestamp": "2026-01-10 03:10:13"}
{"type": "MULTIPLE_FACES", "details": {"reason": "Multiple people detected in frame"}, "timestamp": "2026-01-10 03:10:13"}
{"type": "MULTIPLE_FACES", "details": {"reason": "Multiple people detected in frame"}, "timestamp": "2026-01-10 03:10:14"}
{"type": "MULTIPLE_FACES", "details": {"reason": "Multiple people detected in frame"}, "timestamp": "2026-01-10 03:10:14"}
{"type": "MULTIPLE_FACES", "details": {"reason": "Multiple people detected in frame"}, "timestamp": "2026-01-10 03:10:14"}
{"type": "MULTIPLE_FACES", "details": {"reason": "Multiple people detected in frame"}, "timestamp": "2026-01-10 03:10:14"}
{"type": "MULTIPLE_FACES", "details": {"reason": "Multiple people detected in frame"}, "timestamp": "2026-01-10 03:10:14"}
{"type": "MULTIPLE_FACES", "details": {"reason": "Multiple people detected in frame"}, "timestamp": "2026-01-10 03:10:14"}
{"type": "MULTIPLE_FACES", "details": {"reason": "Multiple people detected in frame"}, "timestamp": "2026-01-10 03:10:14"}
{"type": "MULTIPLE_FACES", "details": {"reason": "Multiple people detected in frame"}, "timestamp": "2026-01-10 03:10:14"}
{"type": "MULTIPLE_FACES", "details": {"reason": "Multiple people detected in frame"}, "timestamp": "2026-01-10 03:10:14"}
{"type": "MULTIPLE_FACES", "details": {"reason": "Multiple people detected in frame"}, "timestamp": "2026-01-10 03:10:14"}
{"type": "MULTIPLE_FACES", "details": {"reason": "Multiple people detected in frame"}, "timestamp": "2026-01-10 03:10:14"}
{"type": "MULTIPLE_FACES", "details": {"reason": "Multiple people detected in frame"}, "timestamp": "2026-01-10 03:10:14"}
{"type": "MULTIPLE_FACES", "details": {"reason": "Multiple people detected in frame"}, "timestamp": "2026-01-10 03:10:14"}
{"type": "MULTIPLE_FACES", "details": {"reason": "Multiple people detected in frame"}, "timestamp": "2026-01-10 03:10:14"}
{"type": "MULTIPLE_FACES", "details": {"reason": "Multiple people detected in frame"}, "timestamp": "2026-01-10 03:10:16"}
{"type": "MULTIPLE_FACES", "details": {"reason": "Multiple people detected in frame"}, "timestamp": "2026-01-10 03:10:16"}
{"type": "MULTIPLE_FACES", "details": {"reason": "Multiple people detected in frame"}, "timestamp": "2026-01-10 03:10:16"}
{"type": "MULTIPLE_FACES", "details": {"reason": "Multiple people detected in frame"}, "timestamp": "2026-01-10 03:10:17"}
{"type": "MULTIPLE_FACES", "details": {"reason": "Multiple people detected in frame"}, "timestamp": "2026-01-10 03:10:17"}
{"type": "MULTIPLE_FACES", "details": {"reason": "Multiple people detected in frame"}, "timestamp": "2026-01-10 03:10:17"}
{"type": "MULTIPLE_FACES", "details": {"reason": "Multiple people detected in frame"}, "timestamp": "2026-01-10 03:10:17"}
{"type": "MULTIPLE_FACES", "details": {"reason": "Multiple people detected in frame"}, "timestamp": "2026-01-10 03:10:22"}
{"type": "MULTIPLE_FACES", "details": {"reason": "Multiple people detected in frame"}, "timestamp": "2026-01-10 03:10:22"}
{"type": "MULTIPLE_FACES", "details": {"reason": "Multiple people detected in frame"}, "timestamp": "2026-01-10 03:10:22"}
{"type": "MULTIPLE_FACES", "details": {"reason": "Multiple people detected in frame"}, "timestamp": "2026-01-10 03:10:24"}
{"type": "MULTIPLE_FACES", "details": {"reason": "Multiple people detected in frame"}, "timestamp": "2026-01-10 03:10:24"}
{"type": "MULTIPLE_FACES", "details": {"reason": "Multiple people detected in frame"}, "timestamp": "2026-01-10 03:10:24"}
{"type": "MULTIPLE_FACES", "details": {"reason": "Multiple people detected in frame"}, "timestamp": "2026-01-10 03:10:25"}
{"type": "MULTIPLE_FACES", "details": {"reason": "Multiple people detected in frame"}, "timestamp": "2026-01-10 03:10:25"}
{"type": "MULTIPLE_FACES", "details": {"reason": "Multiple people detected in frame"}, "timestamp": "2026-01-10 03:10:25"}
{"type": "MULTIPLE_FACES", "details": {"reason": "Multiple people detected in frame"}, "timestamp": "2026-01-10 03:10:25"}
{"type": "MULTIPLE_FACES", "details": {"reason": "Multiple people detected in frame"}, "timestamp": "2026-01-10 03:10:25"}
{"type": "MULTIPLE_FACES", "details": {"reason": "Multiple people detected in frame"}, "timestamp": "2026-01-10 03:10:25"}
{"type": "MULTIPLE_FACES", "details": {"reason": "Multiple people detected in frame"}, "timestamp": "2026-01-10 03:10:25"}
{"type": "MULTIPLE_FACES", "details": {"reason": "Multiple people detected in frame"}, "timestamp": "2026-01-10 03:10:25"}
{"type": "MULTIPLE_FACES", "details": {"reason": "Multiple people detected in frame"}, "timestamp": "2026-01-10 03:10:25"}
{"type": "MULTIPLE_FACES", "details": {"reason": "Multiple people detected in frame"}, "timestamp": "2026-01-10 03:10:25"}
{"type": "MULTIPLE_FACES", "details": {"reason": "Multiple people detected in frame"}, "timestamp": "2026-01-10 03:10:25"}
{"type": "MULTIPLE_FACES", "details": {"reason": "Multiple people detected in frame"}, "timestamp": "2026-01-10 03:10:25"}
{"type": "MULTIPLE_FACES", "details": {"reason": "Multiple people detected in frame"}, "timestamp": "2026-01-10 03:10:25"}
{"type": "MULTIPLE_FACES", "details": {"reason": "Multiple people detected in frame"}, "timestamp": "2026-01-10 03:10:25"}
{"type": "MULTIPLE_FACES", "details": {"reason": "Multiple people detected in frame"}, "timestamp": "2026-01-10 03:10:25"}
{"type": "MULTIPLE_FACES", "details": {"reason": "Multiple people detected in frame"}, "timestamp": "2026-01-10 03:10:25"}
{"type": "MULTIPLE_FACES", "details": {"reason": "Multiple people detected in frame"}, "timestamp": "2026-01-10 03:10:25"}
{"type": "MULTIPLE_FACES", "details": {"reason": "Multiple people detected in frame"}, "timestamp": "2026-01-10 03:10:25"}
{"type": "MULTIPLE_FACES", "details": {"reason": "Multiple people detected in frame"}, "timestamp": "2026-01-10 03:10:25"}
{"type": "MULTIPLE_FACES", "details": {"reason": "Multiple people detected in frame"}, "timestamp": "2026-01-10 03:10:25"}
{"type": "MULTIPLE_FACES", "details": {"reason": "Multiple people detected in frame"}, "timestamp": "2026-01-10 03:10:25"}
{"type": "MULTIPLE_FACES", "details": {"reason": "Multiple people detected in frame"}, "timestamp": "2026-01-10 03:10:25"}
{"type": "MULTIPLE_FACES", "details": {"reason": "Multiple people detected in frame"}, "timestamp": "2026-01-10 03:10:25"}
{"type": "MULTIPLE_FACES", "details": {"reason": "Multiple people detected in frame"}, "timestamp": "2026-01-10 03:10:25"}
{"type": "MULTIPLE_FACES", "details": {"reason": "Multiple people detected in frame"}, "timestamp": "2026-01-10 03:10:25"}
{"type": "MULTIPLE_FACES", "details": {"reason": "Multiple people detected in frame"}, "timestamp": "2026-01-10 03:10:25"}
{"type": "MULTIPLE_FACES", "details": {"reason": "Multiple people detected in frame"}, "timestamp": "2026-01-10 03:10:25"}
{"type": "MULTIPLE_FACES", "details": {"reason": "Multiple people detected in frame"}, "timestamp": "2026-01-10 03:10:25"}
{"type": "MULTIPLE_FACES", "details": {"reason": "Multiple people detected in frame"}, "timestamp": "2026-01-10 03:10:25"}
{"type": "MULTIPLE_FACES", "details": {"reason": "Multiple people detected in frame"}, "timestamp": "2026-01-10 03:10:25"}
{"type": "MULTIPLE_FACES", "details": {"reason": "Multiple people detected in frame"}, "timestamp": "2026-01-10 03:10:26"}
{"type": "MULTIPLE_FACES", "details": {"reason": "Multiple people detected in frame"}, "timestamp": "2026-01-10 03:10:26"}
{"type": "MULTIPLE_FACES", "details": {"reason": "Multiple people detected in frame"}, "timestamp": "2026-01-10 03:10:26"}
{"type": "MULTIPLE_FACES", "details": {"reason": "Multiple people detected in frame"}, "timestamp": "2026-01-10 03:10:26"}
{"type": "MULTIPLE_FACES", "details": {"reason": "Multiple people detected in frame"}, "timestamp": "2026-01-10 03:10:26"}
{"type": "MULTIPLE_FACES", "details": {"reason": "Multiple people detected in frame"}, "timestamp": "2026-01-10 03:10:26"}
{"type": "MULTIPLE_FACES", "details": {"reason": "Multiple people detected in frame"}, "timestamp": "2026-01-10 03:10:26"}
{"type": "MULTIPLE_FACES", "details": {"reason": "Multiple people detected in frame"}, "timestamp": "2026-01-10 03:10:26"}
{"type": "MULTIPLE_FACES", "details": {"reason": "Multiple people detected in frame"}, "timestamp": "2026-01-10 03:10:26"}
{"type": "MULTIPLE_FACES", "details": {"reason": "Multiple people detected in frame"}, "timestamp": "2026-01-10 03:10:26"}
{"type": "MULTIPLE_FACES", "details": {"reason": "Multiple people detected in frame"}, "timestamp": "2026-01-10 03:10:26"}
{"type": "MULTIPLE_FACES", "details": {"reason": "Multiple people detected in frame"}, "timestamp": "2026-01-10 03:10:26"}
{"type": "MULTIPLE_FACES", "details": {"reason": "Multiple people detected in frame"}, "timestamp": "2026-01-10 03:10:27"}
{"type": "MULTIPLE_FACES", "details": {"reason": "Multiple people detected in frame"}, "timestamp": "2026-01-10 03:10:27"}
{"type": "MULTIPLE_FACES", "details": {"reason": "Multiple people detected in frame"}, "timestamp": "2026-01-10 03:10:27"}
{"type": "WRONG_FACE", "details": {"reason": "Unrecognized face detected (Score: -0.06)"}, "timestamp": "2026-01-10 03:10:28"}
{"type": "WRONG_FACE", "details": {"reason": "Unrecognized face detected (Score: -0.06)"}, "timestamp": "2026-01-10 03:10:28"}
{"type": "WRONG_FACE", "details": {"reason": "Unrecognized face detected (Score: -0.06)"}, "timestamp": "2026-01-10 03:10:28"}
{"type": "FACE_NOT_VISIBLE", "details": {"reason": "No face detected"}, "timestamp": "2026-01-10 03:10:28"}
{"type": "FACE_NOT_VISIBLE", "details": {"reason": "No face detected"}, "timestamp": "2026-01-10 03:10:28"}
{"type": "FACE_NOT_VISIBLE", "details": {"reason": "No face detected"}, "timestamp": "2026-01-10 03:10:28"}
{"type": "FACE_NOT_VISIBLE", "details": {"reason": "No face detected"}, "timestamp": "2026-01-10 03:10:28"}
{"type": "FACE_NOT_VISIBLE", "details": {"reason": "No face detected"}, "timestamp": "2026-01-10 03:10:28"}
{"type": "FACE_NOT_VISIBLE", "details": {"reason": "No face detected"}, "timestamp": "2026-01-10 03:10:28"}
{"type": "FACE_NOT_VISIBLE", "details": {"reason": "No face detected"}, "timestamp": "2026-01-10 03:10:28"}
{"type": "FACE_NOT_VISIBLE", "details": {"reason": "No face detected"}, "timestamp": "2026-01-10 03:10:28"}
{"type": "FACE_NOT_VISIBLE", "details": {"reason": "No face detected"}, "timestamp": "2026-01-10 03:10:28"}
{"type": "FACE_NOT_VISIBLE", "details": {"reason": "No face detected"}, "timestamp": "2026-01-10 03:10:28"}
{"type": "FACE_NOT_VISIBLE", "details": {"reason": "No face detected"}, "timestamp": "2026-01-10 03:10:29"}
{"type": "FACE_NOT_VISIBLE", "details": {"reason": "No face detected"}, "timestamp": "2026-01-10 03:10:29"}
{"type": "FACE_NOT_VISIBLE", "details": {"reason": "No face detected"}, "timestamp": "2026-01-10 03:10:29"}
{"type": "MULTIPLE_FACES", "details": {"reason": "Multiple people detected in frame"}, "timestamp": "2026-01-10 03:10:29"}
{"type": "MULTIPLE_FACES", "details": {"reason": "Multiple people detected in frame"}, "timestamp": "2026-01-10 03:10:29"}
{"type": "MULTIPLE_FACES", "details": {"reason": "Multiple people detected in frame"}, "timestamp": "2026-01-10 03:10:29"}
{"type": "MULTIPLE_FACES", "details": {"reason": "Multiple people detected in frame"}, "timestamp": "2026-01-10 03:10:29"}
{"type": "MULTIPLE_FACES", "details": {"reason": "Multiple people detected in frame"}, "timestamp": "2026-01-10 03:10:29"}
{"type": "MULTIPLE_FACES", "details": {"reason": "Multiple people detected in frame"}, "timestamp": "2026-01-10 03:10:29"}
{"type": "MULTIPLE_FACES", "details": {"reason": "Multiple people detected in frame"}, "timestamp": "2026-01-10 03:10:29"}
{"type": "MULTIPLE_FACES", "details": {"reason": "Multiple people detected in frame"}, "timestamp": "2026-01-10 03:10:30"}
{"type": "MULTIPLE_FACES", "details": {"reason": "Multiple people detected in frame"}, "timestamp": "2026-01-10 03:10:30"}
{"type": "MULTIPLE_FACES", "details": {"reason": "Multiple people detected in frame"}, "timestamp": "2026-01-10 03:10:30"}
{"type": "MULTIPLE_FACES", "details": {"reason": "Multiple people detected in frame"}, "timestamp": "2026-01-10 03:10:30"}
{"type": "MULTIPLE_FACES", "details": {"reason": "Multiple people detected in frame"}, "timestamp": "2026-01-10 03:10:30"}
{"type": "MULTIPLE_FACES", "details": {"reason": "Multiple people detected in frame"}, "timestamp": "2026-01-10 03:10:30"}
{"type": "MULTIPLE_FACES", "details": {"reason": "Multiple people detected in frame"}, "timestamp": "2026-01-10 03:10:30"}
{"type": "MULTIPLE_FACES", "details": {"reason": "Multiple people detected in frame"}, "timestamp": "2026-01-10 03:10:30"}
{"type": "MULTIPLE_FACES", "details": {"reason": "Multiple people detected in frame"}, "timestamp": "2026-01-10 03:10:30"}
{"type": "MULTIPLE_FACES", "details": {"reason": "Multiple people detected in frame"}, "timestamp": "2026-01-10 03:10:30"}
{"type": "MULTIPLE_FACES", "details": {"reason": "Multiple people detected in frame"}, "timestamp": "2026-01-10 03:10:30"}
{"type": "MULTIPLE_FACES", "details": {"reason": "Multiple people detected in frame"}, "timestamp": "2026-01-10 03:10:30"}
{"type": "MULTIPLE_FACES", "details": {"reason": "Multiple people detected in frame"}, "timestamp": "2026-01-10 03:10:30"}
{"type": "MULTIPLE_FACES", "details": {"reason": "Multiple people detected in frame"}, "timestamp": "2026-01-10 03:10:30"}
{"type": "MULTIPLE_FACES", "details": {"reason": "Multiple people detected in frame"}, "timestamp": "2026-01-10 03:10:30"}
{"type": "MULTIPLE_FACES", "details": {"reason": "Multiple people detected in frame"}, "timestamp": "2026-01-10 03:10:30"}
{"type": "MULTIPLE_FACES", "details": {"reason": "Multiple people detected in frame"}, "timestamp": "2026-01-10 03:10:30"}
{"type": "MULTIPLE_FACES", "details": {"reason": "Multiple people detected in frame"}, "timestamp": "2026-01-10 03:10:30"}
{"type": "MULTIPLE_FACES", "details": {"reason": "Multiple people detected in frame"}, "timestamp": "2026-01-10 03:10:30"}
{"type": "MULTIPLE_FACES", "details": {"reason": "Multiple people detected in frame"}, "timestamp": "2026-01-10 03:10:31"}
{"type": "MULTIPLE_FACES", "details": {"reason": "Multiple people detected in frame"}, "timestamp": "2026-01-10 03:10:31"}
{"type": "MULTIPLE_FACES", "details": {"reason": "Multiple people detected in frame"}, "timestamp": "2026-01-10 03:10:31"}
{"type": "MULTIPLE_FACES", "details": {"reason": "Multiple people detected in frame"}, "timestamp": "2026-01-10 03:10:31"}
{"type": "MULTIPLE_FACES", "details": {"reason": "Multiple people detected in frame"}, "timestamp": "2026-01-10 03:10:31"}
{"type": "MULTIPLE_FACES", "details": {"reason": "Multiple people detected in frame"}, "timestamp": "2026-01-10 03:10:31"}
{"type": "MULTIPLE_FACES", "details": {"reason": "Multiple people detected in frame"}, "timestamp": "2026-01-10 03:10:31"}
{"type": "MULTIPLE_FACES", "details": {"reason": "Multiple people detected in frame"}, "timestamp": "2026-01-10 03:10:31"}
{"type": "MULTIPLE_FACES", "details": {"reason": "Multiple people detected in frame"}, "timestamp": "2026-01-10 03:10:31"}
{"type": "MULTIPLE_FACES", "details": {"reason": "Multiple people detected in frame"}, "timestamp": "2026-01-10 03:10:31"}
{"type": "MULTIPLE_FACES", "details": {"reason": "Multiple people detected in frame"}, "timestamp": "2026-01-10 03:10:31"}
{"type": "MULTIPLE_FACES", "details": {"reason": "Multiple people detected in frame"}, "timestamp": "2026-01-10 03:10:31"}
{"type": "MULTIPLE_FACES", "details": {"reason": "Multiple people detected in frame"}, "timestamp": "2026-01-10 03:10:31"}
{"type": "MULTIPLE_FACES", "details": {"reason": "Multiple people detected in frame"}, "timestamp": "2026-01-10 03:10:31"}
{"type": "MULTIPLE_FACES", "details": {"reason": "Multiple people detected in frame"}, "timestamp": "2026-01-10 03:10:31"}
{"type": "MULTIPLE_FACES", "details": {"reason": "Multiple people detected in frame"}, "timestamp": "2026-01-10 03:10:31"}
{"type": "MULTIPLE_FACES", "details": {"reason": "Multiple people detected in frame"}, "timestamp": "2026-01-10 03:10:31"}
{"type": "MULTIPLE_FACES", "details": {"reason": "Multiple people detected in frame"}, "timestamp": "2026-01-10 03:10:31"}
{"type": "MULTIPLE_FACES", "details": {"reason": "Multiple people detected in frame"}, "timestamp": "2026-01-10 03:10:31"}
{"type": "MULTIPLE_FACES", "details": {"reason": "Multiple people detected in frame"}, "timestamp": "2026-01-10 03:10:31"}
{"type": "MULTIPLE_FACES", "details": {"reason": "Multiple people detected in frame"}, "timestamp": "2026-01-10 03:10:31"}
{"type": "MULTIPLE_FACES", "details": {"reason": "Multiple people detected in frame"}, "timestamp": "2026-01-10 03:10:31"}
{"type": "MULTIPLE_FACES", "details": {"reason": "Multiple people detected in frame"}, "timestamp": "2026-01-10 03:10:31"}
{"type": "MULTIPLE_FACES", "details": {"reason": "Multiple people detected in frame"}, "timestamp": "2026-01-10 03:10:32"}
{"type": "MULTIPLE_FACES", "details": {"reason": "Multiple people detected in frame"}, "timestamp": "2026-01-10 03:10:32"}
{"type": "MULTIPLE_FACES", "details": {"reason": "Multiple people detected in frame"}, "timestamp": "2026-01-10 03:10:32"}
{"type": "MULTIPLE_FACES", "details": {"reason": "Multiple people detected in frame"}, "timestamp": "2026-01-10 03:10:32"}
{"type": "MULTIPLE_FACES", "details": {"reason": "Multiple people detected in frame"}, "timestamp": "2026-01-10 03:10:32"}
{"type": "MULTIPLE_FACES", "details": {"reason": "Multiple people detected in frame"}, "timestamp": "2026-01-10 03:10:32"}
{"type": "MULTIPLE_FACES", "details": {"reason": "Multiple people detected in frame"}, "timestamp": "2026-01-10 03:10:32"}
{"type": "MULTIPLE_FACES", "details": {"reason": "Multiple people detected in frame"}, "timestamp": "2026-01-10 03:10:32"}
{"type": "MULTIPLE_FACES", "details": {"reason": "Multiple people detected in frame"}, "timestamp": "2026-01-10 03:10:32"}
{"type": "MULTIPLE_FACES", "details": {"reason": "Multiple people detected in frame"}, "timestamp": "2026-01-10 03:10:32"}
{"type": "MULTIPLE_FACES", "details": {"reason": "Multiple people detected in frame"}, "timestamp": "2026-01-10 03:10:32"}
{"type": "MULTIPLE_FACES", "details": {"reason": "Multiple people detected in frame"}, "timestamp": "2026-01-10 03:10:32"}
{"type": "MULTIPLE_FACES", "details": {"reason": "Multiple people detected in frame"}, "timestamp": "2026-01-10 03:10:32"}
{"type": "MULTIPLE_FACES", "details": {"reason": "Multiple people detected in frame"}, "timestamp": "2026-01-10 03:10:32"}
{"type": "MULTIPLE_FACES", "details": {"reason": "Multiple people detected in frame"}, "timestamp": "2026-01-10 03:10:32"}
{"type": "MULTIPLE_FACES", "details": {"reason": "Multiple people detected in frame"}, "timestamp": "2026-01-10 03:10:32"}
{"type": "MULTIPLE_FACES", "details": {"reason": "Multiple people detected in frame"}, "timestamp": "2026-01-10 03:10:32"}
{"type": "MULTIPLE_FACES", "details": {"reason": "Multiple people detected in frame"}, "timestamp": "2026-01-10 03:10:32"}
{"type": "MULTIPLE_FACES", "details": {"reason": "Multiple people detected in frame"}, "timestamp": "2026-01-10 03:10:32"}
{"type": "MULTIPLE_FACES", "details": {"reason": "Multiple people detected in frame"}, "timestamp": "2026-01-10 03:10:32"}
{"type": "MULTIPLE_FACES", "details": {"reason": "Multiple people detected in frame"}, "timestamp": "2026-01-10 03:10:32"}
{"type": "MULTIPLE_FACES", "details": {"reason": "Multiple people detected in frame"}, "timestamp": "2026-01-10 03:10:32"}
{"type": "MULTIPLE_FACES", "details": {"reason": "Multiple people detected in frame"}, "timestamp": "2026-01-10 03:10:32"}
{"type": "MULTIPLE_FACES", "details": {"reason": "Multiple people detected in frame"}, "timestamp": "2026-01-10 03:10:33"}
{"type": "MULTIPLE_FACES", "details": {"reason": "Multiple people detected in frame"}, "timestamp": "2026-01-10 03:10:33"}
{"type": "MULTIPLE_FACES", "details": {"reason": "Multiple people detected in frame"}, "timestamp": "2026-01-10 03:10:33"}
{"type": "MULTIPLE_FACES", "details": {"reason": "Multiple people detected in frame"}, "timestamp": "2026-01-10 03:10:33"}
{"type": "MULTIPLE_FACES", "details": {"reason": "Multiple people detected in frame"}, "timestamp": "2026-01-10 03:10:33"}
{"type": "MULTIPLE_FACES", "details": {"reason": "Multiple people detected in frame"}, "timestamp": "2026-01-10 03:10:33"}
{"type": "MULTIPLE_FACES", "details": {"reason": "Multiple people detected in frame"}, "timestamp": "2026-01-10 03:10:33"}
{"type": "MULTIPLE_FACES", "details": {"reason": "Multiple people detected in frame"}, "timestamp": "2026-01-10 03:10:33"}
{"type": "MULTIPLE_FACES", "details": {"reason": "Multiple people detected in frame"}, "timestamp": "2026-01-10 03:10:33"}
{"type": "MULTIPLE_FACES", "details": {"reason": "Multiple people detected in frame"}, "timestamp": "2026-01-10 03:10:33"}
{"type": "MULTIPLE_FACES", "details": {"reason": "Multiple people detected in frame"}, "timestamp": "2026-01-10 03:10:33"}
{"type": "MULTIPLE_FACES", "details": {"reason": "Multiple people detected in frame"}, "timestamp": "2026-01-10 03:10:33"}
{"type": "MULTIPLE_FACES", "details": {"reason": "Multiple people detected in frame"}, "timestamp": "2026-01-10 03:10:33"}
{"type": "MULTIPLE_FACES", "details": {"reason": "Multiple people detected in frame"}, "timestamp": "2026-01-10 03:10:33"}
{"type": "MULTIPLE_FACES", "details": {"reason": "Multiple people detected in frame"}, "timestamp": "2026-01-10 03:10:33"}
{"type": "MULTIPLE_FACES", "details": {"reason": "Multiple people detected in frame"}, "timestamp": "2026-01-10 03:10:33"}
{"type": "MULTIPLE_FACES", "details": {"reason": "Multiple people detected in frame"}, "timestamp": "2026-01-10 03:10:33"}
{"type": "MULTIPLE_FACES", "details": {"reason": "Multiple people detected in frame"}, "timestamp": "2026-01-10 03:10:33"}
{"type": "MULTIPLE_FACES", "details": {"reason": "Multiple people detected in frame"}, "timestamp": "2026-01-10 03:10:33"}
{"type": "MULTIPLE_FACES", "details": {"reason": "Multiple people detected in frame"}, "timestamp": "2026-01-10 03:10:33"}
{"type": "MULTIPLE_FACES", "details": {"reason": "Multiple people detected in frame"}, "timestamp": "2026-01-10 03:10:33"}
{"type": "MULTIPLE_FACES", "details": {"reason": "Multiple people detected in frame"}, "timestamp": "2026-01-10 03:10:33"}
{"type": "MULTIPLE_FACES", "details": {"reason": "Multiple people detected in frame"}, "timestamp": "2026-01-10 03:10:33"}
{"type": "MULTIPLE_FACES", "details": {"reason": "Multiple people detected in frame"}, "timestamp": "2026-01-10 03:10:33"}
{"type": "MULTIPLE_FACES", "details": {"reason": "Multiple people detected in frame"}, "timestamp": "2026-01-10 03:10:33"}
{"type": "MULTIPLE_FACES", "details": {"reason": "Multiple people detected in frame"}, "timestamp": "2026-01-10 03:10:33"}
{"type": "MULTIPLE_FACES", "details": {"reason": "Multiple people detected in frame"}, "timestamp": "2026-01-10 03:10:33"}
{"type": "MULTIPLE_FACES", "details": {"reason": "Multiple people detected in frame"}, "timestamp": "2026-01-10 03:10:34"}
{"type": "MULTIPLE_FACES", "details": {"reason": "Multiple people detected in frame"}, "timestamp": "2026-01-10 03:10:34"}
{"type": "MULTIPLE_FACES", "details": {"reason": "Multiple people detected in frame"}, "timestamp": "2026-01-10 03:10:34"}
{"type": "FACE_NOT_VISIBLE", "details": {"reason": "No face detected"}, "timestamp": "2026-01-10 03:10:35"}
{"type": "FACE_NOT_VISIBLE", "details": {"reason": "No face detected"}, "timestamp": "2026-01-10 03:10:35"}
{"type": "FACE_NOT_VISIBLE", "details": {"reason": "No face detected"}, "timestamp": "2026-01-10 03:10:35"}
{"type": "FACE_NOT_VISIBLE", "details": {"reason": "No face detected"}, "timestamp": "2026-01-10 03:10:35"}
{"type": "FACE_NOT_VISIBLE", "details": {"reason": "No face detected"}, "timestamp": "2026-01-10 03:10:35"}
{"type": "FACE_NOT_VISIBLE", "details": {"reason": "No face detected"}, "timestamp": "2026-01-10 03:10:35"}
{"type": "FACE_NOT_VISIBLE", "details": {"reason": "No face detected"}, "timestamp": "2026-01-10 03:10:37"}
{"type": "FACE_NOT_VISIBLE", "details": {"reason": "No face detected"}, "timestamp": "2026-01-10 03:10:37"}
{"type": "FACE_NOT_VISIBLE", "details": {"reason": "No face detected"}, "timestamp": "2026-01-10 03:10:37"}
{"type": "FACE_NOT_VISIBLE", "details": {"reason": "No face detected"}, "timestamp": "2026-01-10 03:10:37"}
{"type": "FACE_NOT_VISIBLE", "details": {"reason": "No face detected"}, "timestamp": "2026-01-10 03:10:37"}
{"type": "FACE_NOT_VISIBLE", "details": {"reason": "No face detected"}, "timestamp": "2026-01-10 03:10:38"}
{"type": "FACE_NOT_VISIBLE", "details": {"reason": "No face detected"}, "timestamp": "2026-01-10 03:10:38"}
{"type": "FACE_NOT_VISIBLE", "details": {"reason": "No face detected"}, "timestamp": "2026-01-10 03:10:38"}
{"type": "FACE_NOT_VISIBLE", "details": {"reason": "No face detected"}, "timestamp": "2026-01-10 03:10:38"}
{"type": "FACE_NOT_VISIBLE", "details": {"reason": "No face detected"}, "timestamp": "2026-01-10 03:10:38"}
{"type": "FACE_NOT_VISIBLE", "details": {"reason": "No face detected"}, "timestamp": "2026-01-10 03:10:38"}
{"type": "FACE_NOT_VISIBLE", "details": {"reason": "No face detected"}, "timestamp": "2026-01-10 03:10:38"}
{"type": "FACE_NOT_VISIBLE", "details": {"reason": "No face detected"}, "timestamp": "2026-01-10 03:10:38"}
{"type": "FACE_NOT_VISIBLE", "details": {"reason": "No face detected"}, "timestamp": "2026-01-10 03:10:38"}
{"type": "FACE_NOT_VISIBLE", "details": {"reason": "No face detected"}, "timestamp": "2026-01-10 03:10:38"}
{"type": "FACE_NOT_VISIBLE", "details": {"reason": "No face detected"}, "timestamp": "2026-01-10 03:10:38"}
{"type": "FACE_NOT_VISIBLE", "details": {"reason": "No face detected"}, "timestamp": "2026-01-10 03:10:38"}
{"type": "FACE_NOT_VISIBLE", "details": {"reason": "No face detected"}, "timestamp": "2026-01-10 03:10:38"}
{"type": "FACE_NOT_VISIBLE", "details": {"reason": "No face detected"}, "timestamp": "2026-01-10 03:11:32"}
{"type": "FACE_NOT_VISIBLE", "details": {"reason": "No face detected"}, "timestamp": "2026-01-10 03:11:32"}
{"type": "FACE_NOT_VISIBLE", "details": {"reason": "No face detected"}, "timestamp": "2026-01-10 03:11:32"}
{"type": "FACE_NOT_VISIBLE", "details": {"reason": "No face detected"}, "timestamp": "2026-01-10 03:11:32"}
{"type": "FACE_NOT_VISIBLE", "details": {"reason": "No face detected"}, "timestamp": "2026-01-10 03:11:32"}
{"type": "FACE_NOT_VISIBLE", "details": {"reason": "No face detected"}, "timestamp": "2026-01-10 03:11:32"}
{"type": "FACE_NOT_VISIBLE", "details": {"reason": "No face detected"}, "timestamp": "2026-01-10 03:11:32"}
{"type": "WRONG_FACE", "details": {"reason": "Unrecognized face detected (Score: 0.64)"}, "timestamp": "2026-01-10 03:14:46"}
{"type": "WRONG_FACE", "details": {"reason": "Unrecognized face detected (Score: 0.64)"}, "timestamp": "2026-01-10 03:14:46"}
{"type": "WRONG_FACE", "details": {"reason": "Unrecognized face detected (Score: 0.64)"}, "timestamp": "2026-01-10 03:14:46"}
{"type": "FACE_NOT_VISIBLE", "details": {"reason": "No face detected"}, "timestamp": "2026-01-10 03:14:46"}
{"type": "FACE_NOT_VISIBLE", "details": {"reason": "No face detected"}, "timestamp": "2026-01-10 03:14:46"}
{"type": "FACE_NOT_VISIBLE", "details": {"reason": "No face detected"}, "timestamp": "2026-01-10 03:14:46"}
{"type": "FACE_NOT_VISIBLE", "details": {"reason": "No face detected"}, "timestamp": "2026-01-10 03:14:46"}
{"type": "FACE_NOT_VISIBLE", "details": {"reason": "No face detected"}, "timestamp": "2026-01-10 03:14:46"}
{"type": "FACE_NOT_VISIBLE", "details": {"reason": "No face detected"}, "timestamp": "2026-01-10 03:14:46"}
{"type": "WRONG_FACE", "details": {"reason": "Unrecognized face detected (Score: 0.59)"}, "timestamp": "2026-01-10 03:14:46"}
{"type": "WRONG_FACE", "details": {"reason": "Unrecognized face detected (Score: 0.59)"}, "timestamp": "2026-01-10 03:14:46"}
{"type": "WRONG_FACE", "details": {"reason": "Unrecognized face detected (Score: 0.59)"}, "timestamp": "2026-01-10 03:14:46"}
{"type": "WRONG_FACE", "details": {"reason": "Unrecognized face detected (Score: 0.57)"}, "timestamp": "2026-01-10 03:14:46"}
{"type": "WRONG_FACE", "details": {"reason": "Unrecognized face detected (Score: 0.57)"}, "timestamp": "2026-01-10 03:14:47"}
{"type": "WRONG_FACE", "details": {"reason": "Unrecognized face detected (Score: 0.57)"}, "timestamp": "2026-01-10 03:14:47"}
{"type": "WRONG_FACE", "details": {"reason": "Unrecognized face detected (Score: 0.59)"}, "timestamp": "2026-01-10 03:14:47"}
{"type": "WRONG_FACE", "details": {"reason": "Unrecognized face detected (Score: 0.59)"}, "timestamp": "2026-01-10 03:14:47"}
{"type": "WRONG_FACE", "details": {"reason": "Unrecognized face detected (Score: 0.59)"}, "timestamp": "2026-01-10 03:14:47"}
{"type": "WRONG_FACE", "details": {"reason": "Unrecognized face detected (Score: 0.60)"}, "timestamp": "2026-01-10 03:14:47"}
{"type": "WRONG_FACE", "details": {"reason": "Unrecognized face detected (Score: 0.60)"}, "timestamp": "2026-01-10 03:14:47"}
{"type": "WRONG_FACE", "details": {"reason": "Unrecognized face detected (Score: 0.60)"}, "timestamp": "2026-01-10 03:14:47"}
{"type": "WRONG_FACE", "details": {"reason": "Unrecognized face detected (Score: 0.59)"}, "timestamp": "2026-01-10 03:14:47"}
{"type": "WRONG_FACE", "details": {"reason": "Unrecognized face detected (Score: 0.59)"}, "timestamp": "2026-01-10 03:14:47"}
{"type": "WRONG_FACE", "details": {"reason": "Unrecognized face detected (Score: 0.59)"}, "timestamp": "2026-01-10 03:14:47"}
{"type": "WRONG_FACE", "details": {"reason": "Unrecognized face detected (Score: 0.58)"}, "timestamp": "2026-01-10 03:14:47"}
{"type": "WRONG_FACE", "details": {"reason": "Unrecognized face detected (Score: 0.58)"}, "timestamp": "2026-01-10 03:14:47"}
{"type": "WRONG_FACE", "details": {"reason": "Unrecognized face detected (Score: 0.58)"}, "timestamp": "2026-01-10 03:14:47"}
{"type": "WRONG_FACE", "details": {"reason": "Unrecognized face detected (Score: 0.59)"}, "timestamp": "2026-01-10 03:14:47"}
{"type": "WRONG_FACE", "details": {"reason": "Unrecognized face detected (Score: 0.58)"}, "timestamp": "2026-01-10 03:14:47"}
{"type": "WRONG_FACE", "details": {"reason": "Unrecognized face detected (Score: 0.58)"}, "timestamp": "2026-01-10 03:14:47"}
{"type": "WRONG_FACE", "details": {"reason": "Unrecognized face detected (Score: 0.59)"}, "timestamp": "2026-01-10 03:14:47"}
{"type": "WRONG_FACE", "details": {"reason": "Unrecognized face detected (Score: 0.58)"}, "timestamp": "2026-01-10 03:14:47"}
{"type": "WRONG_FACE", "details": {"reason": "Unrecognized face detected (Score: 0.59)"}, "timestamp": "2026-01-10 03:14:47"}
{"type": "WRONG_FACE", "details": {"reason": "Unrecognized face detected (Score: 0.61)"}, "timestamp": "2026-01-10 03:14:47"}
{"type": "WRONG_FACE", "details": {"reason": "Unrecognized face detected (Score: 0.61)"}, "timestamp": "2026-01-10 03:14:47"}
{"type": "WRONG_FACE", "details": {"reason": "Unrecognized face detected (Score: 0.61)"}, "timestamp": "2026-01-10 03:14:47"}
{"type": "WRONG_FACE", "details": {"reason": "Unrecognized face detected (Score: 0.58)"}, "timestamp": "2026-01-10 03:14:47"}
{"type": "WRONG_FACE", "details": {"reason": "Unrecognized face detected (Score: 0.58)"}, "timestamp": "2026-01-10 03:14:47"}
{"type": "WRONG_FACE", "details": {"reason": "Unrecognized face detected (Score: 0.58)"}, "timestamp": "2026-01-10 03:14:47"}
{"type": "WRONG_FACE", "details": {"reason": "Unrecognized face detected (Score: 0.62)"}, "timestamp": "2026-01-10 03:14:47"}
{"type": "WRONG_FACE", "details": {"reason": "Unrecognized face detected (Score: 0.62)"}, "timestamp": "2026-01-10 03:14:47"}
{"type": "WRONG_FACE", "details": {"reason": "Unrecognized face detected (Score: 0.62)"}, "timestamp": "2026-01-10 03:14:47"}
{"type": "WRONG_FACE", "details": {"reason": "Unrecognized face detected (Score: 0.62)"}, "timestamp": "2026-01-10 03:14:47"}
{"type": "WRONG_FACE", "details": {"reason": "Unrecognized face detected (Score: 0.60)"}, "timestamp": "2026-01-10 03:14:47"}
{"type": "WRONG_FACE", "details": {"reason": "Unrecognized face detected (Score: 0.60)"}, "timestamp": "2026-01-10 03:14:48"}
{"type": "WRONG_FACE", "details": {"reason": "Unrecognized face detected (Score: 0.59)"}, "timestamp": "2026-01-10 03:14:48"}
{"type": "WRONG_FACE", "details": {"reason": "Unrecognized face detected (Score: 0.59)"}, "timestamp": "2026-01-10 03:14:48"}
{"type": "WRONG_FACE", "details": {"reason": "Unrecognized face detected (Score: 0.59)"}, "timestamp": "2026-01-10 03:14:48"}
{"type": "WRONG_FACE", "details": {"reason": "Unrecognized face detected (Score: 0.58)"}, "timestamp": "2026-01-10 03:14:48"}
{"type": "WRONG_FACE", "details": {"reason": "Unrecognized face detected (Score: 0.58)"}, "timestamp": "2026-01-10 03:14:48"}
{"type": "WRONG_FACE", "details": {"reason": "Unrecognized face detected (Score: 0.58)"}, "timestamp": "2026-01-10 03:14:48"}
{"type": "WRONG_FACE", "details": {"reason": "Unrecognized face detected (Score: 0.58)"}, "timestamp": "2026-01-10 03:14:48"}
{"type": "WRONG_FACE", "details": {"reason": "Unrecognized face detected (Score: 0.58)"}, "timestamp": "2026-01-10 03:14:48"}
{"type": "WRONG_FACE", "details": {"reason": "Unrecognized face detected (Score: 0.58)"}, "timestamp": "2026-01-10 03:14:48"}
{"type": "WRONG_FACE", "details": {"reason": "Unrecognized face detected (Score: 0.58)"}, "timestamp": "2026-01-10 03:14:48"}
{"type": "WRONG_FACE", "details": {"reason": "Unrecognized face detected (Score: 0.60)"}, "timestamp": "2026-01-10 03:14:48"}
{"type": "WRONG_FACE", "details": {"reason": "Unrecognized face detected (Score: 0.60)"}, "timestamp": "2026-01-10 03:14:48"}
{"type": "WRONG_FACE", "details": {"reason": "Unrecognized face detected (Score: 0.61)"}, "timestamp": "2026-01-10 03:14:48"}
{"type": "WRONG_FACE", "details": {"reason": "Unrecognized face detected (Score: 0.61)"}, "timestamp": "2026-01-10 03:14:48"}
{"type": "WRONG_FACE", "details": {"reason": "Unrecognized face detected (Score: 0.61)"}, "timestamp": "2026-01-10 03:14:48"}
{"type": "WRONG_FACE", "details": {"reason": "Unrecognized face detected (Score: 0.59)"}, "timestamp": "2026-01-10 03:14:48"}
{"type": "WRONG_FACE", "details": {"reason": "Unrecognized face detected (Score: 0.59)"}, "timestamp": "2026-01-10 03:14:48"}
{"type": "WRONG_FACE", "details": {"reason": "Unrecognized face detected (Score: 0.59)"}, "timestamp": "2026-01-10 03:14:48"}
{"type": "WRONG_FACE", "details": {"reason": "Unrecognized face detected (Score: 0.60)"}, "timestamp": "2026-01-10 03:14:48"}
{"type": "WRONG_FACE", "details": {"reason": "Unrecognized face detected (Score: 0.60)"}, "timestamp": "2026-01-10 03:14:48"}
{"type": "WRONG_FACE", "details": {"reason": "Unrecognized face detected (Score: 0.60)"}, "timestamp": "2026-01-10 03:14:48"}
{"type": "WRONG_FACE", "details": {"reason": "Unrecognized face detected (Score: 0.60)"}, "timestamp": "2026-01-10 03:14:48"}
{"type": "WRONG_FACE", "details": {"reason": "Unrecognized face detected (Score: 0.60)"}, "timestamp": "2026-01-10 03:14:48"}
{"type": "WRONG_FACE", "details": {"reason": "Unrecognized face detected (Score: 0.60)"}, "timestamp": "2026-01-10 03:14:48"}
{"type": "WRONG_FACE", "details": {"reason": "Unrecognized face detected (Score: 0.59)"}, "timestamp": "2026-01-10 03:14:48"}
{"type": "WRONG_FACE", "details": {"reason": "Unrecognized face detected (Score: 0.59)"}, "timestamp": "2026-01-10 03:14:48"}
{"type": "WRONG_FACE", "details": {"reason": "Unrecognized face detected (Score: 0.59)"}, "timestamp": "2026-01-10 03:14:48"}
{"type": "WRONG_FACE", "details": {"reason": "Unrecognized face detected (Score: 0.60)"}, "timestamp": "2026-01-10 03:14:48"}
{"type": "WRONG_FACE", "details": {"reason": "Unrecognized face detected (Score: 0.60)"}, "timestamp": "2026-01-10 03:14:49"}
{"type": "WRONG_FACE", "details": {"reason": "Unrecognized face detected (Score: 0.60)"}, "timestamp": "2026-01-10 03:14:49"}
{"type": "WRONG_FACE", "details": {"reason": "Unrecognized face detected (Score: 0.59)"}, "timestamp": "2026-01-10 03:14:49"}
{"type": "WRONG_FACE", "details": {"reason": "Unrecognized face detected (Score: 0.59)"}, "timestamp": "2026-01-10 03:14:49"}
{"type": "WRONG_FACE", "details": {"reason": "Unrecognized face detected (Score: 0.59)"}, "timestamp": "2026-01-10 03:14:49"}
{"type": "WRONG_FACE", "details": {"reason": "Unrecognized face detected (Score: 0.59)"}, "timestamp": "2026-01-10 03:14:49"}
{"type": "WRONG_FACE", "details": {"reason": "Unrecognized face detected (Score: 0.60)"}, "timestamp": "2026-01-10 03:14:49"}
{"type": "WRONG_FACE", "details": {"reason": "Unrecognized face detected (Score: 0.60)"}, "timestamp": "2026-01-10 03:14:49"}
{"type": "WRONG_FACE", "details": {"reason": "Unrecognized face detected (Score: 0.59)"}, "timestamp": "2026-01-10 03:14:49"}
{"type": "WRONG_FACE", "details": {"reason": "Unrecognized face detected (Score: 0.59)"}, "timestamp": "2026-01-10 03:14:49"}
{"type": "WRONG_FACE", "details": {"reason": "Unrecognized face detected (Score: 0.59)"}, "timestamp": "2026-01-10 03:14:49"}
{"type": "WRONG_FACE", "details": {"reason": "Unrecognized face detected (Score: 0.60)"}, "timestamp": "2026-01-10 03:14:49"}
{"type": "WRONG_FACE", "details": {"reason": "Unrecognized face detected (Score: 0.60)"}, "timestamp": "2026-01-10 03:14:49"}
{"type": "WRONG_FACE", "details": {"reason": "Unrecognized face detected (Score: 0.60)"}, "timestamp": "2026-01-10 03:14:49"}
{"type": "WRONG_FACE", "details": {"reason": "Unrecognized face detected (Score: 0.60)"}, "timestamp": "2026-01-10 03:14:49"}
{"type": "WRONG_FACE", "details": {"reason": "Unrecognized face detected (Score: 0.59)"}, "timestamp": "2026-01-10 03:14:49"}
{"type": "WRONG_FACE", "details": {"reason": "Unrecognized face detected (Score: 0.59)"}, "timestamp": "2026-01-10 03:14:49"}
{"type": "WRONG_FACE", "details": {"reason": "Unrecognized face detected (Score: 0.59)"}, "timestamp": "2026-01-10 03:14:49"}
{"type": "WRONG_FACE", "details": {"reason": "Unrecognized face detected (Score: 0.59)"}, "timestamp": "2026-01-10 03:14:49"}
{"type": "WRONG_FACE", "details": {"reason": "Unrecognized face detected (Score: 0.59)"}, "timestamp": "2026-01-10 03:14:49"}
{"type": "WRONG_FACE", "details": {"reason": "Unrecognized face detected (Score: 0.59)"}, "timestamp": "2026-01-10 03:14:49"}
{"type": "WRONG_FACE", "details": {"reason": "Unrecognized face detected (Score: 0.59)"}, "timestamp": "2026-01-10 03:14:49"}
{"type": "WRONG_FACE", "details": {"reason": "Unrecognized face detected (Score: 0.59)"}, "timestamp": "2026-01-10 03:14:49"}
{"type": "WRONG_FACE", "details": {"reason": "Unrecognized face detected (Score: 0.59)"}, "timestamp": "2026-01-10 03:14:49"}
{"type": "WRONG_FACE", "details": {"reason": "Unrecognized face detected (Score: 0.59)"}, "timestamp": "2026-01-10 03:14:49"}
{"type": "WRONG_FACE", "details": {"reason": "Unrecognized face detected (Score: 0.59)"}, "timestamp": "2026-01-10 03:14:49"}
{"type": "WRONG_FACE", "details": {"reason": "Unrecognized face detected (Score: 0.59)"}, "timestamp": "2026-01-10 03:14:49"}
{"type": "WRONG_FACE", "details": {"reason": "Unrecognized face detected (Score: 0.60)"}, "timestamp": "2026-01-10 03:14:49"}
{"type": "WRONG_FACE", "details": {"reason": "Unrecognized face detected (Score: 0.60)"}, "timestamp": "2026-01-10 03:14:49"}
{"type": "WRONG_FACE", "details": {"reason": "Unrecognized face detected (Score: 0.60)"}, "timestamp": "2026-01-10 03:14:49"}
{"type": "WRONG_FACE", "details": {"reason": "Unrecognized face detected (Score: 0.61)"}, "timestamp": "2026-01-10 03:14:49"}
{"type": "WRONG_FACE", "details": {"reason": "Unrecognized face detected (Score: 0.61)"}, "timestamp": "2026-01-10 03:14:50"}
{"type": "WRONG_FACE", "details": {"reason": "Unrecognized face detected (Score: 0.60)"}, "timestamp": "2026-01-10 03:14:50"}
{"type": "WRONG_FACE", "details": {"reason": "Unrecognized face detected (Score: 0.60)"}, "timestamp": "2026-01-10 03:14:50"}
{"type": "WRONG_FACE", "details": {"reason": "Unrecognized face detected (Score: 0.60)"}, "timestamp": "2026-01-10 03:14:50"}
{"type": "WRONG_FACE", "details": {"reason": "Unrecognized face detected (Score: 0.60)"}, "timestamp": "2026-01-10 03:14:50"}
{"type": "WRONG_FACE", "details": {"reason": "Unrecognized face detected (Score: 0.60)"}, "timestamp": "2026-01-10 03:14:50"}
{"type": "WRONG_FACE", "details": {"reason": "Unrecognized face detected (Score: 0.60)"}, "timestamp": "2026-01-10 03:14:50"}
{"type": "WRONG_FACE", "details": {"reason": "Unrecognized face detected (Score: 0.60)"}, "timestamp": "2026-01-10 03:14:50"}
{"type": "WRONG_FACE", "details": {"reason": "Unrecognized face detected (Score: 0.60)"}, "timestamp": "2026-01-10 03:14:50"}
{"type": "WRONG_FACE", "details": {"reason": "Unrecognized face detected (Score: 0.60)"}, "timestamp": "2026-01-10 03:14:50"}
{"type": "WRONG_FACE", "details": {"reason": "Unrecognized face detected (Score: 0.60)"}, "timestamp": "2026-01-10 03:14:50"}
{"type": "WRONG_FACE", "details": {"reason": "Unrecognized face detected (Score: 0.60)"}, "timestamp": "2026-01-10 03:14:50"}
{"type": "WRONG_FACE", "details": {"reason": "Unrecognized face detected (Score: 0.60)"}, "timestamp": "2026-01-10 03:14:50"}
{"type": "WRONG_FACE", "details": {"reason": "Unrecognized face detected (Score: 0.60)"}, "timestamp": "2026-01-10 03:14:50"}
{"type": "WRONG_FACE", "details": {"reason": "Unrecognized face detected (Score: 0.60)"}, "timestamp": "2026-01-10 03:14:50"}
{"type": "WRONG_FACE", "details": {"reason": "Unrecognized face detected (Score: 0.60)"}, "timestamp": "2026-01-10 03:14:50"}
{"type": "WRONG_FACE", "details": {"reason": "Unrecognized face detected (Score: 0.60)"}, "timestamp": "2026-01-10 03:14:50"}
{"type": "WRONG_FACE", "details": {"reason": "Unrecognized face detected (Score: 0.60)"}, "timestamp": "2026-01-10 03:14:50"}
{"type": "WRONG_FACE", "details": {"reason": "Unrecognized face detected (Score: 0.60)"}, "timestamp": "2026-01-10 03:14:50"}
{"type": "WRONG_FACE", "details": {"reason": "Unrecognized face detected (Score: 0.60)"}, "timestamp": "2026-01-10 03:14:50"}
{"type": "WRONG_FACE", "details": {"reason": "Unrecognized face detected (Score: 0.61)"}, "timestamp": "2026-01-10 03:14:50"}
{"type": "WRONG_FACE", "details": {"reason": "Unrecognized face detected (Score: 0.61)"}, "timestamp": "2026-01-10 03:14:50"}
{"type": "WRONG_FACE", "details": {"reason": "Unrecognized face detected (Score: 0.61)"}, "timestamp": "2026-01-10 03:14:50"}
{"type": "WRONG_FACE", "details": {"reason": "Unrecognized face detected (Score: 0.59)"}, "timestamp": "2026-01-10 03:14:50"}
{"type": "WRONG_FACE", "details": {"reason": "Unrecognized face detected (Score: 0.59)"}, "timestamp": "2026-01-10 03:14:50"}
{"type": "WRONG_FACE", "details": {"reason": "Unrecognized face detected (Score: 0.59)"}, "timestamp": "2026-01-10 03:14:50"}
{"type": "WRONG_FACE", "details": {"reason": "Unrecognized face detected (Score: 0.59)"}, "timestamp": "2026-01-10 03:14:50"}
{"type": "WRONG_FACE", "details": {"reason": "Unrecognized face detected (Score: 0.59)"}, "timestamp": "2026-01-10 03:14:50"}
{"type": "WRONG_FACE", "details": {"reason": "Unrecognized face detected (Score: 0.59)"}, "timestamp": "2026-01-10 03:14:50"}
{"type": "WRONG_FACE", "details": {"reason": "Unrecognized face detected (Score: 0.60)"}, "timestamp": "2026-01-10 03:14:51"}
{"type": "WRONG_FACE", "details": {"reason": "Unrecognized face detected (Score: 0.60)"}, "timestamp": "2026-01-10 03:14:51"}
{"type": "WRONG_FACE", "details": {"reason": "Unrecognized face detected (Score: 0.60)"}, "timestamp": "2026-01-10 03:14:51"}
{"type": "WRONG_FACE", "details": {"reason": "Unrecognized face detected (Score: 0.57)"}, "timestamp": "2026-01-10 03:14:51"}
{"type": "WRONG_FACE", "details": {"reason": "Unrecognized face detected (Score: 0.57)"}, "timestamp": "2026-01-10 03:14:51"}
{"type": "WRONG_FACE", "details": {"reason": "Unrecognized face detected (Score: 0.57)"}, "timestamp": "2026-01-10 03:14:51"}
{"type": "WRONG_FACE", "details": {"reason": "Unrecognized face detected (Score: 0.60)"}, "timestamp": "2026-01-10 03:14:51"}
{"type": "WRONG_FACE", "details": {"reason": "Unrecognized face detected (Score: 0.60)"}, "timestamp": "2026-01-10 03:14:51"}
{"type": "WRONG_FACE", "details": {"reason": "Unrecognized face detected (Score: 0.60)"}, "timestamp": "2026-01-10 03:14:51"}
{"type": "WRONG_FACE", "details": {"reason": "Unrecognized face detected (Score: 0.60)"}, "timestamp": "2026-01-10 03:14:51"}
{"type": "WRONG_FACE", "details": {"reason": "Unrecognized face detected (Score: 0.60)"}, "timestamp": "2026-01-10 03:14:51"}
{"type": "WRONG_FACE", "details": {"reason": "Unrecognized face detected (Score: 0.60)"}, "timestamp": "2026-01-10 03:14:51"}
{"type": "WRONG_FACE", "details": {"reason": "Unrecognized face detected (Score: 0.59)"}, "timestamp": "2026-01-10 03:14:51"}
{"type": "WRONG_FACE", "details": {"reason": "Unrecognized face detected (Score: 0.59)"}, "timestamp": "2026-01-10 03:14:51"}
{"type": "WRONG_FACE", "details": {"reason": "Unrecognized face detected (Score: 0.59)"}, "timestamp": "2026-01-10 03:14:51"}
{"type": "WRONG_FACE", "details": {"reason": "Unrecognized face detected (Score: 0.61)"}, "timestamp": "2026-01-10 03:14:51"}
{"type": "WRONG_FACE", "details": {"reason": "Unrecognized face detected (Score: 0.61)"}, "timestamp": "2026-01-10 03:14:51"}
{"type": "WRONG_FACE", "details": {"reason": "Unrecognized face detected (Score: 0.61)"}, "timestamp": "2026-01-10 03:14:51"}
{"type": "WRONG_FACE", "details": {"reason": "Unrecognized face detected (Score: 0.59)"}, "timestamp": "2026-01-10 03:14:51"}
{"type": "WRONG_FACE", "details": {"reason": "Unrecognized face detected (Score: 0.59)"}, "timestamp": "2026-01-10 03:14:51"}
{"type": "WRONG_FACE", "details": {"reason": "Unrecognized face detected (Score: 0.58)"}, "timestamp": "2026-01-10 03:14:51"}
{"type": "WRONG_FACE", "details": {"reason": "Unrecognized face detected (Score: 0.58)"}, "timestamp": "2026-01-10 03:14:51"}
{"type": "WRONG_FACE", "details": {"reason": "Unrecognized face detected (Score: 0.58)"}, "timestamp": "2026-01-10 03:14:51"}
{"type": "WRONG_FACE", "details": {"reason": "Unrecognized face detected (Score: 0.58)"}, "timestamp": "2026-01-10 03:14:51"}
{"type": "WRONG_FACE", "details": {"reason": "Unrecognized face detected (Score: 0.58)"}, "timestamp": "2026-01-10 03:14:51"}
{"type": "WRONG_FACE", "details": {"reason": "Unrecognized face detected (Score: 0.58)"}, "timestamp": "2026-01-10 03:14:51"}
{"type": "WRONG_FACE", "details": {"reason": "Unrecognized face detected (Score: 0.58)"}, "timestamp": "2026-01-10 03:14:51"}
{"type": "WRONG_FACE", "details": {"reason": "Unrecognized face detected (Score: 0.59)"}, "timestamp": "2026-01-10 03:14:51"}
{"type": "WRONG_FACE", "details": {"reason": "Unrecognized face detected (Score: 0.59)"}, "timestamp": "2026-01-10 03:14:51"}
{"type": "WRONG_FACE", "details": {"reason": "Unrecognized face detected (Score: 0.59)"}, "timestamp": "2026-01-10 03:14:51"}
{"type": "WRONG_FACE", "details": {"reason": "Unrecognized face detected (Score: 0.57)"}, "timestamp": "2026-01-10 03:14:51"}
{"type": "WRONG_FACE", "details": {"reason": "Unrecognized face detected (Score: 0.57)"}, "timestamp": "2026-01-10 03:14:52"}
{"type": "WRONG_FACE", "details": {"reason": "Unrecognized face detected (Score: 0.60)"}, "timestamp": "2026-01-10 03:14:52"}
{"type": "WRONG_FACE", "details": {"reason": "Unrecognized face detected (Score: 0.60)"}, "timestamp": "2026-01-10 03:14:52"}
{"type": "WRONG_FACE", "details": {"reason": "Unrecognized face detected (Score: 0.59)"}, "timestamp": "2026-01-10 03:14:52"}
{"type": "WRONG_FACE", "details": {"reason": "Unrecognized face detected (Score: 0.59)"}, "timestamp": "2026-01-10 03:14:52"}
{"type": "WRONG_FACE", "details": {"reason": "Unrecognized face detected (Score: 0.60)"}, "timestamp": "2026-01-10 03:14:52"}
{"type": "WRONG_FACE", "details": {"reason": "Unrecognized face detected (Score: 0.60)"}, "timestamp": "2026-01-10 03:14:52"}
{"type": "WRONG_FACE", "details": {"reason": "Unrecognized face detected (Score: 0.60)"}, "timestamp": "2026-01-10 03:14:52"}
{"type": "WRONG_FACE", "details": {"reason": "Unrecognized face detected (Score: 0.61)"}, "timestamp": "2026-01-10 03:14:53"}
{"type": "WRONG_FACE", "details": {"reason": "Unrecognized face detected (Score: 0.61)"}, "timestamp": "2026-01-10 03:14:53"}
{"type": "WRONG_FACE", "details": {"reason": "Unrecognized face detected (Score: 0.61)"}, "timestamp": "2026-01-10 03:14:53"}
{"type": "WRONG_FACE", "details": {"reason": "Unrecognized face detected (Score: 0.63)"}, "timestamp": "2026-01-10 03:14:53"}
{"type": "WRONG_FACE", "details": {"reason": "Unrecognized face detected (Score: 0.63)"}, "timestamp": "2026-01-10 03:14:53"}
{"type": "WRONG_FACE", "details": {"reason": "Unrecognized face detected (Score: 0.63)"}, "timestamp": "2026-01-10 03:14:53"}
{"type": "WRONG_FACE", "details": {"reason": "Unrecognized face detected (Score: 0.60)"}, "timestamp": "2026-01-10 03:14:53"}
{"type": "WRONG_FACE", "details": {"reason": "Unrecognized face detected (Score: 0.60)"}, "timestamp": "2026-01-10 03:14:53"}
{"type": "WRONG_FACE", "details": {"reason": "Unrecognized face detected (Score: 0.60)"}, "timestamp": "2026-01-10 03:14:53"}
{"type": "WRONG_FACE", "details": {"reason": "Unrecognized face detected (Score: 0.63)"}, "timestamp": "2026-01-10 03:14:53"}
{"type": "WRONG_FACE", "details": {"reason": "Unrecognized face detected (Score: 0.63)"}, "timestamp": "2026-01-10 03:14:53"}
{"type": "WRONG_FACE", "details": {"reason": "Unrecognized face detected (Score: 0.63)"}, "timestamp": "2026-01-10 03:14:53"}
{"type": "WRONG_FACE", "details": {"reason": "Unrecognized face detected (Score: 0.59)"}, "timestamp": "2026-01-10 03:14:53"}
{"type": "WRONG_FACE", "details": {"reason": "Unrecognized face detected (Score: 0.59)"}, "timestamp": "2026-01-10 03:14:53"}
{"type": "WRONG_FACE", "details": {"reason": "Unrecognized face detected (Score: 0.59)"}, "timestamp": "2026-01-10 03:14:53"}
{"type": "WRONG_FACE", "details": {"reason": "Unrecognized face detected (Score: 0.58)"}, "timestamp": "2026-01-10 03:14:53"}
{"type": "WRONG_FACE", "details": {"reason": "Unrecognized face detected (Score: 0.58)"}, "timestamp": "2026-01-10 03:14:53"}
{"type": "WRONG_FACE", "details": {"reason": "Unrecognized face detected (Score: 0.58)"}, "timestamp": "2026-01-10 03:14:53"}
{"type": "WRONG_FACE", "details": {"reason": "Unrecognized face detected (Score: 0.57)"}, "timestamp": "2026-01-10 03:14:53"}
{"type": "WRONG_FACE", "details": {"reason": "Unrecognized face detected (Score: 0.57)"}, "timestamp": "2026-01-10 03:14:53"}
{"type": "WRONG_FACE", "details": {"reason": "Unrecognized face detected (Score: 0.57)"}, "timestamp": "2026-01-10 03:14:53"}
{"type": "WRONG_FACE", "details": {"reason": "Unrecognized face detected (Score: 0.56)"}, "timestamp": "2026-01-10 03:14:53"}
{"type": "WRONG_FACE", "details": {"reason": "Unrecognized face detected (Score: 0.56)"}, "timestamp": "2026-01-10 03:14:53"}
{"type": "WRONG_FACE", "details": {"reason": "Unrecognized face detected (Score: 0.56)"}, "timestamp": "2026-01-10 03:14:53"}
{"type": "WRONG_FACE", "details": {"reason": "Unrecognized face detected (Score: 0.56)"}, "timestamp": "2026-01-10 03:14:53"}
{"type": "WRONG_FACE", "details": {"reason": "Unrecognized face detected (Score: 0.56)"}, "timestamp": "2026-01-10 03:14:53"}
{"type": "WRONG_FACE", "details": {"reason": "Unrecognized face detected (Score: 0.56)"}, "timestamp": "2026-01-10 03:14:53"}
{"type": "WRONG_FACE", "details": {"reason": "Unrecognized face detected (Score: 0.50)"}, "timestamp": "2026-01-10 03:14:53"}
{"type": "WRONG_FACE", "details": {"reason": "Unrecognized face detected (Score: 0.50)"}, "timestamp": "2026-01-10 03:14:53"}
{"type": "WRONG_FACE", "details": {"reason": "Unrecognized face detected (Score: 0.50)"}, "timestamp": "2026-01-10 03:14:53"}
{"type": "WRONG_FACE", "details": {"reason": "Unrecognized face detected (Score: 0.48)"}, "timestamp": "2026-01-10 03:14:54"}
{"type": "WRONG_FACE", "details": {"reason": "Unrecognized face detected (Score: 0.48)"}, "timestamp": "2026-01-10 03:14:54"}
{"type": "WRONG_FACE", "details": {"reason": "Unrecognized face detected (Score: 0.48)"}, "timestamp": "2026-01-10 03:14:54"}
{"type": "WRONG_FACE", "details": {"reason": "Unrecognized face detected (Score: 0.51)"}, "timestamp": "2026-01-10 03:14:54"}
{"type": "WRONG_FACE", "details": {"reason": "Unrecognized face detected (Score: 0.51)"}, "timestamp": "2026-01-10 03:14:54"}
{"type": "WRONG_FACE", "details": {"reason": "Unrecognized face detected (Score: 0.51)"}, "timestamp": "2026-01-10 03:14:54"}
{"type": "WRONG_FACE", "details": {"reason": "Unrecognized face detected (Score: 0.51)"}, "timestamp": "2026-01-10 03:14:54"}
{"type": "WRONG_FACE", "details": {"reason": "Unrecognized face detected (Score: 0.51)"}, "timestamp": "2026-01-10 03:14:54"}
{"type": "WRONG_FACE", "details": {"reason": "Unrecognized face detected (Score: 0.51)"}, "timestamp": "2026-01-10 03:14:54"}
{"type": "WRONG_FACE", "details": {"reason": "Unrecognized face detected (Score: 0.52)"}, "timestamp": "2026-01-10 03:14:54"}
{"type": "WRONG_FACE", "details": {"reason": "Unrecognized face detected (Score: 0.52)"}, "timestamp": "2026-01-10 03:14:54"}
{"type": "WRONG_FACE", "details": {"reason": "Unrecognized face detected (Score: 0.52)"}, "timestamp": "2026-01-10 03:14:54"}
{"type": "WRONG_FACE", "details": {"reason": "Unrecognized face detected (Score: 0.52)"}, "timestamp": "2026-01-10 03:14:54"}
{"type": "WRONG_FACE", "details": {"reason": "Unrecognized face detected (Score: 0.52)"}, "timestamp": "2026-01-10 03:14:54"}
{"type": "WRONG_FACE", "details": {"reason": "Unrecognized face detected (Score: 0.52)"}, "timestamp": "2026-01-10 03:14:54"}
{"type": "WRONG_FACE", "details": {"reason": "Unrecognized face detected (Score: 0.51)"}, "timestamp": "2026-01-10 03:14:54"}
{"type": "WRONG_FACE", "details": {"reason": "Unrecognized face detected (Score: 0.51)"}, "timestamp": "2026-01-10 03:14:54"}
{"type": "WRONG_FACE", "details": {"reason": "Unrecognized face detected (Score: 0.51)"}, "timestamp": "2026-01-10 03:14:54"}
{"type": "WRONG_FACE", "details": {"reason": "Unrecognized face detected (Score: 0.51)"}, "timestamp": "2026-01-10 03:14:54"}
{"type": "WRONG_FACE", "details": {"reason": "Unrecognized face detected (Score: 0.51)"}, "timestamp": "2026-01-10 03:14:54"}
{"type": "WRONG_FACE", "details": {"reason": "Unrecognized face detected (Score: 0.51)"}, "timestamp": "2026-01-10 03:14:54"}
{"type": "WRONG_FACE", "details": {"reason": "Unrecognized face detected (Score: 0.52)"}, "timestamp": "2026-01-10 03:14:54"}
{"type": "WRONG_FACE", "details": {"reason": "Unrecognized face detected (Score: 0.52)"}, "timestamp": "2026-01-10 03:14:54"}
{"type": "WRONG_FACE", "details": {"reason": "Unrecognized face detected (Score: 0.52)"}, "timestamp": "2026-01-10 03:14:54"}
{"type": "WRONG_FACE", "details": {"reason": "Unrecognized face detected (Score: 0.53)"}, "timestamp": "2026-01-10 03:14:54"}
{"type": "WRONG_FACE", "details": {"reason": "Unrecognized face detected (Score: 0.53)"}, "timestamp": "2026-01-10 03:14:54"}
{"type": "WRONG_FACE", "details": {"reason": "Unrecognized face detected (Score: 0.53)"}, "timestamp": "2026-01-10 03:14:54"}
{"type": "WRONG_FACE", "details": {"reason": "Unrecognized face detected (Score: 0.53)"}, "timestamp": "2026-01-10 03:14:54"}
{"type": "WRONG_FACE", "details": {"reason": "Unrecognized face detected (Score: 0.53)"}, "timestamp": "2026-01-10 03:14:54"}
{"type": "WRONG_FACE", "details": {"reason": "Unrecognized face detected (Score: 0.53)"}, "timestamp": "2026-01-10 03:14:54"}
{"type": "WRONG_FACE", "details": {"reason": "Unrecognized face detected (Score: 0.52)"}, "timestamp": "2026-01-10 03:14:55"}
{"type": "WRONG_FACE", "details": {"reason": "Unrecognized face detected (Score: 0.52)"}, "timestamp": "2026-01-10 03:14:55"}
{"type": "WRONG_FACE", "details": {"reason": "Unrecognized face detected (Score: 0.52)"}, "timestamp": "2026-01-10 03:14:55"}
{"type": "WRONG_FACE", "details": {"reason": "Unrecognized face detected (Score: 0.52)"}, "timestamp": "2026-01-10 03:14:55"}
{"type": "WRONG_FACE", "details": {"reason": "Unrecognized face detected (Score: 0.52)"}, "timestamp": "2026-01-10 03:14:55"}
{"type": "WRONG_FACE", "details": {"reason": "Unrecognized face detected (Score: 0.52)"}, "timestamp": "2026-01-10 03:14:55"}
{"type": "WRONG_FACE", "details": {"reason": "Unrecognized face detected (Score: 0.53)"}, "timestamp": "2026-01-10 03:14:55"}
{"type": "WRONG_FACE", "details": {"reason": "Unrecognized face detected (Score: 0.53)"}, "timestamp": "2026-01-10 03:14:55"}
{"type": "WRONG_FACE", "details": {"reason": "Unrecognized face detected (Score: 0.53)"}, "timestamp": "2026-01-10 03:14:55"}
{"type": "WRONG_FACE", "details": {"reason": "Unrecognized face detected (Score: 0.52)"}, "timestamp": "2026-01-10 03:14:55"}
{"type": "WRONG_FACE", "details": {"reason": "Unrecognized face detected (Score: 0.52)"}, "timestamp": "2026-01-10 03:14:55"}
{"type": "WRONG_FACE", "details": {"reason": "Unrecognized face detected (Score: 0.52)"}, "timestamp": "2026-01-10 03:14:55"}
{"type": "WRONG_FACE", "details": {"reason": "Unrecognized face detected (Score: 0.51)"}, "timestamp": "2026-01-10 03:14:55"}
{"type": "WRONG_FACE", "details": {"reason": "Unrecognized face detected (Score: 0.51)"}, "timestamp": "2026-01-10 03:14:55"}
{"type": "WRONG_FACE", "details": {"reason": "Unrecognized face detected (Score: 0.51)"}, "timestamp": "2026-01-10 03:14:55"}
{"type": "WRONG_FACE", "details": {"reason": "Unrecognized face detected (Score: 0.54)"}, "timestamp": "2026-01-10 03:14:55"}
{"type": "WRONG_FACE", "details": {"reason": "Unrecognized face detected (Score: 0.54)"}, "timestamp": "2026-01-10 03:14:55"}
{"type": "WRONG_FACE", "details": {"reason": "Unrecognized face detected (Score: 0.54)"}, "timestamp": "2026-01-10 03:14:55"}
{"type": "WRONG_FACE", "details": {"reason": "Unrecognized face detected (Score: 0.53)"}, "timestamp": "2026-01-10 03:14:55"}
{"type": "WRONG_FACE", "details": {"reason": "Unrecognized face detected (Score: 0.53)"}, "timestamp": "2026-01-10 03:14:55"}
{"type": "WRONG_FACE", "details": {"reason": "Unrecognized face detected (Score: 0.53)"}, "timestamp": "2026-01-10 03:14:55"}
{"type": "WRONG_FACE", "details": {"reason": "Unrecognized face detected (Score: 0.53)"}, "timestamp": "2026-01-10 03:14:55"}
{"type": "WRONG_FACE", "details": {"reason": "Unrecognized face detected (Score: 0.53)"}, "timestamp": "2026-01-10 03:14:55"}
{"type": "WRONG_FACE", "details": {"reason": "Unrecognized face detected (Score: 0.53)"}, "timestamp": "2026-01-10 03:14:55"}
{"type": "WRONG_FACE", "details": {"reason": "Unrecognized face detected (Score: 0.53)"}, "timestamp": "2026-01-10 03:14:55"}
{"type": "WRONG_FACE", "details": {"reason": "Unrecognized face detected (Score: 0.53)"}, "timestamp": "2026-01-10 03:14:55"}
{"type": "WRONG_FACE", "details": {"reason": "Unrecognized face detected (Score: 0.53)"}, "timestamp": "2026-01-10 03:14:55"}
{"type": "WRONG_FACE", "details": {"reason": "Unrecognized face detected (Score: 0.54)"}, "timestamp": "2026-01-10 03:14:55"}
{"type": "WRONG_FACE", "details": {"reason": "Unrecognized face detected (Score: 0.54)"}, "timestamp": "2026-01-10 03:14:55"}
{"type": "WRONG_FACE", "details": {"reason": "Unrecognized face detected (Score: 0.54)"}, "timestamp": "2026-01-10 03:14:55"}
{"type": "WRONG_FACE", "details": {"reason": "Unrecognized face detected (Score: 0.54)"}, "timestamp": "2026-01-10 03:14:56"}
{"type": "WRONG_FACE", "details": {"reason": "Unrecognized face detected (Score: 0.54)"}, "timestamp": "2026-01-10 03:14:56"}
{"type": "WRONG_FACE", "details": {"reason": "Unrecognized face detected (Score: 0.54)"}, "timestamp": "2026-01-10 03:14:56"}
{"type": "WRONG_FACE", "details": {"reason": "Unrecognized face detected (Score: 0.54)"}, "timestamp": "2026-01-10 03:14:56"}
{"type": "WRONG_FACE", "details": {"reason": "Unrecognized face detected (Score: 0.54)"}, "timestamp": "2026-01-10 03:14:56"}
{"type": "WRONG_FACE", "details": {"reason": "Unrecognized face detected (Score: 0.54)"}, "timestamp": "2026-01-10 03:14:56"}
{"type": "WRONG_FACE", "details": {"reason": "Unrecognized face detected (Score: 0.53)"}, "timestamp": "2026-01-10 03:14:56"}
{"type": "WRONG_FACE", "details": {"reason": "Unrecognized face detected (Score: 0.53)"}, "timestamp": "2026-01-10 03:14:56"}
{"type": "WRONG_FACE", "details": {"reason": "Unrecognized face detected (Score: 0.53)"}, "timestamp": "2026-01-10 03:14:56"}
{"type": "WRONG_FACE", "details": {"reason": "Unrecognized face detected (Score: 0.54)"}, "timestamp": "2026-01-10 03:14:56"}
{"type": "WRONG_FACE", "details": {"reason": "Unrecognized face detected (Score: 0.54)"}, "timestamp": "2026-01-10 03:14:56"}
{"type": "WRONG_FACE", "details": {"reason": "Unrecognized face detected (Score: 0.54)"}, "timestamp": "2026-01-10 03:14:56"}
{"type": "WRONG_FACE", "details": {"reason": "Unrecognized face detected (Score: 0.53)"}, "timestamp": "2026-01-10 03:14:56"}
{"type": "WRONG_FACE", "details": {"reason": "Unrecognized face detected (Score: 0.53)"}, "timestamp": "2026-01-10 03:14:56"}
{"type": "WRONG_FACE", "details": {"reason": "Unrecognized face detected (Score: 0.53)"}, "timestamp": "2026-01-10 03:14:56"}
{"type": "WRONG_FACE", "details": {"reason": "Unrecognized face detected (Score: 0.53)"}, "timestamp": "2026-01-10 03:14:56"}
{"type": "WRONG_FACE", "details": {"reason": "Unrecognized face detected (Score: 0.53)"}, "timestamp": "2026-01-10 03:14:56"}
{"type": "WRONG_FACE", "details": {"reason": "Unrecognized face detected (Score: 0.53)"}, "timestamp": "2026-01-10 03:14:56"}
{"type": "WRONG_FACE", "details": {"reason": "Unrecognized face detected (Score: 0.54)"}, "timestamp": "2026-01-10 03:14:56"}
{"type": "WRONG_FACE", "details": {"reason": "Unrecognized face detected (Score: 0.54)"}, "timestamp": "2026-01-10 03:14:56"}
{"type": "WRONG_FACE", "details": {"reason": "Unrecognized face detected (Score: 0.54)"}, "timestamp": "2026-01-10 03:14:56"}
{"type": "WRONG_FACE", "details": {"reason": "Unrecognized face detected (Score: 0.52)"}, "timestamp": "2026-01-10 03:14:56"}
{"type": "WRONG_FACE", "details": {"reason": "Unrecognized face detected (Score: 0.52)"}, "timestamp": "2026-01-10 03:14:56"}
{"type": "WRONG_FACE", "details": {"reason": "Unrecognized face detected (Score: 0.52)"}, "timestamp": "2026-01-10 03:14:56"}
{"type": "WRONG_FACE", "details": {"reason": "Unrecognized face detected (Score: 0.54)"}, "timestamp": "2026-01-10 03:14:56"}
{"type": "WRONG_FACE", "details": {"reason": "Unrecognized face detected (Score: 0.54)"}, "timestamp": "2026-01-10 03:14:56"}
{"type": "WRONG_FACE", "details": {"reason": "Unrecognized face detected (Score: 0.54)"}, "timestamp": "2026-01-10 03:14:56"}
{"type": "WRONG_FACE", "details": {"reason": "Unrecognized face detected (Score: 0.52)"}, "timestamp": "2026-01-10 03:14:56"}
{"type": "WRONG_FACE", "details": {"reason": "Unrecognized face detected (Score: 0.52)"}, "timestamp": "2026-01-10 03:14:56"}
{"type": "WRONG_FACE", "details": {"reason": "Unrecognized face detected (Score: 0.52)"}, "timestamp": "2026-01-10 03:14:56"}
{"type": "WRONG_FACE", "details": {"reason": "Unrecognized face detected (Score: 0.54)"}, "timestamp": "2026-01-10 03:14:57"}
{"type": "WRONG_FACE", "details": {"reason": "Unrecognized face detected (Score: 0.54)"}, "timestamp": "2026-01-10 03:14:57"}
{"type": "WRONG_FACE", "details": {"reason": "Unrecognized face detected (Score: 0.54)"}, "timestamp": "2026-01-10 03:14:57"}
{"type": "WRONG_FACE", "details": {"reason": "Unrecognized face detected (Score: 0.54)"}, "timestamp": "2026-01-10 03:14:57"}
{"type": "WRONG_FACE", "details": {"reason": "Unrecognized face detected (Score: 0.54)"}, "timestamp": "2026-01-10 03:14:57"}
{"type": "WRONG_FACE", "details": {"reason": "Unrecognized face detected (Score: 0.54)"}, "timestamp": "2026-01-10 03:14:57"}
{"type": "WRONG_FACE", "details": {"reason": "Unrecognized face detected (Score: 0.53)"}, "timestamp": "2026-01-10 03:14:57"}
{"type": "WRONG_FACE", "details": {"reason": "Unrecognized face detected (Score: 0.53)"}, "timestamp": "2026-01-10 03:14:57"}
{"type": "WRONG_FACE", "details": {"reason": "Unrecognized face detected (Score: 0.53)"}, "timestamp": "2026-01-10 03:14:57"}
{"type": "WRONG_FACE", "details": {"reason": "Unrecognized face detected (Score: 0.54)"}, "timestamp": "2026-01-10 03:14:57"}
{"type": "WRONG_FACE", "details": {"reason": "Unrecognized face detected (Score: 0.54)"}, "timestamp": "2026-01-10 03:14:57"}
{"type": "WRONG_FACE", "details": {"reason": "Unrecognized face detected (Score: 0.54)"}, "timestamp": "2026-01-10 03:14:57"}
{"type": "WRONG_FACE", "details": {"reason": "Unrecognized face detected (Score: 0.53)"}, "timestamp": "2026-01-10 03:14:57"}
{"type": "WRONG_FACE", "details": {"reason": "Unrecognized face detected (Score: 0.53)"}, "timestamp": "2026-01-10 03:14:57"}
{"type": "WRONG_FACE", "details": {"reason": "Unrecognized face detected (Score: 0.53)"}, "timestamp": "2026-01-10 03:14:57"}
{"type": "WRONG_FACE", "details": {"reason": "Unrecognized face detected (Score: 0.52)"}, "timestamp": "2026-01-10 03:14:57"}
{"type": "WRONG_FACE", "details": {"reason": "Unrecognized face detected (Score: 0.52)"}, "timestamp": "2026-01-10 03:14:57"}
{"type": "WRONG_FACE", "details": {"reason": "Unrecognized face detected (Score: 0.52)"}, "timestamp": "2026-01-10 03:14:57"}
{"type": "WRONG_FACE", "details": {"reason": "Unrecognized face detected (Score: 0.53)"}, "timestamp": "2026-01-10 03:14:57"}
{"type": "WRONG_FACE", "details": {"reason": "Unrecognized face detected (Score: 0.53)"}, "timestamp": "2026-01-10 03:14:57"}
{"type": "WRONG_FACE", "details": {"reason": "Unrecognized face detected (Score: 0.53)"}, "timestamp": "2026-01-10 03:14:57"}
{"type": "WRONG_FACE", "details": {"reason": "Unrecognized face detected (Score: 0.54)"}, "timestamp": "2026-01-10 03:14:57"}
{"type": "WRONG_FACE", "details": {"reason": "Unrecognized face detected (Score: 0.54)"}, "timestamp": "2026-01-10 03:14:57"}
{"type": "WRONG_FACE", "details": {"reason": "Unrecognized face detected (Score: 0.54)"}, "timestamp": "2026-01-10 03:14:57"}
{"type": "WRONG_FACE", "details": {"reason": "Unrecognized face detected (Score: 0.54)"}, "timestamp": "2026-01-10 03:14:57"}
{"type": "WRONG_FACE", "details": {"reason": "Unrecognized face detected (Score: 0.54)"}, "timestamp": "2026-01-10 03:14:57"}
{"type": "WRONG_FACE", "details": {"reason": "Unrecognized face detected (Score: 0.54)"}, "timestamp": "2026-01-10 03:14:57"}
{"type": "WRONG_FACE", "details": {"reason": "Unrecognized face detected (Score: 0.52)"}, "timestamp": "2026-01-10 03:14:57"}
{"type": "WRONG_FACE", "details": {"reason": "Unrecognized face detected (Score: 0.52)"}, "timestamp": "2026-01-10 03:14:57"}
{"type": "WRONG_FACE", "details": {"reason": "Unrecognized face detected (Score: 0.52)"}, "timestamp": "2026-01-10 03:14:57"}
{"type": "WRONG_FACE", "details": {"reason": "Unrecognized face detected (Score: 0.53)"}, "timestamp": "2026-01-10 03:14:58"}
{"type": "WRONG_FACE", "details": {"reason": "Unrecognized face detected (Score: 0.53)"}, "timestamp": "2026-01-10 03:14:58"}
{"type": "WRONG_FACE", "details": {"reason": "Unrecognized face detected (Score: 0.53)"}, "timestamp": "2026-01-10 03:14:58"}
{"type": "WRONG_FACE", "details": {"reason": "Unrecognized face detected (Score: 0.55)"}, "timestamp": "2026-01-10 03:14:58"}
{"type": "WRONG_FACE", "details": {"reason": "Unrecognized face detected (Score: 0.55)"}, "timestamp": "2026-01-10 03:14:58"}
{"type": "WRONG_FACE", "details": {"reason": "Unrecognized face detected (Score: 0.55)"}, "timestamp": "2026-01-10 03:14:58"}
{"type": "WRONG_FACE", "details": {"reason": "Unrecognized face detected (Score: 0.53)"}, "timestamp": "2026-01-10 03:14:58"}
{"type": "WRONG_FACE", "details": {"reason": "Unrecognized face detected (Score: 0.53)"}, "timestamp": "2026-01-10 03:14:58"}
{"type": "WRONG_FACE", "details": {"reason": "Unrecognized face detected (Score: 0.53)"}, "timestamp": "2026-01-10 03:14:58"}
{"type": "WRONG_FACE", "details": {"reason": "Unrecognized face detected (Score: 0.52)"}, "timestamp": "2026-01-10 03:14:58"}
{"type": "WRONG_FACE", "details": {"reason": "Unrecognized face detected (Score: 0.52)"}, "timestamp": "2026-01-10 03:14:58"}
{"type": "WRONG_FACE", "details": {"reason": "Unrecognized face detected (Score: 0.52)"}, "timestamp": "2026-01-10 03:14:58"}
{"type": "WRONG_FACE", "details": {"reason": "Unrecognized face detected (Score: 0.53)"}, "timestamp": "2026-01-10 03:14:58"}
{"type": "WRONG_FACE", "details": {"reason": "Unrecognized face detected (Score: 0.53)"}, "timestamp": "2026-01-10 03:14:58"}
{"type": "WRONG_FACE", "details": {"reason": "Unrecognized face detected (Score: 0.53)"}, "timestamp": "2026-01-10 03:14:58"}
{"type": "WRONG_FACE", "details": {"reason": "Unrecognized face detected (Score: 0.52)"}, "timestamp": "2026-01-10 03:14:58"}
{"type": "WRONG_FACE", "details": {"reason": "Unrecognized face detected (Score: 0.52)"}, "timestamp": "2026-01-10 03:14:58"}
{"type": "WRONG_FACE", "details": {"reason": "Unrecognized face detected (Score: 0.52)"}, "timestamp": "2026-01-10 03:14:58"}
{"type": "WRONG_FACE", "details": {"reason": "Unrecognized face detected (Score: 0.53)"}, "timestamp": "2026-01-10 03:14:58"}
{"type": "WRONG_FACE", "details": {"reason": "Unrecognized face detected (Score: 0.53)"}, "timestamp": "2026-01-10 03:14:58"}
{"type": "WRONG_FACE", "details": {"reason": "Unrecognized face detected (Score: 0.53)"}, "timestamp": "2026-01-10 03:14:58"}
{"type": "WRONG_FACE", "details": {"reason": "Unrecognized face detected (Score: 0.54)"}, "timestamp": "2026-01-10 03:14:58"}
{"type": "WRONG_FACE", "details": {"reason": "Unrecognized face detected (Score: 0.54)"}, "timestamp": "2026-01-10 03:14:58"}
{"type": "WRONG_FACE", "details": {"reason": "Unrecognized face detected (Score: 0.54)"}, "timestamp": "2026-01-10 03:14:58"}
{"type": "WRONG_FACE", "details": {"reason": "Unrecognized face detected (Score: 0.55)"}, "timestamp": "2026-01-10 03:14:58"}
{"type": "WRONG_FACE", "details": {"reason": "Unrecognized face detected (Score: 0.55)"}, "timestamp": "2026-01-10 03:14:58"}
{"type": "WRONG_FACE", "details": {"reason": "Unrecognized face detected (Score: 0.55)"}, "timestamp": "2026-01-10 03:14:58"}
{"type": "WRONG_FACE", "details": {"reason": "Unrecognized face detected (Score: 0.54)"}, "timestamp": "2026-01-10 03:14:58"}
{"type": "WRONG_FACE", "details": {"reason": "Unrecognized face detected (Score: 0.54)"}, "timestamp": "2026-01-10 03:14:58"}
{"type": "WRONG_FACE", "details": {"reason": "Unrecognized face detected (Score: 0.54)"}, "timestamp": "2026-01-10 03:14:58"}
{"type": "WRONG_FACE", "details": {"reason": "Unrecognized face detected (Score: 0.54)"}, "timestamp": "2026-01-10 03:14:59"}
{"type": "WRONG_FACE", "details": {"reason": "Unrecognized face detected (Score: 0.54)"}, "timestamp": "2026-01-10 03:14:59"}
{"type": "WRONG_FACE", "details": {"reason": "Unrecognized face detected (Score: 0.54)"}, "timestamp": "2026-01-10 03:14:59"}
{"type": "WRONG_FACE", "details": {"reason": "Unrecognized face detected (Score: 0.54)"}, "timestamp": "2026-01-10 03:14:59"}
{"type": "WRONG_FACE", "details": {"reason": "Unrecognized face detected (Score: 0.54)"}, "timestamp": "2026-01-10 03:14:59"}
{"type": "WRONG_FACE", "details": {"reason": "Unrecognized face detected (Score: 0.54)"}, "timestamp": "2026-01-10 03:14:59"}
{"type": "WRONG_FACE", "details": {"reason": "Unrecognized face detected (Score: 0.54)"}, "timestamp": "2026-01-10 03:14:59"}
{"type": "WRONG_FACE", "details": {"reason": "Unrecognized face detected (Score: 0.54)"}, "timestamp": "2026-01-10 03:14:59"}
{"type": "WRONG_FACE", "details": {"reason": "Unrecognized face detected (Score: 0.54)"}, "timestamp": "2026-01-10 03:14:59"}
{"type": "WRONG_FACE", "details": {"reason": "Unrecognized face detected (Score: 0.55)"}, "timestamp": "2026-01-10 03:14:59"}
{"type": "WRONG_FACE", "details": {"reason": "Unrecognized face detected (Score: 0.55)"}, "timestamp": "2026-01-10 03:14:59"}
{"type": "WRONG_FACE", "details": {"reason": "Unrecognized face detected (Score: 0.55)"}, "timestamp": "2026-01-10 03:14:59"}
{"type": "WRONG_FACE", "details": {"reason": "Unrecognized face detected (Score: 0.52)"}, "timestamp": "2026-01-10 03:14:59"}
{"type": "WRONG_FACE", "details": {"reason": "Unrecognized face detected (Score: 0.52)"}, "timestamp": "2026-01-10 03:14:59"}
{"type": "WRONG_FACE", "details": {"reason": "Unrecognized face detected (Score: 0.52)"}, "timestamp": "2026-01-10 03:14:59"}
{"type": "WRONG_FACE", "details": {"reason": "Unrecognized face detected (Score: 0.53)"}, "timestamp": "2026-01-10 03:14:59"}
{"type": "WRONG_FACE", "details": {"reason": "Unrecognized face detected (Score: 0.53)"}, "timestamp": "2026-01-10 03:14:59"}
{"type": "WRONG_FACE", "details": {"reason": "Unrecognized face detected (Score: 0.53)"}, "timestamp": "2026-01-10 03:14:59"}
{"type": "WRONG_FACE", "details": {"reason": "Unrecognized face detected (Score: 0.53)"}, "timestamp": "2026-01-10 03:14:59"}
{"type": "WRONG_FACE", "details": {"reason": "Unrecognized face detected (Score: 0.53)"}, "timestamp": "2026-01-10 03:14:59"}
{"type": "WRONG_FACE", "details": {"reason": "Unrecognized face detected (Score: 0.53)"}, "timestamp": "2026-01-10 03:14:59"}
{"type": "WRONG_FACE", "details": {"reason": "Unrecognized face detected (Score: 0.54)"}, "timestamp": "2026-01-10 03:14:59"}
{"type": "WRONG_FACE", "details": {"reason": "Unrecognized face detected (Score: 0.54)"}, "timestamp": "2026-01-10 03:14:59"}
{"type": "WRONG_FACE", "details": {"reason": "Unrecognized face detected (Score: 0.54)"}, "timestamp": "2026-01-10 03:14:59"}
{"type": "WRONG_FACE", "details": {"reason": "Unrecognized face detected (Score: 0.53)"}, "timestamp": "2026-01-10 03:14:59"}
{"type": "WRONG_FACE", "details": {"reason": "Unrecognized face detected (Score: 0.53)"}, "timestamp": "2026-01-10 03:14:59"}
{"type": "WRONG_FACE", "details": {"reason": "Unrecognized face detected (Score: 0.53)"}, "timestamp": "2026-01-10 03:14:59"}
{"type": "WRONG_FACE", "details": {"reason": "Unrecognized face detected (Score: 0.53)"}, "timestamp": "2026-01-10 03:14:59"}
{"type": "WRONG_FACE", "details": {"reason": "Unrecognized face detected (Score: 0.53)"}, "timestamp": "2026-01-10 03:14:59"}
{"type": "WRONG_FACE", "details": {"reason": "Unrecognized face detected (Score: 0.53)"}, "timestamp": "2026-01-10 03:14:59"}
{"type": "WRONG_FACE", "details": {"reason": "Unrecognized face detected (Score: 0.53)"}, "timestamp": "2026-01-10 03:15:00"}
{"type": "WRONG_FACE", "details": {"reason": "Unrecognized face detected (Score: 0.54)"}, "timestamp": "2026-01-10 03:15:00"}
{"type": "WRONG_FACE", "details": {"reason": "Unrecognized face detected (Score: 0.54)"}, "timestamp": "2026-01-10 03:15:00"}
{"type": "WRONG_FACE", "details": {"reason": "Unrecognized face detected (Score: 0.55)"}, "timestamp": "2026-01-10 03:15:00"}
{"type": "WRONG_FACE", "details": {"reason": "Unrecognized face detected (Score: 0.55)"}, "timestamp": "2026-01-10 03:15:00"}
{"type": "WRONG_FACE", "details": {"reason": "Unrecognized face detected (Score: 0.55)"}, "timestamp": "2026-01-10 03:15:00"}
{"type": "WRONG_FACE", "details": {"reason": "Unrecognized face detected (Score: 0.52)"}, "timestamp": "2026-01-10 03:15:00"}
{"type": "WRONG_FACE", "details": {"reason": "Unrecognized face detected (Score: 0.52)"}, "timestamp": "2026-01-10 03:15:00"}
{"type": "WRONG_FACE", "details": {"reason": "Unrecognized face detected (Score: 0.52)"}, "timestamp": "2026-01-10 03:15:00"}
{"type": "WRONG_FACE", "details": {"reason": "Unrecognized face detected (Score: 0.53)"}, "timestamp": "2026-01-10 03:15:00"}
{"type": "WRONG_FACE", "details": {"reason": "Unrecognized face detected (Score: 0.53)"}, "timestamp": "2026-01-10 03:15:00"}
{"type": "WRONG_FACE", "details": {"reason": "Unrecognized face detected (Score: 0.53)"}, "timestamp": "2026-01-10 03:15:00"}
{"type": "WRONG_FACE", "details": {"reason": "Unrecognized face detected (Score: 0.53)"}, "timestamp": "2026-01-10 03:15:00"}
{"type": "WRONG_FACE", "details": {"reason": "Unrecognized face detected (Score: 0.54)"}, "timestamp": "2026-01-10 03:15:00"}
{"type": "WRONG_FACE", "details": {"reason": "Unrecognized face detected (Score: 0.54)"}, "timestamp": "2026-01-10 03:15:00"}
{"type": "WRONG_FACE", "details": {"reason": "Unrecognized face detected (Score: 0.54)"}, "timestamp": "2026-01-10 03:15:00"}
{"type": "WRONG_FACE", "details": {"reason": "Unrecognized face detected (Score: 0.54)"}, "timestamp": "2026-01-10 03:15:00"}
{"type": "WRONG_FACE", "details": {"reason": "Unrecognized face detected (Score: 0.54)"}, "timestamp": "2026-01-10 03:15:00"}
{"type": "WRONG_FACE", "details": {"reason": "Unrecognized face detected (Score: 0.52)"}, "timestamp": "2026-01-10 03:15:00"}
{"type": "WRONG_FACE", "details": {"reason": "Unrecognized face detected (Score: 0.52)"}, "timestamp": "2026-01-10 03:15:00"}
{"type": "WRONG_FACE", "details": {"reason": "Unrecognized face detected (Score: 0.52)"}, "timestamp": "2026-01-10 03:15:00"}
{"type": "WRONG_FACE", "details": {"reason": "Unrecognized face detected (Score: 0.54)"}, "timestamp": "2026-01-10 03:15:00"}
{"type": "WRONG_FACE", "details": {"reason": "Unrecognized face detected (Score: 0.54)"}, "timestamp": "2026-01-10 03:15:00"}
{"type": "WRONG_FACE", "details": {"reason": "Unrecognized face detected (Score: 0.54)"}, "timestamp": "2026-01-10 03:15:00"}
{"type": "WRONG_FACE", "details": {"reason": "Unrecognized face detected (Score: 0.54)"}, "timestamp": "2026-01-10 03:15:00"}
{"type": "WRONG_FACE", "details": {"reason": "Unrecognized face detected (Score: 0.53)"}, "timestamp": "2026-01-10 03:15:00"}
{"type": "WRONG_FACE", "details": {"reason": "Unrecognized face detected (Score: 0.53)"}, "timestamp": "2026-01-10 03:15:00"}
{"type": "WRONG_FACE", "details": {"reason": "Unrecognized face detected (Score: 0.52)"}, "timestamp": "2026-01-10 03:15:00"}
{"type": "WRONG_FACE", "details": {"reason": "Unrecognized face detected (Score: 0.52)"}, "timestamp": "2026-01-10 03:15:00"}
{"type": "WRONG_FACE", "details": {"reason": "Unrecognized face detected (Score: 0.52)"}, "timestamp": "2026-01-10 03:15:00"}
{"type": "WRONG_FACE", "details": {"reason": "Unrecognized face detected (Score: 0.51)"}, "timestamp": "2026-01-10 03:15:01"}
{"type": "WRONG_FACE", "details": {"reason": "Unrecognized face detected (Score: 0.51)"}, "timestamp": "2026-01-10 03:15:01"}
{"type": "WRONG_FACE", "details": {"reason": "Unrecognized face detected (Score: 0.51)"}, "timestamp": "2026-01-10 03:15:01"}
{"type": "WRONG_FACE", "details": {"reason": "Unrecognized face detected (Score: 0.53)"}, "timestamp": "2026-01-10 03:15:01"}
{"type": "WRONG_FACE", "details": {"reason": "Unrecognized face detected (Score: 0.53)"}, "timestamp": "2026-01-10 03:15:01"}
{"type": "WRONG_FACE", "details": {"reason": "Unrecognized face detected (Score: 0.53)"}, "timestamp": "2026-01-10 03:15:01"}
{"type": "WRONG_FACE", "details": {"reason": "Unrecognized face detected (Score: 0.53)"}, "timestamp": "2026-01-10 03:15:01"}
{"type": "WRONG_FACE", "details": {"reason": "Unrecognized face detected (Score: 0.53)"}, "timestamp": "2026-01-10 03:15:01"}
{"type": "WRONG_FACE", "details": {"reason": "Unrecognized face detected (Score: 0.53)"}, "timestamp": "2026-01-10 03:15:01"}
{"type": "WRONG_FACE", "details": {"reason": "Unrecognized face detected (Score: 0.55)"}, "timestamp": "2026-01-10 03:15:01"}
{"type": "WRONG_FACE", "details": {"reason": "Unrecognized face detected (Score: 0.55)"}, "timestamp": "2026-01-10 03:15:01"}
{"type": "WRONG_FACE", "details": {"reason": "Unrecognized face detected (Score: 0.55)"}, "timestamp": "2026-01-10 03:15:01"}
{"type": "WRONG_FACE", "details": {"reason": "Unrecognized face detected (Score: 0.54)"}, "timestamp": "2026-01-10 03:15:01"}
{"type": "WRONG_FACE", "details": {"reason": "Unrecognized face detected (Score: 0.54)"}, "timestamp": "2026-01-10 03:15:01"}
{"type": "WRONG_FACE", "details": {"reason": "Unrecognized face detected (Score: 0.54)"}, "timestamp": "2026-01-10 03:15:01"}
{"type": "WRONG_FACE", "details": {"reason": "Unrecognized face detected (Score: 0.54)"}, "timestamp": "2026-01-10 03:15:01"}
{"type": "WRONG_FACE", "details": {"reason": "Unrecognized face detected (Score: 0.54)"}, "timestamp": "2026-01-10 03:15:01"}
{"type": "WRONG_FACE", "details": {"reason": "Unrecognized face detected (Score: 0.54)"}, "timestamp": "2026-01-10 03:15:01"}
{"type": "WRONG_FACE", "details": {"reason": "Unrecognized face detected (Score: 0.54)"}, "timestamp": "2026-01-10 03:15:01"}
{"type": "WRONG_FACE", "details": {"reason": "Unrecognized face detected (Score: 0.54)"}, "timestamp": "2026-01-10 03:15:01"}
{"type": "WRONG_FACE", "details": {"reason": "Unrecognized face detected (Score: 0.54)"}, "timestamp": "2026-01-10 03:15:01"}
{"type": "WRONG_FACE", "details": {"reason": "Unrecognized face detected (Score: 0.52)"}, "timestamp": "2026-01-10 03:15:01"}
{"type": "WRONG_FACE", "details": {"reason": "Unrecognized face detected (Score: 0.52)"}, "timestamp": "2026-01-10 03:15:01"}
{"type": "WRONG_FACE", "details": {"reason": "Unrecognized face detected (Score: 0.52)"}, "timestamp": "2026-01-10 03:15:01"}
{"type": "WRONG_FACE", "details": {"reason": "Unrecognized face detected (Score: 0.54)"}, "timestamp": "2026-01-10 03:15:01"}
{"type": "WRONG_FACE", "details": {"reason": "Unrecognized face detected (Score: 0.54)"}, "timestamp": "2026-01-10 03:15:01"}
{"type": "WRONG_FACE", "details": {"reason": "Unrecognized face detected (Score: 0.54)"}, "timestamp": "2026-01-10 03:15:01"}
{"type": "WRONG_FACE", "details": {"reason": "Unrecognized face detected (Score: 0.54)"}, "timestamp": "2026-01-10 03:15:01"}
{"type": "WRONG_FACE", "details": {"reason": "Unrecognized face detected (Score: 0.52)"}, "timestamp": "2026-01-10 03:15:01"}
{"type": "WRONG_FACE", "details": {"reason": "Unrecognized face detected (Score: 0.52)"}, "timestamp": "2026-01-10 03:15:01"}
{"type": "WRONG_FACE", "details": {"reason": "Unrecognized face detected (Score: 0.52)"}, "timestamp": "2026-01-10 03:15:01"}
{"type": "WRONG_FACE", "details": {"reason": "Unrecognized face detected (Score: 0.54)"}, "timestamp": "2026-01-10 03:15:02"}
{"type": "WRONG_FACE", "details": {"reason": "Unrecognized face detected (Score: 0.54)"}, "timestamp": "2026-01-10 03:15:02"}
{"type": "WRONG_FACE", "details": {"reason": "Unrecognized face detected (Score: 0.54)"}, "timestamp": "2026-01-10 03:15:02"}
{"type": "WRONG_FACE", "details": {"reason": "Unrecognized face detected (Score: 0.54)"}, "timestamp": "2026-01-10 03:15:02"}
{"type": "WRONG_FACE", "details": {"reason": "Unrecognized face detected (Score: 0.54)"}, "timestamp": "2026-01-10 03:15:02"}
{"type": "WRONG_FACE", "details": {"reason": "Unrecognized face detected (Score: 0.54)"}, "timestamp": "2026-01-10 03:15:02"}
{"type": "WRONG_FACE", "details": {"reason": "Unrecognized face detected (Score: 0.54)"}, "timestamp": "2026-01-10 03:15:02"}
{"type": "WRONG_FACE", "details": {"reason": "Unrecognized face detected (Score: 0.54)"}, "timestamp": "2026-01-10 03:15:02"}
{"type": "WRONG_FACE", "details": {"reason": "Unrecognized face detected (Score: 0.54)"}, "timestamp": "2026-01-10 03:15:02"}
{"type": "WRONG_FACE", "details": {"reason": "Unrecognized face detected (Score: 0.54)"}, "timestamp": "2026-01-10 03:15:02"}
{"type": "WRONG_FACE", "details": {"reason": "Unrecognized face detected (Score: 0.54)"}, "timestamp": "2026-01-10 03:15:02"}
{"type": "WRONG_FACE", "details": {"reason": "Unrecognized face detected (Score: 0.54)"}, "timestamp": "2026-01-10 03:15:02"}
{"type": "WRONG_FACE", "details": {"reason": "Unrecognized face detected (Score: 0.54)"}, "timestamp": "2026-01-10 03:15:02"}
{"type": "WRONG_FACE", "details": {"reason": "Unrecognized face detected (Score: 0.54)"}, "timestamp": "2026-01-10 03:15:02"}
{"type": "WRONG_FACE", "details": {"reason": "Unrecognized face detected (Score: 0.52)"}, "timestamp": "2026-01-10 03:15:02"}
{"type": "WRONG_FACE", "details": {"reason": "Unrecognized face detected (Score: 0.52)"}, "timestamp": "2026-01-10 03:15:02"}
{"type": "WRONG_FACE", "details": {"reason": "Unrecognized face detected (Score: 0.52)"}, "timestamp": "2026-01-10 03:15:02"}
{"type": "WRONG_FACE", "details": {"reason": "Unrecognized face detected (Score: 0.54)"}, "timestamp": "2026-01-10 03:15:02"}
{"type": "WRONG_FACE", "details": {"reason": "Unrecognized face detected (Score: 0.54)"}, "timestamp": "2026-01-10 03:15:02"}
{"type": "WRONG_FACE", "details": {"reason": "Unrecognized face detected (Score: 0.54)"}, "timestamp": "2026-01-10 03:15:02"}
{"type": "WRONG_FACE", "details": {"reason": "Unrecognized face detected (Score: 0.54)"}, "timestamp": "2026-01-10 03:15:02"}
{"type": "WRONG_FACE", "details": {"reason": "Unrecognized face detected (Score: 0.55)"}, "timestamp": "2026-01-10 03:15:02"}
{"type": "WRONG_FACE", "details": {"reason": "Unrecognized face detected (Score: 0.55)"}, "timestamp": "2026-01-10 03:15:02"}
{"type": "WRONG_FACE", "details": {"reason": "Unrecognized face detected (Score: 0.55)"}, "timestamp": "2026-01-10 03:15:02"}
{"type": "WRONG_FACE", "details": {"reason": "Unrecognized face detected (Score: 0.52)"}, "timestamp": "2026-01-10 03:15:02"}
{"type": "WRONG_FACE", "details": {"reason": "Unrecognized face detected (Score: 0.52)"}, "timestamp": "2026-01-10 03:15:02"}
{"type": "WRONG_FACE", "details": {"reason": "Unrecognized face detected (Score: 0.55)"}, "timestamp": "2026-01-10 03:15:02"}
{"type": "WRONG_FACE", "details": {"reason": "Unrecognized face detected (Score: 0.55)"}, "timestamp": "2026-01-10 03:15:02"}
{"type": "WRONG_FACE", "details": {"reason": "Unrecognized face detected (Score: 0.55)"}, "timestamp": "2026-01-10 03:15:02"}
{"type": "WRONG_FACE", "details": {"reason": "Unrecognized face detected (Score: 0.55)"}, "timestamp": "2026-01-10 03:15:03"}
{"type": "WRONG_FACE", "details": {"reason": "Unrecognized face detected (Score: 0.55)"}, "timestamp": "2026-01-10 03:15:03"}
{"type": "WRONG_FACE", "details": {"reason": "Unrecognized face detected (Score: 0.55)"}, "timestamp": "2026-01-10 03:15:03"}
{"type": "WRONG_FACE", "details": {"reason": "Unrecognized face detected (Score: 0.55)"}, "timestamp": "2026-01-10 03:15:03"}
{"type": "WRONG_FACE", "details": {"reason": "Unrecognized face detected (Score: 0.53)"}, "timestamp": "2026-01-10 03:15:03"}
{"type": "WRONG_FACE", "details": {"reason": "Unrecognized face detected (Score: 0.53)"}, "timestamp": "2026-01-10 03:15:03"}
{"type": "WRONG_FACE", "details": {"reason": "Unrecognized face detected (Score: 0.53)"}, "timestamp": "2026-01-10 03:15:03"}
{"type": "WRONG_FACE", "details": {"reason": "Unrecognized face detected (Score: 0.53)"}, "timestamp": "2026-01-10 03:15:03"}
{"type": "WRONG_FACE", "details": {"reason": "Unrecognized face detected (Score: 0.53)"}, "timestamp": "2026-01-10 03:15:03"}
{"type": "WRONG_FACE", "details": {"reason": "Unrecognized face detected (Score: 0.54)"}, "timestamp": "2026-01-10 03:15:03"}
{"type": "WRONG_FACE", "details": {"reason": "Unrecognized face detected (Score: 0.54)"}, "timestamp": "2026-01-10 03:15:03"}
{"type": "WRONG_FACE", "details": {"reason": "Unrecognized face detected (Score: 0.54)"}, "timestamp": "2026-01-10 03:15:03"}
{"type": "WRONG_FACE", "details": {"reason": "Unrecognized face detected (Score: 0.54)"}, "timestamp": "2026-01-10 03:15:03"}
{"type": "WRONG_FACE", "details": {"reason": "Unrecognized face detected (Score: 0.54)"}, "timestamp": "2026-01-10 03:15:03"}
{"type": "WRONG_FACE", "details": {"reason": "Unrecognized face detected (Score: 0.54)"}, "timestamp": "2026-01-10 03:15:03"}
{"type": "WRONG_FACE", "details": {"reason": "Unrecognized face detected (Score: 0.54)"}, "timestamp": "2026-01-10 03:15:03"}
{"type": "WRONG_FACE", "details": {"reason": "Unrecognized face detected (Score: 0.55)"}, "timestamp": "2026-01-10 03:15:03"}
{"type": "WRONG_FACE", "details": {"reason": "Unrecognized face detected (Score: 0.55)"}, "timestamp": "2026-01-10 03:15:03"}
{"type": "WRONG_FACE", "details": {"reason": "Unrecognized face detected (Score: 0.55)"}, "timestamp": "2026-01-10 03:15:03"}
{"type": "WRONG_FACE", "details": {"reason": "Unrecognized face detected (Score: 0.54)"}, "timestamp": "2026-01-10 03:15:03"}
{"type": "WRONG_FACE", "details": {"reason": "Unrecognized face detected (Score: 0.54)"}, "timestamp": "2026-01-10 03:15:03"}
{"type": "WRONG_FACE", "details": {"reason": "Unrecognized face detected (Score: 0.54)"}, "timestamp": "2026-01-10 03:15:03"}
{"type": "WRONG_FACE", "details": {"reason": "Unrecognized face detected (Score: 0.54)"}, "timestamp": "2026-01-10 03:15:03"}
{"type": "WRONG_FACE", "details": {"reason": "Unrecognized face detected (Score: 0.54)"}, "timestamp": "2026-01-10 03:15:03"}
{"type": "WRONG_FACE", "details": {"reason": "Unrecognized face detected (Score: 0.54)"}, "timestamp": "2026-01-10 03:15:03"}
{"type": "WRONG_FACE", "details": {"reason": "Unrecognized face detected (Score: 0.53)"}, "timestamp": "2026-01-10 03:15:03"}
{"type": "WRONG_FACE", "details": {"reason": "Unrecognized face detected (Score: 0.53)"}, "timestamp": "2026-01-10 03:15:03"}
{"type": "WRONG_FACE", "details": {"reason": "Unrecognized face detected (Score: 0.53)"}, "timestamp": "2026-01-10 03:15:03"}
{"type": "WRONG_FACE", "details": {"reason": "Unrecognized face detected (Score: 0.54)"}, "timestamp": "2026-01-10 03:15:03"}
{"type": "WRONG_FACE", "details": {"reason": "Unrecognized face detected (Score: 0.54)"}, "timestamp": "2026-01-10 03:15:03"}
{"type": "WRONG_FACE", "details": {"reason": "Unrecognized face detected (Score: 0.54)"}, "timestamp": "2026-01-10 03:15:03"}
{"type": "WRONG_FACE", "details": {"reason": "Unrecognized face detected (Score: 0.54)"}, "timestamp": "2026-01-10 03:15:04"}
{"type": "WRONG_FACE", "details": {"reason": "Unrecognized face detected (Score: 0.54)"}, "timestamp": "2026-01-10 03:15:04"}
{"type": "WRONG_FACE", "details": {"reason": "Unrecognized face detected (Score: 0.54)"}, "timestamp": "2026-01-10 03:15:04"}
{"type": "WRONG_FACE", "details": {"reason": "Unrecognized face detected (Score: 0.54)"}, "timestamp": "2026-01-10 03:15:04"}
{"type": "WRONG_FACE", "details": {"reason": "Unrecognized face detected (Score: 0.54)"}, "timestamp": "2026-01-10 03:15:04"}
{"type": "WRONG_FACE", "details": {"reason": "Unrecognized face detected (Score: 0.54)"}, "timestamp": "2026-01-10 03:15:04"}
{"type": "WRONG_FACE", "details": {"reason": "Unrecognized face detected (Score: 0.52)"}, "timestamp": "2026-01-10 03:15:04"}
{"type": "WRONG_FACE", "details": {"reason": "Unrecognized face detected (Score: 0.52)"}, "timestamp": "2026-01-10 03:15:04"}
{"type": "WRONG_FACE", "details": {"reason": "Unrecognized face detected (Score: 0.52)"}, "timestamp": "2026-01-10 03:15:04"}
{"type": "WRONG_FACE", "details": {"reason": "Unrecognized face detected (Score: 0.51)"}, "timestamp": "2026-01-10 03:15:04"}
{"type": "WRONG_FACE", "details": {"reason": "Unrecognized face detected (Score: 0.51)"}, "timestamp": "2026-01-10 03:15:04"}
{"type": "WRONG_FACE", "details": {"reason": "Unrecognized face detected (Score: 0.51)"}, "timestamp": "2026-01-10 03:15:04"}
{"type": "WRONG_FACE", "details": {"reason": "Unrecognized face detected (Score: 0.52)"}, "timestamp": "2026-01-10 03:15:04"}
{"type": "WRONG_FACE", "details": {"reason": "Unrecognized face detected (Score: 0.52)"}, "timestamp": "2026-01-10 03:15:04"}
{"type": "WRONG_FACE", "details": {"reason": "Unrecognized face detected (Score: 0.52)"}, "timestamp": "2026-01-10 03:15:04"}
{"type": "WRONG_FACE", "details": {"reason": "Unrecognized face detected (Score: 0.54)"}, "timestamp": "2026-01-10 03:15:04"}
{"type": "WRONG_FACE", "details": {"reason": "Unrecognized face detected (Score: 0.54)"}, "timestamp": "2026-01-10 03:15:04"}
{"type": "WRONG_FACE", "details": {"reason": "Unrecognized face detected (Score: 0.54)"}, "timestamp": "2026-01-10 03:15:04"}
{"type": "WRONG_FACE", "details": {"reason": "Unrecognized face detected (Score: 0.53)"}, "timestamp": "2026-01-10 03:15:04"}
{"type": "WRONG_FACE", "details": {"reason": "Unrecognized face detected (Score: 0.53)"}, "timestamp": "2026-01-10 03:15:04"}
{"type": "WRONG_FACE", "details": {"reason": "Unrecognized face detected (Score: 0.53)"}, "timestamp": "2026-01-10 03:15:04"}
{"type": "WRONG_FACE", "details": {"reason": "Unrecognized face detected (Score: 0.53)"}, "timestamp": "2026-01-10 03:15:04"}
{"type": "WRONG_FACE", "details": {"reason": "Unrecognized face detected (Score: 0.53)"}, "timestamp": "2026-01-10 03:15:04"}
{"type": "WRONG_FACE", "details": {"reason": "Unrecognized face detected (Score: 0.53)"}, "timestamp": "2026-01-10 03:15:04"}
{"type": "WRONG_FACE", "details": {"reason": "Unrecognized face detected (Score: 0.53)"}, "timestamp": "2026-01-10 03:15:04"}
{"type": "WRONG_FACE", "details": {"reason": "Unrecognized face detected (Score: 0.53)"}, "timestamp": "2026-01-10 03:15:04"}
{"type": "WRONG_FACE", "details": {"reason": "Unrecognized face detected (Score: 0.53)"}, "timestamp": "2026-01-10 03:15:04"}
{"type": "WRONG_FACE", "details": {"reason": "Unrecognized face detected (Score: 0.53)"}, "timestamp": "2026-01-10 03:15:04"}
{"type": "WRONG_FACE", "details": {"reason": "Unrecognized face detected (Score: 0.53)"}, "timestamp": "2026-01-10 03:15:04"}
{"type": "WRONG_FACE", "details": {"reason": "Unrecognized face detected (Score: 0.53)"}, "timestamp": "2026-01-10 03:15:04"}
{"type": "WRONG_FACE", "details": {"reason": "Unrecognized face detected (Score: 0.54)"}, "timestamp": "2026-01-10 03:15:05"}
{"type": "WRONG_FACE", "details": {"reason": "Unrecognized face detected (Score: 0.54)"}, "timestamp": "2026-01-10 03:15:05"}
{"type": "WRONG_FACE", "details": {"reason": "Unrecognized face detected (Score: 0.54)"}, "timestamp": "2026-01-10 03:15:05"}
{"type": "WRONG_FACE", "details": {"reason": "Unrecognized face detected (Score: 0.51)"}, "timestamp": "2026-01-10 03:15:05"}
{"type": "WRONG_FACE", "details": {"reason": "Unrecognized face detected (Score: 0.51)"}, "timestamp": "2026-01-10 03:15:05"}
{"type": "WRONG_FACE", "details": {"reason": "Unrecognized face detected (Score: 0.51)"}, "timestamp": "2026-01-10 03:15:05"}
{"type": "WRONG_FACE", "details": {"reason": "Unrecognized face detected (Score: 0.52)"}, "timestamp": "2026-01-10 03:15:05"}
{"type": "WRONG_FACE", "details": {"reason": "Unrecognized face detected (Score: 0.52)"}, "timestamp": "2026-01-10 03:15:05"}
{"type": "WRONG_FACE", "details": {"reason": "Unrecognized face detected (Score: 0.52)"}, "timestamp": "2026-01-10 03:15:05"}
{"type": "WRONG_FACE", "details": {"reason": "Unrecognized face detected (Score: 0.54)"}, "timestamp": "2026-01-10 03:15:05"}
{"type": "WRONG_FACE", "details": {"reason": "Unrecognized face detected (Score: 0.54)"}, "timestamp": "2026-01-10 03:15:05"}
{"type": "WRONG_FACE", "details": {"reason": "Unrecognized face detected (Score: 0.54)"}, "timestamp": "2026-01-10 03:15:05"}
{"type": "WRONG_FACE", "details": {"reason": "Unrecognized face detected (Score: 0.53)"}, "timestamp": "2026-01-10 03:15:05"}
{"type": "WRONG_FACE", "details": {"reason": "Unrecognized face detected (Score: 0.53)"}, "timestamp": "2026-01-10 03:15:05"}
{"type": "WRONG_FACE", "details": {"reason": "Unrecognized face detected (Score: 0.53)"}, "timestamp": "2026-01-10 03:15:05"}
{"type": "WRONG_FACE", "details": {"reason": "Unrecognized face detected (Score: 0.53)"}, "timestamp": "2026-01-10 03:15:05"}
{"type": "WRONG_FACE", "details": {"reason": "Unrecognized face detected (Score: 0.53)"}, "timestamp": "2026-01-10 03:15:05"}
{"type": "WRONG_FACE", "details": {"reason": "Unrecognized face detected (Score: 0.53)"}, "timestamp": "2026-01-10 03:15:05"}
{"type": "WRONG_FACE", "details": {"reason": "Unrecognized face detected (Score: 0.54)"}, "timestamp": "2026-01-10 03:15:05"}
{"type": "WRONG_FACE", "details": {"reason": "Unrecognized face detected (Score: 0.54)"}, "timestamp": "2026-01-10 03:15:05"}
{"type": "WRONG_FACE", "details": {"reason": "Unrecognized face detected (Score: 0.54)"}, "timestamp": "2026-01-10 03:15:05"}
{"type": "WRONG_FACE", "details": {"reason": "Unrecognized face detected (Score: 0.53)"}, "timestamp": "2026-01-10 03:15:05"}
{"type": "WRONG_FACE", "details": {"reason": "Unrecognized face detected (Score: 0.53)"}, "timestamp": "2026-01-10 03:15:05"}
{"type": "WRONG_FACE", "details": {"reason": "Unrecognized face detected (Score: 0.53)"}, "timestamp": "2026-01-10 03:15:05"}
{"type": "WRONG_FACE", "details": {"reason": "Unrecognized face detected (Score: 0.53)"}, "timestamp": "2026-01-10 03:15:05"}
{"type": "WRONG_FACE", "details": {"reason": "Unrecognized face detected (Score: 0.53)"}, "timestamp": "2026-01-10 03:15:05"}
{"type": "WRONG_FACE", "details": {"reason": "Unrecognized face detected (Score: 0.53)"}, "timestamp": "2026-01-10 03:15:05"}
{"type": "WRONG_FACE", "details": {"reason": "Unrecognized face detected (Score: 0.53)"}, "timestamp": "2026-01-10 03:15:05"}
{"type": "WRONG_FACE", "details": {"reason": "Unrecognized face detected (Score: 0.53)"}, "timestamp": "2026-01-10 03:15:05"}
{"type": "WRONG_FACE", "details": {"reason": "Unrecognized face detected (Score: 0.53)"}, "timestamp": "2026-01-10 03:15:05"}
{"type": "WRONG_FACE", "details": {"reason": "Unrecognized face detected (Score: 0.53)"}, "timestamp": "2026-01-10 03:15:06"}
{"type": "WRONG_FACE", "details": {"reason": "Unrecognized face detected (Score: 0.53)"}, "timestamp": "2026-01-10 03:15:06"}
{"type": "WRONG_FACE", "details": {"reason": "Unrecognized face detected (Score: 0.53)"}, "timestamp": "2026-01-10 03:15:06"}
{"type": "WRONG_FACE", "details": {"reason": "Unrecognized face detected (Score: 0.53)"}, "timestamp": "2026-01-10 03:15:06"}
{"type": "WRONG_FACE", "details": {"reason": "Unrecognized face detected (Score: 0.53)"}, "timestamp": "2026-01-10 03:15:06"}
{"type": "WRONG_FACE", "details": {"reason": "Unrecognized face detected (Score: 0.53)"}, "timestamp": "2026-01-10 03:15:06"}
{"type": "WRONG_FACE", "details": {"reason": "Unrecognized face detected (Score: 0.53)"}, "timestamp": "2026-01-10 03:15:06"}
{"type": "WRONG_FACE", "details": {"reason": "Unrecognized face detected (Score: 0.53)"}, "timestamp": "2026-01-10 03:15:06"}
{"type": "WRONG_FACE", "details": {"reason": "Unrecognized face detected (Score: 0.53)"}, "timestamp": "2026-01-10 03:15:06"}
{"type": "WRONG_FACE", "details": {"reason": "Unrecognized face detected (Score: 0.54)"}, "timestamp": "2026-01-10 03:15:06"}
{"type": "WRONG_FACE", "details": {"reason": "Unrecognized face detected (Score: 0.54)"}, "timestamp": "2026-01-10 03:15:06"}
{"type": "WRONG_FACE", "details": {"reason": "Unrecognized face detected (Score: 0.54)"}, "timestamp": "2026-01-10 03:15:06"}
{"type": "WRONG_FACE", "details": {"reason": "Unrecognized face detected (Score: 0.52)"}, "timestamp": "2026-01-10 03:15:06"}
{"type": "WRONG_FACE", "details": {"reason": "Unrecognized face detected (Score: 0.52)"}, "timestamp": "2026-01-10 03:15:06"}
{"type": "WRONG_FACE", "details": {"reason": "Unrecognized face detected (Score: 0.52)"}, "timestamp": "2026-01-10 03:15:06"}
{"type": "WRONG_FACE", "details": {"reason": "Unrecognized face detected (Score: 0.54)"}, "timestamp": "2026-01-10 03:15:06"}
{"type": "WRONG_FACE", "details": {"reason": "Unrecognized face detected (Score: 0.54)"}, "timestamp": "2026-01-10 03:15:06"}
{"type": "WRONG_FACE", "details": {"reason": "Unrecognized face detected (Score: 0.54)"}, "timestamp": "2026-01-10 03:15:06"}
{"type": "WRONG_FACE", "details": {"reason": "Unrecognized face detected (Score: 0.53)"}, "timestamp": "2026-01-10 03:15:06"}
{"type": "WRONG_FACE", "details": {"reason": "Unrecognized face detected (Score: 0.53)"}, "timestamp": "2026-01-10 03:15:06"}
{"type": "WRONG_FACE", "details": {"reason": "Unrecognized face detected (Score: 0.53)"}, "timestamp": "2026-01-10 03:15:06"}
{"type": "WRONG_FACE", "details": {"reason": "Unrecognized face detected (Score: 0.53)"}, "timestamp": "2026-01-10 03:15:06"}
{"type": "WRONG_FACE", "details": {"reason": "Unrecognized face detected (Score: 0.53)"}, "timestamp": "2026-01-10 03:15:06"}
{"type": "WRONG_FACE", "details": {"reason": "Unrecognized face detected (Score: 0.53)"}, "timestamp": "2026-01-10 03:15:06"}
{"type": "WRONG_FACE", "details": {"reason": "Unrecognized face detected (Score: 0.52)"}, "timestamp": "2026-01-10 03:15:06"}
{"type": "WRONG_FACE", "details": {"reason": "Unrecognized face detected (Score: 0.52)"}, "timestamp": "2026-01-10 03:15:06"}
{"type": "WRONG_FACE", "details": {"reason": "Unrecognized face detected (Score: 0.52)"}, "timestamp": "2026-01-10 03:15:06"}
{"type": "WRONG_FACE", "details": {"reason": "Unrecognized face detected (Score: 0.53)"}, "timestamp": "2026-01-10 03:15:06"}
{"type": "WRONG_FACE", "details": {"reason": "Unrecognized face detected (Score: 0.53)"}, "timestamp": "2026-01-10 03:15:06"}
{"type": "WRONG_FACE", "details": {"reason": "Unrecognized face detected (Score: 0.53)"}, "timestamp": "2026-01-10 03:15:06"}
{"type": "WRONG_FACE", "details": {"reason": "Unrecognized face detected (Score: 0.52)"}, "timestamp": "2026-01-10 03:15:07"}
{"type": "WRONG_FACE", "details": {"reason": "Unrecognized face detected (Score: 0.52)"}, "timestamp": "2026-01-10 03:15:07"}
{"type": "WRONG_FACE", "details": {"reason": "Unrecognized face detected (Score: 0.52)"}, "timestamp": "2026-01-10 03:15:07"}
{"type": "WRONG_FACE", "details": {"reason": "Unrecognized face detected (Score: 0.54)"}, "timestamp": "2026-01-10 03:15:07"}
{"type": "WRONG_FACE", "details": {"reason": "Unrecognized face detected (Score: 0.54)"}, "timestamp": "2026-01-10 03:15:07"}
{"type": "WRONG_FACE", "details": {"reason": "Unrecognized face detected (Score: 0.54)"}, "timestamp": "2026-01-10 03:15:07"}
{"type": "WRONG_FACE", "details": {"reason": "Unrecognized face detected (Score: 0.53)"}, "timestamp": "2026-01-10 03:15:07"}
{"type": "WRONG_FACE", "details": {"reason": "Unrecognized face detected (Score: 0.53)"}, "timestamp": "2026-01-10 03:15:07"}
{"type": "WRONG_FACE", "details": {"reason": "Unrecognized face detected (Score: 0.53)"}, "timestamp": "2026-01-10 03:15:07"}
{"type": "WRONG_FACE", "details": {"reason": "Unrecognized face detected (Score: 0.53)"}, "timestamp": "2026-01-10 03:15:07"}
{"type": "WRONG_FACE", "details": {"reason": "Unrecognized face detected (Score: 0.53)"}, "timestamp": "2026-01-10 03:15:07"}
{"type": "WRONG_FACE", "details": {"reason": "Unrecognized face detected (Score: 0.53)"}, "timestamp": "2026-01-10 03:15:07"}
{"type": "WRONG_FACE", "details": {"reason": "Unrecognized face detected (Score: 0.53)"}, "timestamp": "2026-01-10 03:15:07"}
{"type": "WRONG_FACE", "details": {"reason": "Unrecognized face detected (Score: 0.53)"}, "timestamp": "2026-01-10 03:15:07"}
{"type": "WRONG_FACE", "details": {"reason": "Unrecognized face detected (Score: 0.53)"}, "timestamp": "2026-01-10 03:15:07"}
{"type": "WRONG_FACE", "details": {"reason": "Unrecognized face detected (Score: 0.52)"}, "timestamp": "2026-01-10 03:15:07"}
{"type": "WRONG_FACE", "details": {"reason": "Unrecognized face detected (Score: 0.52)"}, "timestamp": "2026-01-10 03:15:07"}
{"type": "WRONG_FACE", "details": {"reason": "Unrecognized face detected (Score: 0.52)"}, "timestamp": "2026-01-10 03:15:07"}
{"type": "WRONG_FACE", "details": {"reason": "Unrecognized face detected (Score: 0.53)"}, "timestamp": "2026-01-10 03:15:07"}
{"type": "WRONG_FACE", "details": {"reason": "Unrecognized face detected (Score: 0.53)"}, "timestamp": "2026-01-10 03:15:07"}
{"type": "WRONG_FACE", "details": {"reason": "Unrecognized face detected (Score: 0.53)"}, "timestamp": "2026-01-10 03:15:07"}
{"type": "WRONG_FACE", "details": {"reason": "Unrecognized face detected (Score: 0.50)"}, "timestamp": "2026-01-10 03:15:08"}
{"type": "WRONG_FACE", "details": {"reason": "Unrecognized face detected (Score: 0.50)"}, "timestamp": "2026-01-10 03:15:08"}
{"type": "WRONG_FACE", "details": {"reason": "Unrecognized face detected (Score: 0.50)"}, "timestamp": "2026-01-10 03:15:08"}
{"type": "WRONG_FACE", "details": {"reason": "Unrecognized face detected (Score: 0.49)"}, "timestamp": "2026-01-10 03:15:08"}
{"type": "WRONG_FACE", "details": {"reason": "Unrecognized face detected (Score: 0.49)"}, "timestamp": "2026-01-10 03:15:08"}
{"type": "WRONG_FACE", "details": {"reason": "Unrecognized face detected (Score: 0.49)"}, "timestamp": "2026-01-10 03:15:08"}
{"type": "WRONG_FACE", "details": {"reason": "Unrecognized face detected (Score: 0.42)"}, "timestamp": "2026-01-10 03:15:09"}
{"type": "WRONG_FACE", "details": {"reason": "Unrecognized face detected (Score: 0.42)"}, "timestamp": "2026-01-10 03:15:09"}
{"type": "WRONG_FACE", "details": {"reason": "Unrecognized face detected (Score: 0.42)"}, "timestamp": "2026-01-10 03:15:09"}
{"type": "WRONG_FACE", "details": {"reason": "Unrecognized face detected (Score: 0.39)"}, "timestamp": "2026-01-10 03:15:09"}
{"type": "WRONG_FACE", "details": {"reason": "Unrecognized face detected (Score: 0.39)"}, "timestamp": "2026-01-10 03:15:09"}
{"type": "WRONG_FACE", "details": {"reason": "Unrecognized face detected (Score: 0.39)"}, "timestamp": "2026-01-10 03:15:09"}
{"type": "WRONG_FACE", "details": {"reason": "Unrecognized face detected (Score: 0.36)"}, "timestamp": "2026-01-10 03:15:09"}
{"type": "WRONG_FACE", "details": {"reason": "Unrecognized face detected (Score: 0.36)"}, "timestamp": "2026-01-10 03:15:09"}
{"type": "WRONG_FACE", "details": {"reason": "Unrecognized face detected (Score: 0.51)"}, "timestamp": "2026-01-10 03:15:11"}
{"type": "WRONG_FACE", "details": {"reason": "Unrecognized face detected (Score: 0.51)"}, "timestamp": "2026-01-10 03:15:11"}
{"type": "WRONG_FACE", "details": {"reason": "Unrecognized face detected (Score: 0.53)"}, "timestamp": "2026-01-10 03:15:11"}
{"type": "WRONG_FACE", "details": {"reason": "Unrecognized face detected (Score: 0.53)"}, "timestamp": "2026-01-10 03:15:11"}
{"type": "WRONG_FACE", "details": {"reason": "Unrecognized face detected (Score: 0.53)"}, "timestamp": "2026-01-10 03:15:11"}
{"type": "WRONG_FACE", "details": {"reason": "Unrecognized face detected (Score: 0.53)"}, "timestamp": "2026-01-10 03:15:11"}
{"type": "WRONG_FACE", "details": {"reason": "Unrecognized face detected (Score: 0.53)"}, "timestamp": "2026-01-10 03:15:11"}
{"type": "WRONG_FACE", "details": {"reason": "Unrecognized face detected (Score: 0.53)"}, "timestamp": "2026-01-10 03:15:11"}
{"type": "WRONG_FACE", "details": {"reason": "Unrecognized face detected (Score: 0.53)"}, "timestamp": "2026-01-10 03:15:11"}
{"type": "WRONG_FACE", "details": {"reason": "Unrecognized face detected (Score: 0.54)"}, "timestamp": "2026-01-10 03:15:11"}
{"type": "WRONG_FACE", "details": {"reason": "Unrecognized face detected (Score: 0.54)"}, "timestamp": "2026-01-10 03:15:11"}
{"type": "WRONG_FACE", "details": {"reason": "Unrecognized face detected (Score: 0.54)"}, "timestamp": "2026-01-10 03:15:11"}
{"type": "WRONG_FACE", "details": {"reason": "Unrecognized face detected (Score: 0.53)"}, "timestamp": "2026-01-10 03:15:11"}
{"type": "WRONG_FACE", "details": {"reason": "Unrecognized face detected (Score: 0.53)"}, "timestamp": "2026-01-10 03:15:11"}
{"type": "WRONG_FACE", "details": {"reason": "Unrecognized face detected (Score: 0.54)"}, "timestamp": "2026-01-10 03:15:11"}
{"type": "WRONG_FACE", "details": {"reason": "Unrecognized face detected (Score: 0.54)"}, "timestamp": "2026-01-10 03:15:11"}
{"type": "WRONG_FACE", "details": {"reason": "Unrecognized face detected (Score: 0.53)"}, "timestamp": "2026-01-10 03:15:11"}
{"type": "WRONG_FACE", "details": {"reason": "Unrecognized face detected (Score: 0.53)"}, "timestamp": "2026-01-10 03:15:11"}
{"type": "WRONG_FACE", "details": {"reason": "Unrecognized face detected (Score: 0.53)"}, "timestamp": "2026-01-10 03:15:11"}
{"type": "WRONG_FACE", "details": {"reason": "Unrecognized face detected (Score: 0.53)"}, "timestamp": "2026-01-10 03:15:11"}
{"type": "WRONG_FACE", "details": {"reason": "Unrecognized face detected (Score: 0.53)"}, "timestamp": "2026-01-10 03:15:11"}
{"type": "WRONG_FACE", "details": {"reason": "Unrecognized face detected (Score: 0.54)"}, "timestamp": "2026-01-10 03:15:11"}
{"type": "WRONG_FACE", "details": {"reason": "Unrecognized face detected (Score: 0.54)"}, "timestamp": "2026-01-10 03:15:11"}
{"type": "WRONG_FACE", "details": {"reason": "Unrecognized face detected (Score: 0.54)"}, "timestamp": "2026-01-10 03:15:12"}
{"type": "WRONG_FACE", "details": {"reason": "Unrecognized face detected (Score: 0.54)"}, "timestamp": "2026-01-10 03:15:12"}
{"type": "WRONG_FACE", "details": {"reason": "Unrecognized face detected (Score: 0.54)"}, "timestamp": "2026-01-10 03:15:12"}
{"type": "WRONG_FACE", "details": {"reason": "Unrecognized face detected (Score: 0.54)"}, "timestamp": "2026-01-10 03:15:12"}
{"type": "WRONG_FACE", "details": {"reason": "Unrecognized face detected (Score: 0.54)"}, "timestamp": "2026-01-10 03:15:12"}
{"type": "WRONG_FACE", "details": {"reason": "Unrecognized face detected (Score: 0.53)"}, "timestamp": "2026-01-10 03:15:12"}
{"type": "WRONG_FACE", "details": {"reason": "Unrecognized face detected (Score: 0.53)"}, "timestamp": "2026-01-10 03:15:12"}
{"type": "WRONG_FACE", "details": {"reason": "Unrecognized face detected (Score: 0.53)"}, "timestamp": "2026-01-10 03:15:12"}
{"type": "WRONG_FACE", "details": {"reason": "Unrecognized face detected (Score: 0.52)"}, "timestamp": "2026-01-10 03:15:12"}
{"type": "WRONG_FACE", "details": {"reason": "Unrecognized face detected (Score: 0.52)"}, "timestamp": "2026-01-10 03:15:12"}
{"type": "WRONG_FACE", "details": {"reason": "Unrecognized face detected (Score: 0.53)"}, "timestamp": "2026-01-10 03:15:12"}
{"type": "WRONG_FACE", "details": {"reason": "Unrecognized face detected (Score: 0.53)"}, "timestamp": "2026-01-10 03:15:12"}
{"type": "WRONG_FACE", "details": {"reason": "Unrecognized face detected (Score: 0.53)"}, "timestamp": "2026-01-10 03:15:12"}
{"type": "WRONG_FACE", "details": {"reason": "Unrecognized face detected (Score: 0.54)"}, "timestamp": "2026-01-10 03:15:12"}
{"type": "WRONG_FACE", "details": {"reason": "Unrecognized face detected (Score: 0.54)"}, "timestamp": "2026-01-10 03:15:12"}
{"type": "WRONG_FACE", "details": {"reason": "Unrecognized face detected (Score: 0.54)"}, "timestamp": "2026-01-10 03:15:12"}
{"type": "WRONG_FACE", "details": {"reason": "Unrecognized face detected (Score: 0.54)"}, "timestamp": "2026-01-10 03:15:12"}
{"type": "WRONG_FACE", "details": {"reason": "Unrecognized face detected (Score: 0.54)"}, "timestamp": "2026-01-10 03:15:12"}
{"type": "WRONG_FACE", "details": {"reason": "Unrecognized face detected (Score: 0.54)"}, "timestamp": "2026-01-10 03:15:12"}
{"type": "WRONG_FACE", "details": {"reason": "Unrecognized face detected (Score: 0.54)"}, "timestamp": "2026-01-10 03:15:12"}
{"type": "WRONG_FACE", "details": {"reason": "Unrecognized face detected (Score: 0.55)"}, "timestamp": "2026-01-10 03:15:12"}
{"type": "WRONG_FACE", "details": {"reason": "Unrecognized face detected (Score: 0.55)"}, "timestamp": "2026-01-10 03:15:12"}
{"type": "WRONG_FACE", "details": {"reason": "Unrecognized face detected (Score: 0.54)"}, "timestamp": "2026-01-10 03:15:12"}
{"type": "WRONG_FACE", "details": {"reason": "Unrecognized face detected (Score: 0.54)"}, "timestamp": "2026-01-10 03:15:12"}
{"type": "WRONG_FACE", "details": {"reason": "Unrecognized face detected (Score: 0.54)"}, "timestamp": "2026-01-10 03:15:12"}
{"type": "WRONG_FACE", "details": {"reason": "Unrecognized face detected (Score: 0.54)"}, "timestamp": "2026-01-10 03:15:12"}
{"type": "WRONG_FACE", "details": {"reason": "Unrecognized face detected (Score: 0.54)"}, "timestamp": "2026-01-10 03:15:12"}
{"type": "WRONG_FACE", "details": {"reason": "Unrecognized face detected (Score: 0.54)"}, "timestamp": "2026-01-10 03:15:12"}
{"type": "WRONG_FACE", "details": {"reason": "Unrecognized face detected (Score: 0.54)"}, "timestamp": "2026-01-10 03:15:12"}
{"type": "WRONG_FACE", "details": {"reason": "Unrecognized face detected (Score: 0.54)"}, "timestamp": "2026-01-10 03:15:13"}
{"type": "WRONG_FACE", "details": {"reason": "Unrecognized face detected (Score: 0.54)"}, "timestamp": "2026-01-10 03:15:13"}
{"type": "WRONG_FACE", "details": {"reason": "Unrecognized face detected (Score: 0.54)"}, "timestamp": "2026-01-10 03:15:13"}
{"type": "WRONG_FACE", "details": {"reason": "Unrecognized face detected (Score: 0.54)"}, "timestamp": "2026-01-10 03:15:13"}
{"type": "WRONG_FACE", "details": {"reason": "Unrecognized face detected (Score: 0.54)"}, "timestamp": "2026-01-10 03:15:13"}
{"type": "WRONG_FACE", "details": {"reason": "Unrecognized face detected (Score: 0.54)"}, "timestamp": "2026-01-10 03:15:13"}
{"type": "WRONG_FACE", "details": {"reason": "Unrecognized face detected (Score: 0.53)"}, "timestamp": "2026-01-10 03:15:13"}
{"type": "WRONG_FACE", "details": {"reason": "Unrecognized face detected (Score: 0.53)"}, "timestamp": "2026-01-10 03:15:13"}
{"type": "WRONG_FACE", "details": {"reason": "Unrecognized face detected (Score: 0.54)"}, "timestamp": "2026-01-10 03:15:13"}
{"type": "WRONG_FACE", "details": {"reason": "Unrecognized face detected (Score: 0.54)"}, "timestamp": "2026-01-10 03:15:13"}
{"type": "WRONG_FACE", "details": {"reason": "Unrecognized face detected (Score: 0.53)"}, "timestamp": "2026-01-10 03:15:13"}
{"type": "WRONG_FACE", "details": {"reason": "Unrecognized face detected (Score: 0.53)"}, "timestamp": "2026-01-10 03:15:13"}
{"type": "WRONG_FACE", "details": {"reason": "Unrecognized face detected (Score: 0.53)"}, "timestamp": "2026-01-10 03:15:13"}
{"type": "WRONG_FACE", "details": {"reason": "Unrecognized face detected (Score: 0.53)"}, "timestamp": "2026-01-10 03:15:13"}
{"type": "WRONG_FACE", "details": {"reason": "Unrecognized face detected (Score: 0.53)"}, "timestamp": "2026-01-10 03:15:13"}
{"type": "WRONG_FACE", "details": {"reason": "Unrecognized face detected (Score: 0.54)"}, "timestamp": "2026-01-10 03:15:13"}
{"type": "WRONG_FACE", "details": {"reason": "Unrecognized face detected (Score: 0.54)"}, "timestamp": "2026-01-10 03:15:13"}
{"type": "WRONG_FACE", "details": {"reason": "Unrecognized face detected (Score: 0.54)"}, "timestamp": "2026-01-10 03:15:13"}
{"type": "WRONG_FACE", "details": {"reason": "Unrecognized face detected (Score: 0.54)"}, "timestamp": "2026-01-10 03:15:13"}
{"type": "WRONG_FACE", "details": {"reason": "Unrecognized face detected (Score: 0.54)"}, "timestamp": "2026-01-10 03:15:13"}
{"type": "WRONG_FACE", "details": {"reason": "Unrecognized face detected (Score: 0.55)"}, "timestamp": "2026-01-10 03:15:13"}
{"type": "WRONG_FACE", "details": {"reason": "Unrecognized face detected (Score: 0.55)"}, "timestamp": "2026-01-10 03:15:13"}
{"type": "WRONG_FACE", "details": {"reason": "Unrecognized face detected (Score: 0.53)"}, "timestamp": "2026-01-10 03:15:13"}
{"type": "WRONG_FACE", "details": {"reason": "Unrecognized face detected (Score: 0.53)"}, "timestamp": "2026-01-10 03:15:13"}
{"type": "WRONG_FACE", "details": {"reason": "Unrecognized face detected (Score: 0.53)"}, "timestamp": "2026-01-10 03:15:13"}
{"type": "WRONG_FACE", "details": {"reason": "Unrecognized face detected (Score: 0.53)"}, "timestamp": "2026-01-10 03:15:13"}
{"type": "WRONG_FACE", "details": {"reason": "Unrecognized face detected (Score: 0.53)"}, "timestamp": "2026-01-10 03:15:13"}
{"type": "WRONG_FACE", "details": {"reason": "Unrecognized face detected (Score: 0.54)"}, "timestamp": "2026-01-10 03:15:13"}
{"type": "WRONG_FACE", "details": {"reason": "Unrecognized face detected (Score: 0.54)"}, "timestamp": "2026-01-10 03:15:13"}
{"type": "WRONG_FACE", "details": {"reason": "Unrecognized face detected (Score: 0.54)"}, "timestamp": "2026-01-10 03:15:13"}
{"type": "WRONG_FACE", "details": {"reason": "Unrecognized face detected (Score: 0.52)"}, "timestamp": "2026-01-10 03:15:13"}
{"type": "WRONG_FACE", "details": {"reason": "Unrecognized face detected (Score: 0.52)"}, "timestamp": "2026-01-10 03:15:14"}
{"type": "WRONG_FACE", "details": {"reason": "Unrecognized face detected (Score: 0.53)"}, "timestamp": "2026-01-10 03:15:14"}
{"type": "WRONG_FACE", "details": {"reason": "Unrecognized face detected (Score: 0.53)"}, "timestamp": "2026-01-10 03:15:14"}
{"type": "WRONG_FACE", "details": {"reason": "Unrecognized face detected (Score: 0.53)"}, "timestamp": "2026-01-10 03:15:14"}
{"type": "WRONG_FACE", "details": {"reason": "Unrecognized face detected (Score: 0.53)"}, "timestamp": "2026-01-10 03:15:14"}
{"type": "WRONG_FACE", "details": {"reason": "Unrecognized face detected (Score: 0.53)"}, "timestamp": "2026-01-10 03:15:14"}
{"type": "WRONG_FACE", "details": {"reason": "Unrecognized face detected (Score: 0.52)"}, "timestamp": "2026-01-10 03:15:14"}
{"type": "WRONG_FACE", "details": {"reason": "Unrecognized face detected (Score: 0.52)"}, "timestamp": "2026-01-10 03:15:14"}
{"type": "WRONG_FACE", "details": {"reason": "Unrecognized face detected (Score: 0.53)"}, "timestamp": "2026-01-10 03:15:14"}
{"type": "WRONG_FACE", "details": {"reason": "Unrecognized face detected (Score: 0.53)"}, "timestamp": "2026-01-10 03:15:14"}
{"type": "WRONG_FACE", "details": {"reason": "Unrecognized face detected (Score: 0.53)"}, "timestamp": "2026-01-10 03:15:14"}
{"type": "WRONG_FACE", "details": {"reason": "Unrecognized face detected (Score: 0.51)"}, "timestamp": "2026-01-10 03:15:14"}
{"type": "WRONG_FACE", "details": {"reason": "Unrecognized face detected (Score: 0.51)"}, "timestamp": "2026-01-10 03:15:14"}
{"type": "WRONG_FACE", "details": {"reason": "Unrecognized face detected (Score: 0.50)"}, "timestamp": "2026-01-10 03:15:14"}
{"type": "WRONG_FACE", "details": {"reason": "Unrecognized face detected (Score: 0.50)"}, "timestamp": "2026-01-10 03:15:14"}
{"type": "WRONG_FACE", "details": {"reason": "Unrecognized face detected (Score: 0.53)"}, "timestamp": "2026-01-10 03:15:15"}
{"type": "WRONG_FACE", "details": {"reason": "Unrecognized face detected (Score: 0.53)"}, "timestamp": "2026-01-10 03:15:15"}
{"type": "WRONG_FACE", "details": {"reason": "Unrecognized face detected (Score: 0.53)"}, "timestamp": "2026-01-10 03:15:15"}
{"type": "WRONG_FACE", "details": {"reason": "Unrecognized face detected (Score: 0.53)"}, "timestamp": "2026-01-10 03:15:15"}
{"type": "WRONG_FACE", "details": {"reason": "Unrecognized face detected (Score: 0.53)"}, "timestamp": "2026-01-10 03:15:15"}
{"type": "WRONG_FACE", "details": {"reason": "Unrecognized face detected (Score: 0.54)"}, "timestamp": "2026-01-10 03:15:15"}
{"type": "WRONG_FACE", "details": {"reason": "Unrecognized face detected (Score: 0.54)"}, "timestamp": "2026-01-10 03:15:15"}
{"type": "WRONG_FACE", "details": {"reason": "Unrecognized face detected (Score: 0.54)"}, "timestamp": "2026-01-10 03:15:15"}
{"type": "WRONG_FACE", "details": {"reason": "Unrecognized face detected (Score: 0.54)"}, "timestamp": "2026-01-10 03:15:15"}
{"type": "WRONG_FACE", "details": {"reason": "Unrecognized face detected (Score: 0.54)"}, "timestamp": "2026-01-10 03:15:15"}
{"type": "WRONG_FACE", "details": {"reason": "Unrecognized face detected (Score: 0.52)"}, "timestamp": "2026-01-10 03:15:15"}
{"type": "WRONG_FACE", "details": {"reason": "Unrecognized face detected (Score: 0.52)"}, "timestamp": "2026-01-10 03:15:15"}
{"type": "WRONG_FACE", "details": {"reason": "Unrecognized face detected (Score: 0.52)"}, "timestamp": "2026-01-10 03:15:15"}
{"type": "WRONG_FACE", "details": {"reason": "Unrecognized face detected (Score: 0.52)"}, "timestamp": "2026-01-10 03:15:15"}
{"type": "WRONG_FACE", "details": {"reason": "Unrecognized face detected (Score: 0.52)"}, "timestamp": "2026-01-10 03:15:15"}
{"type": "WRONG_FACE", "details": {"reason": "Unrecognized face detected (Score: 0.53)"}, "timestamp": "2026-01-10 03:15:15"}
{"type": "WRONG_FACE", "details": {"reason": "Unrecognized face detected (Score: 0.53)"}, "timestamp": "2026-01-10 03:15:15"}
{"type": "WRONG_FACE", "details": {"reason": "Unrecognized face detected (Score: 0.53)"}, "timestamp": "2026-01-10 03:15:15"}
{"type": "WRONG_FACE", "details": {"reason": "Unrecognized face detected (Score: 0.53)"}, "timestamp": "2026-01-10 03:15:15"}
{"type": "WRONG_FACE", "details": {"reason": "Unrecognized face detected (Score: 0.53)"}, "timestamp": "2026-01-10 03:15:15"}
{"type": "WRONG_FACE", "details": {"reason": "Unrecognized face detected (Score: 0.53)"}, "timestamp": "2026-01-10 03:15:15"}
{"type": "WRONG_FACE", "details": {"reason": "Unrecognized face detected (Score: 0.53)"}, "timestamp": "2026-01-10 03:15:15"}
{"type": "WRONG_FACE", "details": {"reason": "Unrecognized face detected (Score: 0.52)"}, "timestamp": "2026-01-10 03:15:15"}
{"type": "WRONG_FACE", "details": {"reason": "Unrecognized face detected (Score: 0.52)"}, "timestamp": "2026-01-10 03:15:15"}
{"type": "WRONG_FACE", "details": {"reason": "Unrecognized face detected (Score: 0.53)"}, "timestamp": "2026-01-10 03:15:15"}
{"type": "WRONG_FACE", "details": {"reason": "Unrecognized face detected (Score: 0.53)"}, "timestamp": "2026-01-10 03:15:15"}
{"type": "WRONG_FACE", "details": {"reason": "Unrecognized face detected (Score: 0.53)"}, "timestamp": "2026-01-10 03:15:15"}
{"type": "WRONG_FACE", "details": {"reason": "Unrecognized face detected (Score: 0.50)"}, "timestamp": "2026-01-10 03:15:15"}
{"type": "WRONG_FACE", "details": {"reason": "Unrecognized face detected (Score: 0.50)"}, "timestamp": "2026-01-10 03:15:16"}
{"type": "WRONG_FACE", "details": {"reason": "Unrecognized face detected (Score: 0.52)"}, "timestamp": "2026-01-10 03:15:16"}
{"type": "WRONG_FACE", "details": {"reason": "Unrecognized face detected (Score: 0.52)"}, "timestamp": "2026-01-10 03:15:16"}
{"type": "WRONG_FACE", "details": {"reason": "Unrecognized face detected (Score: 0.51)"}, "timestamp": "2026-01-10 03:15:16"}
{"type": "WRONG_FACE", "details": {"reason": "Unrecognized face detected (Score: 0.51)"}, "timestamp": "2026-01-10 03:15:16"}
{"type": "WRONG_FACE", "details": {"reason": "Unrecognized face detected (Score: 0.51)"}, "timestamp": "2026-01-10 03:15:16"}
{"type": "WRONG_FACE", "details": {"reason": "Unrecognized face detected (Score: 0.53)"}, "timestamp": "2026-01-10 03:15:16"}
{"type": "WRONG_FACE", "details": {"reason": "Unrecognized face detected (Score: 0.53)"}, "timestamp": "2026-01-10 03:15:16"}
{"type": "WRONG_FACE", "details": {"reason": "Unrecognized face detected (Score: 0.53)"}, "timestamp": "2026-01-10 03:15:16"}
{"type": "WRONG_FACE", "details": {"reason": "Unrecognized face detected (Score: 0.54)"}, "timestamp": "2026-01-10 03:15:16"}
{"type": "WRONG_FACE", "details": {"reason": "Unrecognized face detected (Score: 0.54)"}, "timestamp": "2026-01-10 03:15:16"}
{"type": "WRONG_FACE", "details": {"reason": "Unrecognized face detected (Score: 0.53)"}, "timestamp": "2026-01-10 03:15:16"}
{"type": "WRONG_FACE", "details": {"reason": "Unrecognized face detected (Score: 0.53)"}, "timestamp": "2026-01-10 03:15:16"}
{"type": "WRONG_FACE", "details": {"reason": "Unrecognized face detected (Score: 0.53)"}, "timestamp": "2026-01-10 03:15:16"}
{"type": "WRONG_FACE", "details": {"reason": "Unrecognized face detected (Score: 0.53)"}, "timestamp": "2026-01-10 03:15:16"}
{"type": "WRONG_FACE", "details": {"reason": "Unrecognized face detected (Score: 0.53)"}, "timestamp": "2026-01-10 03:15:16"}
{"type": "WRONG_FACE", "details": {"reason": "Unrecognized face detected (Score: 0.53)"}, "timestamp": "2026-01-10 03:15:16"}
{"type": "WRONG_FACE", "details": {"reason": "Unrecognized face detected (Score: 0.53)"}, "timestamp": "2026-01-10 03:15:16"}
{"type": "WRONG_FACE", "details": {"reason": "Unrecognized face detected (Score: 0.53)"}, "timestamp": "2026-01-10 03:15:16"}
{"type": "WRONG_FACE", "details": {"reason": "Unrecognized face detected (Score: 0.53)"}, "timestamp": "2026-01-10 03:15:16"}
{"type": "WRONG_FACE", "details": {"reason": "Unrecognized face detected (Score: 0.53)"}, "timestamp": "2026-01-10 03:15:16"}
{"type": "WRONG_FACE", "details": {"reason": "Unrecognized face detected (Score: 0.53)"}, "timestamp": "2026-01-10 03:15:16"}
{"type": "WRONG_FACE", "details": {"reason": "Unrecognized face detected (Score: 0.47)"}, "timestamp": "2026-01-10 03:15:16"}
{"type": "WRONG_FACE", "details": {"reason": "Unrecognized face detected (Score: 0.47)"}, "timestamp": "2026-01-10 03:15:16"}
{"type": "WRONG_FACE", "details": {"reason": "Unrecognized face detected (Score: 0.47)"}, "timestamp": "2026-01-10 03:15:17"}
{"type": "WRONG_FACE", "details": {"reason": "Unrecognized face detected (Score: 0.47)"}, "timestamp": "2026-01-10 03:15:17"}
{"type": "WRONG_FACE", "details": {"reason": "Unrecognized face detected (Score: 0.54)"}, "timestamp": "2026-01-10 03:15:17"}
{"type": "WRONG_FACE", "details": {"reason": "Unrecognized face detected (Score: 0.54)"}, "timestamp": "2026-01-10 03:15:17"}
{"type": "WRONG_FACE", "details": {"reason": "Unrecognized face detected (Score: 0.54)"}, "timestamp": "2026-01-10 03:15:17"}
{"type": "WRONG_FACE", "details": {"reason": "Unrecognized face detected (Score: 0.54)"}, "timestamp": "2026-01-10 03:15:17"}
{"type": "WRONG_FACE", "details": {"reason": "Unrecognized face detected (Score: 0.54)"}, "timestamp": "2026-01-10 03:15:17"}
{"type": "WRONG_FACE", "details": {"reason": "Unrecognized face detected (Score: 0.54)"}, "timestamp": "2026-01-10 03:15:17"}
{"type": "WRONG_FACE", "details": {"reason": "Unrecognized face detected (Score: 0.54)"}, "timestamp": "2026-01-10 03:15:17"}
{"type": "WRONG_FACE", "details": {"reason": "Unrecognized face detected (Score: 0.54)"}, "timestamp": "2026-01-10 03:15:17"}
{"type": "WRONG_FACE", "details": {"reason": "Unrecognized face detected (Score: 0.53)"}, "timestamp": "2026-01-10 03:15:17"}
{"type": "WRONG_FACE", "details": {"reason": "Unrecognized face detected (Score: 0.53)"}, "timestamp": "2026-01-10 03:15:17"}
{"type": "WRONG_FACE", "details": {"reason": "Unrecognized face detected (Score: 0.53)"}, "timestamp": "2026-01-10 03:15:17"}
{"type": "WRONG_FACE", "details": {"reason": "Unrecognized face detected (Score: 0.53)"}, "timestamp": "2026-01-10 03:15:17"}
{"type": "WRONG_FACE", "details": {"reason": "Unrecognized face detected (Score: 0.53)"}, "timestamp": "2026-01-10 03:15:17"}
{"type": "WRONG_FACE", "details": {"reason": "Unrecognized face detected (Score: 0.53)"}, "timestamp": "2026-01-10 03:15:17"}
{"type": "WRONG_FACE", "details": {"reason": "Unrecognized face detected (Score: 0.53)"}, "timestamp": "2026-01-10 03:15:17"}
{"type": "WRONG_FACE", "details": {"reason": "Unrecognized face detected (Score: 0.54)"}, "timestamp": "2026-01-10 03:15:17"}
{"type": "WRONG_FACE", "details": {"reason": "Unrecognized face detected (Score: 0.54)"}, "timestamp": "2026-01-10 03:15:17"}
{"type": "WRONG_FACE", "details": {"reason": "Unrecognized face detected (Score: 0.54)"}, "timestamp": "2026-01-10 03:15:17"}
{"type": "WRONG_FACE", "details": {"reason": "Unrecognized face detected (Score: 0.53)"}, "timestamp": "2026-01-10 03:15:17"}
{"type": "WRONG_FACE", "details": {"reason": "Unrecognized face detected (Score: 0.53)"}, "timestamp": "2026-01-10 03:15:17"}
{"type": "WRONG_FACE", "details": {"reason": "Unrecognized face detected (Score: 0.51)"}, "timestamp": "2026-01-10 03:15:17"}
{"type": "WRONG_FACE", "details": {"reason": "Unrecognized face detected (Score: 0.51)"}, "timestamp": "2026-01-10 03:15:17"}
{"type": "WRONG_FACE", "details": {"reason": "Unrecognized face detected (Score: 0.51)"}, "timestamp": "2026-01-10 03:15:17"}
{"type": "WRONG_FACE", "details": {"reason": "Unrecognized face detected (Score: 0.53)"}, "timestamp": "2026-01-10 03:15:17"}
{"type": "WRONG_FACE", "details": {"reason": "Unrecognized face detected (Score: 0.53)"}, "timestamp": "2026-01-10 03:15:17"}
{"type": "WRONG_FACE", "details": {"reason": "Unrecognized face detected (Score: 0.53)"}, "timestamp": "2026-01-10 03:15:18"}
{"type": "WRONG_FACE", "details": {"reason": "Unrecognized face detected (Score: 0.49)"}, "timestamp": "2026-01-10 03:15:18"}
{"type": "WRONG_FACE", "details": {"reason": "Unrecognized face detected (Score: 0.49)"}, "timestamp": "2026-01-10 03:15:18"}
{"type": "WRONG_FACE", "details": {"reason": "Unrecognized face detected (Score: 0.49)"}, "timestamp": "2026-01-10 03:15:18"}
{"type": "WRONG_FACE", "details": {"reason": "Unrecognized face detected (Score: 0.49)"}, "timestamp": "2026-01-10 03:15:18"}
{"type": "WRONG_FACE", "details": {"reason": "Unrecognized face detected (Score: 0.49)"}, "timestamp": "2026-01-10 03:15:18"}
{"type": "WRONG_FACE", "details": {"reason": "Unrecognized face detected (Score: 0.49)"}, "timestamp": "2026-01-10 03:15:18"}
{"type": "WRONG_FACE", "details": {"reason": "Unrecognized face detected (Score: 0.50)"}, "timestamp": "2026-01-10 03:15:18"}
{"type": "WRONG_FACE", "details": {"reason": "Unrecognized face detected (Score: 0.50)"}, "timestamp": "2026-01-10 03:15:18"}
{"type": "WRONG_FACE", "details": {"reason": "Unrecognized face detected (Score: 0.50)"}, "timestamp": "2026-01-10 03:15:18"}
{"type": "WRONG_FACE", "details": {"reason": "Unrecognized face detected (Score: 0.53)"}, "timestamp": "2026-01-10 03:15:18"}
{"type": "WRONG_FACE", "details": {"reason": "Unrecognized face detected (Score: 0.53)"}, "timestamp": "2026-01-10 03:15:18"}
{"type": "WRONG_FACE", "details": {"reason": "Unrecognized face detected (Score: 0.53)"}, "timestamp": "2026-01-10 03:15:18"}
{"type": "WRONG_FACE", "details": {"reason": "Unrecognized face detected (Score: 0.52)"}, "timestamp": "2026-01-10 03:15:18"}
{"type": "WRONG_FACE", "details": {"reason": "Unrecognized face detected (Score: 0.52)"}, "timestamp": "2026-01-10 03:15:18"}
{"type": "WRONG_FACE", "details": {"reason": "Unrecognized face detected (Score: 0.52)"}, "timestamp": "2026-01-10 03:15:18"}
{"type": "WRONG_FACE", "details": {"reason": "Unrecognized face detected (Score: 0.54)"}, "timestamp": "2026-01-10 03:15:18"}
{"type": "WRONG_FACE", "details": {"reason": "Unrecognized face detected (Score: 0.54)"}, "timestamp": "2026-01-10 03:15:18"}
{"type": "WRONG_FACE", "details": {"reason": "Unrecognized face detected (Score: 0.54)"}, "timestamp": "2026-01-10 03:15:18"}
{"type": "WRONG_FACE", "details": {"reason": "Unrecognized face detected (Score: 0.53)"}, "timestamp": "2026-01-10 03:15:18"}
{"type": "WRONG_FACE", "details": {"reason": "Unrecognized face detected (Score: 0.53)"}, "timestamp": "2026-01-10 03:15:18"}
{"type": "WRONG_FACE", "details": {"reason": "Unrecognized face detected (Score: 0.53)"}, "timestamp": "2026-01-10 03:15:18"}
{"type": "WRONG_FACE", "details": {"reason": "Unrecognized face detected (Score: 0.54)"}, "timestamp": "2026-01-10 03:15:18"}
{"type": "WRONG_FACE", "details": {"reason": "Unrecognized face detected (Score: 0.54)"}, "timestamp": "2026-01-10 03:15:18"}
{"type": "WRONG_FACE", "details": {"reason": "Unrecognized face detected (Score: 0.54)"}, "timestamp": "2026-01-10 03:15:18"}
{"type": "WRONG_FACE", "details": {"reason": "Unrecognized face detected (Score: 0.54)"}, "timestamp": "2026-01-10 03:15:18"}
{"type": "WRONG_FACE", "details": {"reason": "Unrecognized face detected (Score: 0.54)"}, "timestamp": "2026-01-10 03:15:18"}
{"type": "WRONG_FACE", "details": {"reason": "Unrecognized face detected (Score: 0.54)"}, "timestamp": "2026-01-10 03:15:18"}
{"type": "WRONG_FACE", "details": {"reason": "Unrecognized face detected (Score: 0.54)"}, "timestamp": "2026-01-10 03:15:18"}
{"type": "WRONG_FACE", "details": {"reason": "Unrecognized face detected (Score: 0.54)"}, "timestamp": "2026-01-10 03:15:19"}
{"type": "WRONG_FACE", "details": {"reason": "Unrecognized face detected (Score: 0.54)"}, "timestamp": "2026-01-10 03:15:19"}
{"type": "WRONG_FACE", "details": {"reason": "Unrecognized face detected (Score: 0.53)"}, "timestamp": "2026-01-10 03:15:19"}
{"type": "WRONG_FACE", "details": {"reason": "Unrecognized face detected (Score: 0.53)"}, "timestamp": "2026-01-10 03:15:19"}
{"type": "WRONG_FACE", "details": {"reason": "Unrecognized face detected (Score: 0.53)"}, "timestamp": "2026-01-10 03:15:19"}
{"type": "WRONG_FACE", "details": {"reason": "Unrecognized face detected (Score: 0.52)"}, "timestamp": "2026-01-10 03:15:19"}
{"type": "WRONG_FACE", "details": {"reason": "Unrecognized face detected (Score: 0.52)"}, "timestamp": "2026-01-10 03:15:19"}
{"type": "WRONG_FACE", "details": {"reason": "Unrecognized face detected (Score: 0.52)"}, "timestamp": "2026-01-10 03:15:19"}
{"type": "WRONG_FACE", "details": {"reason": "Unrecognized face detected (Score: 0.53)"}, "timestamp": "2026-01-10 03:15:19"}
{"type": "WRONG_FACE", "details": {"reason": "Unrecognized face detected (Score: 0.53)"}, "timestamp": "2026-01-10 03:15:19"}
{"type": "WRONG_FACE", "details": {"reason": "Unrecognized face detected (Score: 0.53)"}, "timestamp": "2026-01-10 03:15:19"}
{"type": "WRONG_FACE", "details": {"reason": "Unrecognized face detected (Score: 0.52)"}, "timestamp": "2026-01-10 03:15:19"}
{"type": "WRONG_FACE", "details": {"reason": "Unrecognized face detected (Score: 0.52)"}, "timestamp": "2026-01-10 03:15:19"}
{"type": "WRONG_FACE", "details": {"reason": "Unrecognized face detected (Score: 0.52)"}, "timestamp": "2026-01-10 03:15:19"}
{"type": "WRONG_FACE", "details": {"reason": "Unrecognized face detected (Score: 0.51)"}, "timestamp": "2026-01-10 03:15:19"}
{"type": "WRONG_FACE", "details": {"reason": "Unrecognized face detected (Score: 0.51)"}, "timestamp": "2026-01-10 03:15:19"}
{"type": "WRONG_FACE", "details": {"reason": "Unrecognized face detected (Score: 0.51)"}, "timestamp": "2026-01-10 03:15:19"}
{"type": "WRONG_FACE", "details": {"reason": "Unrecognized face detected (Score: 0.52)"}, "timestamp": "2026-01-10 03:15:19"}
{"type": "WRONG_FACE", "details": {"reason": "Unrecognized face detected (Score: 0.52)"}, "timestamp": "2026-01-10 03:15:19"}
{"type": "WRONG_FACE", "details": {"reason": "Unrecognized face detected (Score: 0.52)"}, "timestamp": "2026-01-10 03:15:19"}
{"type": "WRONG_FACE", "details": {"reason": "Unrecognized face detected (Score: 0.51)"}, "timestamp": "2026-01-10 03:15:19"}
{"type": "WRONG_FACE", "details": {"reason": "Unrecognized face detected (Score: 0.51)"}, "timestamp": "2026-01-10 03:15:19"}
{"type": "WRONG_FACE", "details": {"reason": "Unrecognized face detected (Score: 0.51)"}, "timestamp": "2026-01-10 03:15:19"}
{"type": "WRONG_FACE", "details": {"reason": "Unrecognized face detected (Score: 0.51)"}, "timestamp": "2026-01-10 03:15:19"}
{"type": "WRONG_FACE", "details": {"reason": "Unrecognized face detected (Score: 0.51)"}, "timestamp": "2026-01-10 03:15:19"}
{"type": "WRONG_FACE", "details": {"reason": "Unrecognized face detected (Score: 0.51)"}, "timestamp": "2026-01-10 03:15:19"}
{"type": "WRONG_FACE", "details": {"reason": "Unrecognized face detected (Score: 0.50)"}, "timestamp": "2026-01-10 03:15:19"}
{"type": "WRONG_FACE", "details": {"reason": "Unrecognized face detected (Score: 0.50)"}, "timestamp": "2026-01-10 03:15:19"}
{"type": "WRONG_FACE", "details": {"reason": "Unrecognized face detected (Score: 0.50)"}, "timestamp": "2026-01-10 03:15:19"}
{"type": "WRONG_FACE", "details": {"reason": "Unrecognized face detected (Score: 0.51)"}, "timestamp": "2026-01-10 03:15:19"}
{"type": "WRONG_FACE", "details": {"reason": "Unrecognized face detected (Score: 0.51)"}, "timestamp": "2026-01-10 03:15:20"}
{"type": "WRONG_FACE", "details": {"reason": "Unrecognized face detected (Score: 0.51)"}, "timestamp": "2026-01-10 03:15:20"}
{"type": "WRONG_FACE", "details": {"reason": "Unrecognized face detected (Score: 0.49)"}, "timestamp": "2026-01-10 03:15:20"}
{"type": "WRONG_FACE", "details": {"reason": "Unrecognized face detected (Score: 0.49)"}, "timestamp": "2026-01-10 03:15:20"}
{"type": "WRONG_FACE", "details": {"reason": "Unrecognized face detected (Score: 0.49)"}, "timestamp": "2026-01-10 03:15:20"}
{"type": "WRONG_FACE", "details": {"reason": "Unrecognized face detected (Score: 0.50)"}, "timestamp": "2026-01-10 03:15:20"}
{"type": "WRONG_FACE", "details": {"reason": "Unrecognized face detected (Score: 0.50)"}, "timestamp": "2026-01-10 03:15:20"}
{"type": "WRONG_FACE", "details": {"reason": "Unrecognized face detected (Score: 0.50)"}, "timestamp": "2026-01-10 03:15:20"}
{"type": "WRONG_FACE", "details": {"reason": "Unrecognized face detected (Score: 0.51)"}, "timestamp": "2026-01-10 03:15:20"}
{"type": "WRONG_FACE", "details": {"reason": "Unrecognized face detected (Score: 0.51)"}, "timestamp": "2026-01-10 03:15:20"}
{"type": "WRONG_FACE", "details": {"reason": "Unrecognized face detected (Score: 0.51)"}, "timestamp": "2026-01-10 03:15:20"}
{"type": "WRONG_FACE", "details": {"reason": "Unrecognized face detected (Score: 0.55)"}, "timestamp": "2026-01-10 03:15:20"}
{"type": "WRONG_FACE", "details": {"reason": "Unrecognized face detected (Score: 0.55)"}, "timestamp": "2026-01-10 03:15:20"}
{"type": "WRONG_FACE", "details": {"reason": "Unrecognized face detected (Score: 0.55)"}, "timestamp": "2026-01-10 03:15:20"}
{"type": "WRONG_FACE", "details": {"reason": "Unrecognized face detected (Score: 0.57)"}, "timestamp": "2026-01-10 03:15:20"}
{"type": "WRONG_FACE", "details": {"reason": "Unrecognized face detected (Score: 0.57)"}, "timestamp": "2026-01-10 03:15:20"}
{"type": "WRONG_FACE", "details": {"reason": "Unrecognized face detected (Score: 0.57)"}, "timestamp": "2026-01-10 03:15:20"}
{"type": "WRONG_FACE", "details": {"reason": "Unrecognized face detected (Score: 0.51)"}, "timestamp": "2026-01-10 03:15:20"}
{"type": "WRONG_FACE", "details": {"reason": "Unrecognized face detected (Score: 0.51)"}, "timestamp": "2026-01-10 03:15:20"}
{"type": "WRONG_FACE", "details": {"reason": "Unrecognized face detected (Score: 0.51)"}, "timestamp": "2026-01-10 03:15:20"}
{"type": "WRONG_FACE", "details": {"reason": "Unrecognized face detected (Score: 0.41)"}, "timestamp": "2026-01-10 03:15:20"}
{"type": "WRONG_FACE", "details": {"reason": "Unrecognized face detected (Score: 0.41)"}, "timestamp": "2026-01-10 03:15:20"}
{"type": "FACE_NOT_VISIBLE", "details": {"reason": "No face detected"}, "timestamp": "2026-01-10 03:16:00"}
{"type": "FACE_NOT_VISIBLE", "details": {"reason": "No face detected"}, "timestamp": "2026-01-10 03:16:00"}
{"type": "FACE_NOT_VISIBLE", "details": {"reason": "No face detected"}, "timestamp": "2026-01-10 03:16:00"}
{"type": "FACE_NOT_VISIBLE", "details": {"reason": "No face detected"}, "timestamp": "2026-01-10 03:16:00"}
{"type": "FACE_NOT_VISIBLE", "details": {"reason": "No face detected"}, "timestamp": "2026-01-10 03:16:00"}
{"type": "FACE_NOT_VISIBLE", "details": {"reason": "No face detected"}, "timestamp": "2026-01-10 03:16:00"}
{"type": "FACE_NOT_VISIBLE", "details": {"reason": "No face detected"}, "timestamp": "2026-01-10 03:16:00"}
{"type": "FACE_NOT_VISIBLE", "details": {"reason": "No face detected"}, "timestamp": "2026-01-10 03:16:01"}
{"type": "FACE_NOT_VISIBLE", "details": {"reason": "No face detected"}, "timestamp": "2026-01-10 03:16:01"}
{"type": "FACE_NOT_VISIBLE", "details": {"reason": "No face detected"}, "timestamp": "2026-01-10 03:16:01"}
{"type": "FACE_NOT_VISIBLE", "details": {"reason": "No face detected"}, "timestamp": "2026-01-10 03:16:05"}
{"type": "FACE_NOT_VISIBLE", "details": {"reason": "No face detected"}, "timestamp": "2026-01-10 03:16:05"}
{"type": "FACE_NOT_VISIBLE", "details": {"reason": "No face detected"}, "timestamp": "2026-01-10 03:16:05"}
{"type": "FACE_NOT_VISIBLE", "details": {"reason": "No face detected"}, "timestamp": "2026-01-10 03:16:06"}
{"type": "FACE_NOT_VISIBLE", "details": {"reason": "No face detected"}, "timestamp": "2026-01-10 03:16:06"}
{"type": "FACE_NOT_VISIBLE", "details": {"reason": "No face detected"}, "timestamp": "2026-01-10 03:16:06"}
{"type": "FACE_NOT_VISIBLE", "details": {"reason": "No face detected"}, "timestamp": "2026-01-10 03:16:06"}
{"type": "FACE_NOT_VISIBLE", "details": {"reason": "No face detected"}, "timestamp": "2026-01-10 03:16:07"}
{"type": "FACE_NOT_VISIBLE", "details": {"reason": "No face detected"}, "timestamp": "2026-01-10 03:16:07"}
{"type": "FACE_NOT_VISIBLE", "details": {"reason": "No face detected"}, "timestamp": "2026-01-10 03:16:07"}
{"type": "FACE_NOT_VISIBLE", "details": {"reason": "No face detected"}, "timestamp": "2026-01-10 03:16:07"}
{"type": "FACE_NOT_VISIBLE", "details": {"reason": "No face detected"}, "timestamp": "2026-01-10 03:16:07"}
{"type": "FACE_NOT_VISIBLE", "details": {"reason": "No face detected"}, "timestamp": "2026-01-10 03:16:07"}
{"type": "FACE_NOT_VISIBLE", "details": {"reason": "No face detected"}, "timestamp": "2026-01-10 03:16:07"}
{"type": "FACE_NOT_VISIBLE", "details": {"reason": "No face detected"}, "timestamp": "2026-01-10 03:16:07"}
{"type": "FACE_NOT_VISIBLE", "details": {"reason": "No face detected"}, "timestamp": "2026-01-10 03:16:07"}
{"type": "FACE_NOT_VISIBLE", "details": {"reason": "No face detected"}, "timestamp": "2026-01-10 03:16:07"}
{"type": "FACE_NOT_VISIBLE", "details": {"reason": "No face detected"}, "timestamp": "2026-01-10 03:16:07"}
{"type": "FACE_NOT_VISIBLE", "details": {"reason": "No face detected"}, "timestamp": "2026-01-10 03:16:07"}
{"type": "FACE_NOT_VISIBLE", "details": {"reason": "No face detected"}, "timestamp": "2026-01-10 03:16:07"}
{"type": "FACE_NOT_VISIBLE", "details": {"reason": "No face detected"}, "timestamp": "2026-01-10 03:16:07"}
{"type": "FACE_NOT_VISIBLE", "details": {"reason": "No face detected"}, "timestamp": "2026-01-10 03:16:07"}
{"type": "FACE_NOT_VISIBLE", "details": {"reason": "No face detected"}, "timestamp": "2026-01-10 03:16:08"}
{"type": "FACE_NOT_VISIBLE", "details": {"reason": "No face detected"}, "timestamp": "2026-01-10 03:16:08"}
{"type": "FACE_NOT_VISIBLE", "details": {"reason": "No face detected"}, "timestamp": "2026-01-10 03:16:08"}
{"type": "FACE_NOT_VISIBLE", "details": {"reason": "No face detected"}, "timestamp": "2026-01-10 03:16:08"}
{"type": "FACE_NOT_VISIBLE", "details": {"reason": "No face detected"}, "timestamp": "2026-01-10 03:16:08"}
{"type": "FACE_NOT_VISIBLE", "details": {"reason": "No face detected"}, "timestamp": "2026-01-10 03:16:08"}
{"type": "FACE_NOT_VISIBLE", "details": {"reason": "No face detected"}, "timestamp": "2026-01-10 03:16:08"}
{"type": "FACE_NOT_VISIBLE", "details": {"reason": "No face detected"}, "timestamp": "2026-01-10 03:16:08"}
{"type": "FACE_NOT_VISIBLE", "details": {"reason": "No face detected"}, "timestamp": "2026-01-10 03:16:08"}
{"type": "LIP_MOVEMENT", "details": {"reason": "Lip movement detected"}, "timestamp": "2026-01-10 03:16:22"}
{"type": "LIP_MOVEMENT", "details": {"reason": "Lip movement detected"}, "timestamp": "2026-01-10 03:16:25"}
{"type": "LIP_MOVEMENT", "details": {"reason": "Lip movement detected"}, "timestamp": "2026-01-10 03:16:26"}
{"type": "LIP_MOVEMENT", "details": {"reason": "Lip movement detected"}, "timestamp": "2026-01-10 03:16:49"}
{"type": "FACE_NOT_VISIBLE", "details": {"reason": "No face detected"}, "timestamp": "2026-01-10 03:16:55"}
{"type": "FACE_NOT_VISIBLE", "details": {"reason": "No face detected"}, "timestamp": "2026-01-10 03:16:55"}
{"type": "FACE_NOT_VISIBLE", "details": {"reason": "No face detected"}, "timestamp": "2026-01-10 03:16:55"}
{"type": "MULTIPLE_FACES", "details": {"reason": "Multiple people detected in frame"}, "timestamp": "2026-01-10 03:16:58"}
{"type": "MULTIPLE_FACES", "details": {"reason": "Multiple people detected in frame"}, "timestamp": "2026-01-10 03:16:58"}
{"type": "MULTIPLE_FACES", "details": {"reason": "Multiple people detected in frame"}, "timestamp": "2026-01-10 03:16:58"}
{"type": "MULTIPLE_FACES", "details": {"reason": "Multiple people detected in frame"}, "timestamp": "2026-01-10 03:16:59"}
{"type": "MULTIPLE_FACES", "details": {"reason": "Multiple people detected in frame"}, "timestamp": "2026-01-10 03:16:59"}
{"type": "MULTIPLE_FACES", "details": {"reason": "Multiple people detected in frame"}, "timestamp": "2026-01-10 03:16:59"}
{"type": "MULTIPLE_FACES", "details": {"reason": "Multiple people detected in frame"}, "timestamp": "2026-01-10 03:16:59"}
{"type": "MULTIPLE_FACES", "details": {"reason": "Multiple people detected in frame"}, "timestamp": "2026-01-10 03:16:59"}
{"type": "MULTIPLE_FACES", "details": {"reason": "Multiple people detected in frame"}, "timestamp": "2026-01-10 03:16:59"}
{"type": "MULTIPLE_FACES", "details": {"reason": "Multiple people detected in frame"}, "timestamp": "2026-01-10 03:16:59"}
{"type": "MULTIPLE_FACES", "details": {"reason": "Multiple people detected in frame"}, "timestamp": "2026-01-10 03:16:59"}
{"type": "MULTIPLE_FACES", "details": {"reason": "Multiple people detected in frame"}, "timestamp": "2026-01-10 03:16:59"}
{"type": "MULTIPLE_FACES", "details": {"reason": "Multiple people detected in frame"}, "timestamp": "2026-01-10 03:16:59"}
{"type": "MULTIPLE_FACES", "details": {"reason": "Multiple people detected in frame"}, "timestamp": "2026-01-10 03:16:59"}
{"type": "MULTIPLE_FACES", "details": {"reason": "Multiple people detected in frame"}, "timestamp": "2026-01-10 03:16:59"}
{"type": "MULTIPLE_FACES", "details": {"reason": "Multiple people detected in frame"}, "timestamp": "2026-01-10 03:16:59"}
{"type": "MULTIPLE_FACES", "details": {"reason": "Multiple people detected in frame"}, "timestamp": "2026-01-10 03:16:59"}
{"type": "MULTIPLE_FACES", "details": {"reason": "Multiple people detected in frame"}, "timestamp": "2026-01-10 03:16:59"}
{"type": "MULTIPLE_FACES", "details": {"reason": "Multiple people detected in frame"}, "timestamp": "2026-01-10 03:16:59"}
{"type": "MULTIPLE_FACES", "details": {"reason": "Multiple people detected in frame"}, "timestamp": "2026-01-10 03:16:59"}
{"type": "MULTIPLE_FACES", "details": {"reason": "Multiple people detected in frame"}, "timestamp": "2026-01-10 03:16:59"}
{"type": "MULTIPLE_FACES", "details": {"reason": "Multiple people detected in frame"}, "timestamp": "2026-01-10 03:16:59"}
{"type": "MULTIPLE_FACES", "details": {"reason": "Multiple people detected in frame"}, "timestamp": "2026-01-10 03:16:59"}
{"type": "MULTIPLE_FACES", "details": {"reason": "Multiple people detected in frame"}, "timestamp": "2026-01-10 03:16:59"}
{"type": "MULTIPLE_FACES", "details": {"reason": "Multiple people detected in frame"}, "timestamp": "2026-01-10 03:16:59"}
{"type": "MULTIPLE_FACES", "details": {"reason": "Multiple people detected in frame"}, "timestamp": "2026-01-10 03:16:59"}
{"type": "MULTIPLE_FACES", "details": {"reason": "Multiple people detected in frame"}, "timestamp": "2026-01-10 03:16:59"}
{"type": "MULTIPLE_FACES", "details": {"reason": "Multiple people detected in frame"}, "timestamp": "2026-01-10 03:16:59"}
{"type": "MULTIPLE_FACES", "details": {"reason": "Multiple people detected in frame"}, "timestamp": "2026-01-10 03:16:59"}
{"type": "MULTIPLE_FACES", "details": {"reason": "Multiple people detected in frame"}, "timestamp": "2026-01-10 03:17:00"}
{"type": "MULTIPLE_FACES", "details": {"reason": "Multiple people detected in frame"}, "timestamp": "2026-01-10 03:17:00"}
{"type": "MULTIPLE_FACES", "details": {"reason": "Multiple people detected in frame"}, "timestamp": "2026-01-10 03:17:00"}
{"type": "MULTIPLE_FACES", "details": {"reason": "Multiple people detected in frame"}, "timestamp": "2026-01-10 03:17:00"}
{"type": "MULTIPLE_FACES", "details": {"reason": "Multiple people detected in frame"}, "timestamp": "2026-01-10 03:17:00"}
{"type": "MULTIPLE_FACES", "details": {"reason": "Multiple people detected in frame"}, "timestamp": "2026-01-10 03:17:00"}
{"type": "MULTIPLE_FACES", "details": {"reason": "Multiple people detected in frame"}, "timestamp": "2026-01-10 03:17:00"}
{"type": "MULTIPLE_FACES", "details": {"reason": "Multiple people detected in frame"}, "timestamp": "2026-01-10 03:17:00"}
{"type": "MULTIPLE_FACES", "details": {"reason": "Multiple people detected in frame"}, "timestamp": "2026-01-10 03:17:00"}
{"type": "MULTIPLE_FACES", "details": {"reason": "Multiple people detected in frame"}, "timestamp": "2026-01-10 03:17:00"}
{"type": "MULTIPLE_FACES", "details": {"reason": "Multiple people detected in frame"}, "timestamp": "2026-01-10 03:17:01"}
{"type": "MULTIPLE_FACES", "details": {"reason": "Multiple people detected in frame"}, "timestamp": "2026-01-10 03:17:01"}
{"type": "MULTIPLE_FACES", "details": {"reason": "Multiple people detected in frame"}, "timestamp": "2026-01-10 03:17:01"}
{"type": "MULTIPLE_FACES", "details": {"reason": "Multiple people detected in frame"}, "timestamp": "2026-01-10 03:17:02"}
{"type": "MULTIPLE_FACES", "details": {"reason": "Multiple people detected in frame"}, "timestamp": "2026-01-10 03:17:02"}
{"type": "MULTIPLE_FACES", "details": {"reason": "Multiple people detected in frame"}, "timestamp": "2026-01-10 03:17:02"}
{"type": "MULTIPLE_FACES", "details": {"reason": "Multiple people detected in frame"}, "timestamp": "2026-01-10 03:17:02"}
{"type": "MULTIPLE_FACES", "details": {"reason": "Multiple people detected in frame"}, "timestamp": "2026-01-10 03:17:02"}
{"type": "MULTIPLE_FACES", "details": {"reason": "Multiple people detected in frame"}, "timestamp": "2026-01-10 03:17:02"}
{"type": "MULTIPLE_FACES", "details": {"reason": "Multiple people detected in frame"}, "timestamp": "2026-01-10 03:17:02"}
{"type": "MULTIPLE_FACES", "details": {"reason": "Multiple people detected in frame"}, "timestamp": "2026-01-10 03:17:02"}
{"type": "MULTIPLE_FACES", "details": {"reason": "Multiple people detected in frame"}, "timestamp": "2026-01-10 03:17:02"}
{"type": "MULTIPLE_FACES", "details": {"reason": "Multiple people detected in frame"}, "timestamp": "2026-01-10 03:17:02"}
{"type": "MULTIPLE_FACES", "details": {"reason": "Multiple people detected in frame"}, "timestamp": "2026-01-10 03:17:02"}
{"type": "MULTIPLE_FACES", "details": {"reason": "Multiple people detected in frame"}, "timestamp": "2026-01-10 03:17:02"}
{"type": "MULTIPLE_FACES", "details": {"reason": "Multiple people detected in frame"}, "timestamp": "2026-01-10 03:17:02"}
{"type": "MULTIPLE_FACES", "details": {"reason": "Multiple people detected in frame"}, "timestamp": "2026-01-10 03:17:02"}
{"type": "MULTIPLE_FACES", "details": {"reason": "Multiple people detected in frame"}, "timestamp": "2026-01-10 03:17:02"}
{"type": "MULTIPLE_FACES", "details": {"reason": "Multiple people detected in frame"}, "timestamp": "2026-01-10 03:17:02"}
{"type": "MULTIPLE_FACES", "details": {"reason": "Multiple people detected in frame"}, "timestamp": "2026-01-10 03:17:02"}
{"type": "MULTIPLE_FACES", "details": {"reason": "Multiple people detected in frame"}, "timestamp": "2026-01-10 03:17:02"}
{"type": "MULTIPLE_FACES", "details": {"reason": "Multiple people detected in frame"}, "timestamp": "2026-01-10 03:17:03"}
{"type": "MULTIPLE_FACES", "details": {"reason": "Multiple people detected in frame"}, "timestamp": "2026-01-10 03:17:03"}
{"type": "MULTIPLE_FACES", "details": {"reason": "Multiple people detected in frame"}, "timestamp": "2026-01-10 03:17:03"}
{"type": "MULTIPLE_FACES", "details": {"reason": "Multiple people detected in frame"}, "timestamp": "2026-01-10 03:17:03"}
{"type": "MULTIPLE_FACES", "details": {"reason": "Multiple people detected in frame"}, "timestamp": "2026-01-10 03:17:03"}
{"type": "MULTIPLE_FACES", "details": {"reason": "Multiple people detected in frame"}, "timestamp": "2026-01-10 03:17:03"}
{"type": "MULTIPLE_FACES", "details": {"reason": "Multiple people detected in frame"}, "timestamp": "2026-01-10 03:17:03"}
{"type": "MULTIPLE_FACES", "details": {"reason": "Multiple people detected in frame"}, "timestamp": "2026-01-10 03:17:03"}
{"type": "MULTIPLE_FACES", "details": {"reason": "Multiple people detected in frame"}, "timestamp": "2026-01-10 03:17:03"}
{"type": "MULTIPLE_FACES", "details": {"reason": "Multiple people detected in frame"}, "timestamp": "2026-01-10 03:17:03"}
{"type": "MULTIPLE_FACES", "details": {"reason": "Multiple people detected in frame"}, "timestamp": "2026-01-10 03:17:03"}
{"type": "MULTIPLE_FACES", "details": {"reason": "Multiple people detected in frame"}, "timestamp": "2026-01-10 03:17:03"}
{"type": "MULTIPLE_FACES", "details": {"reason": "Multiple people detected in frame"}, "timestamp": "2026-01-10 03:17:03"}
{"type": "MULTIPLE_FACES", "details": {"reason": "Multiple people detected in frame"}, "timestamp": "2026-01-10 03:17:03"}
{"type": "MULTIPLE_FACES", "details": {"reason": "Multiple people detected in frame"}, "timestamp": "2026-01-10 03:17:03"}
{"type": "MULTIPLE_FACES", "details": {"reason": "Multiple people detected in frame"}, "timestamp": "2026-01-10 03:17:03"}
{"type": "MULTIPLE_FACES", "details": {"reason": "Multiple people detected in frame"}, "timestamp": "2026-01-10 03:17:03"}
{"type": "MULTIPLE_FACES", "details": {"reason": "Multiple people detected in frame"}, "timestamp": "2026-01-10 03:17:03"}
{"type": "MULTIPLE_FACES", "details": {"reason": "Multiple people detected in frame"}, "timestamp": "2026-01-10 03:17:03"}
{"type": "MULTIPLE_FACES", "details": {"reason": "Multiple people detected in frame"}, "timestamp": "2026-01-10 03:17:03"}
{"type": "MULTIPLE_FACES", "details": {"reason": "Multiple people detected in frame"}, "timestamp": "2026-01-10 03:17:03"}
{"type": "MULTIPLE_FACES", "details": {"reason": "Multiple people detected in frame"}, "timestamp": "2026-01-10 03:17:03"}
{"type": "MULTIPLE_FACES", "details": {"reason": "Multiple people detected in frame"}, "timestamp": "2026-01-10 03:17:03"}
{"type": "MULTIPLE_FACES", "details": {"reason": "Multiple people detected in frame"}, "timestamp": "2026-01-10 03:17:03"}
{"type": "MULTIPLE_FACES", "details": {"reason": "Multiple people detected in frame"}, "timestamp": "2026-01-10 03:17:03"}
{"type": "MULTIPLE_FACES", "details": {"reason": "Multiple people detected in frame"}, "timestamp": "2026-01-10 03:17:03"}
{"type": "MULTIPLE_FACES", "details": {"reason": "Multiple people detected in frame"}, "timestamp": "2026-01-10 03:17:03"}
{"type": "MULTIPLE_FACES", "details": {"reason": "Multiple people detected in frame"}, "timestamp": "2026-01-10 03:17:03"}
{"type": "MULTIPLE_FACES", "details": {"reason": "Multiple people detected in frame"}, "timestamp": "2026-01-10 03:17:04"}
{"type": "MULTIPLE_FACES", "details": {"reason": "Multiple people detected in frame"}, "timestamp": "2026-01-10 03:17:04"}
{"type": "FACE_NOT_VISIBLE", "details": {"reason": "No face detected"}, "timestamp": "2026-01-10 03:17:05"}
{"type": "FACE_NOT_VISIBLE", "details": {"reason": "No face detected"}, "timestamp": "2026-01-10 03:17:05"}
{"type": "FACE_NOT_VISIBLE", "details": {"reason": "No face detected"}, "timestamp": "2026-01-10 03:17:05"}
{"type": "FACE_NOT_VISIBLE", "details": {"reason": "No face detected"}, "timestamp": "2026-01-10 03:17:05"}
{"type": "FACE_NOT_VISIBLE", "details": {"reason": "No face detected"}, "timestamp": "2026-01-10 03:17:06"}
{"type": "FACE_NOT_VISIBLE", "details": {"reason": "No face detected"}, "timestamp": "2026-01-10 03:17:06"}
{"type": "MULTIPLE_FACES", "details": {"reason": "Multiple people detected in frame"}, "timestamp": "2026-01-10 03:17:06"}
{"type": "MULTIPLE_FACES", "details": {"reason": "Multiple people detected in frame"}, "timestamp": "2026-01-10 03:17:06"}
{"type": "MULTIPLE_FACES", "details": {"reason": "Multiple people detected in frame"}, "timestamp": "2026-01-10 03:17:06"}
{"type": "MULTIPLE_FACES", "details": {"reason": "Multiple people detected in frame"}, "timestamp": "2026-01-10 03:17:06"}
{"type": "MULTIPLE_FACES", "details": {"reason": "Multiple people detected in frame"}, "timestamp": "2026-01-10 03:17:06"}
{"type": "MULTIPLE_FACES", "details": {"reason": "Multiple people detected in frame"}, "timestamp": "2026-01-10 03:17:06"}
{"type": "WRONG_FACE", "details": {"reason": "Unrecognized face detected (Score: -0.13)"}, "timestamp": "2026-01-10 03:17:06"}
{"type": "WRONG_FACE", "details": {"reason": "Unrecognized face detected (Score: -0.13)"}, "timestamp": "2026-01-10 03:17:06"}
{"type": "WRONG_FACE", "details": {"reason": "Unrecognized face detected (Score: -0.13)"}, "timestamp": "2026-01-10 03:17:06"}
{"type": "FACE_NOT_VISIBLE", "details": {"reason": "No face detected"}, "timestamp": "2026-01-10 03:17:07"}
{"type": "FACE_NOT_VISIBLE", "details": {"reason": "No face detected"}, "timestamp": "2026-01-10 03:17:08"}
{"type": "FACE_NOT_VISIBLE", "details": {"reason": "No face detected"}, "timestamp": "2026-01-10 03:17:08"}
{"type": "FACE_NOT_VISIBLE", "details": {"reason": "No face detected"}, "timestamp": "2026-01-10 03:17:08"}
{"type": "FACE_NOT_VISIBLE", "details": {"reason": "No face detected"}, "timestamp": "2026-01-10 03:17:08"}
{"type": "FACE_NOT_VISIBLE", "details": {"reason": "No face detected"}, "timestamp": "2026-01-10 03:17:08"}
{"type": "FACE_NOT_VISIBLE", "details": {"reason": "No face detected"}, "timestamp": "2026-01-10 03:17:08"}
{"type": "FACE_NOT_VISIBLE", "details": {"reason": "No face detected"}, "timestamp": "2026-01-10 03:17:08"}
{"type": "FACE_NOT_VISIBLE", "details": {"reason": "No face detected"}, "timestamp": "2026-01-10 03:17:08"}
{"type": "FACE_NOT_VISIBLE", "details": {"reason": "No face detected"}, "timestamp": "2026-01-10 03:17:08"}
{"type": "FACE_NOT_VISIBLE", "details": {"reason": "No face detected"}, "timestamp": "2026-01-10 03:17:23"}
{"type": "FACE_NOT_VISIBLE", "details": {"reason": "No face detected"}, "timestamp": "2026-01-10 03:17:23"}
{"type": "FACE_NOT_VISIBLE", "details": {"reason": "No face detected"}, "timestamp": "2026-01-10 03:17:23"}
{"type": "FACE_NOT_VISIBLE", "details": {"reason": "No face detected"}, "timestamp": "2026-01-10 03:17:23"}
{"type": "FACE_NOT_VISIBLE", "details": {"reason": "No face detected"}, "timestamp": "2026-01-10 03:17:23"}
{"type": "FACE_NOT_VISIBLE", "details": {"reason": "No face detected"}, "timestamp": "2026-01-10 03:17:23"}
{"type": "FACE_NOT_VISIBLE", "details": {"reason": "No face detected"}, "timestamp": "2026-01-10 03:17:23"}
{"type": "FACE_NOT_VISIBLE", "details": {"reason": "No face detected"}, "timestamp": "2026-01-10 03:17:24"}
{"type": "FACE_NOT_VISIBLE", "details": {"reason": "No face detected"}, "timestamp": "2026-01-10 03:17:24"}
{"type": "FACE_NOT_VISIBLE", "details": {"reason": "No face detected"}, "timestamp": "2026-01-10 03:17:24"}
{"type": "FACE_NOT_VISIBLE", "details": {"reason": "No face detected"}, "timestamp": "2026-01-10 03:17:24"}
{"type": "FACE_NOT_VISIBLE", "details": {"reason": "No face detected"}, "timestamp": "2026-01-10 03:17:24"}
{"type": "FACE_NOT_VISIBLE", "details": {"reason": "No face detected"}, "timestamp": "2026-01-10 03:17:25"}
{"type": "FACE_NOT_VISIBLE", "details": {"reason": "No face detected"}, "timestamp": "2026-01-10 03:17:25"}
{"type": "FACE_NOT_VISIBLE", "details": {"reason": "No face detected"}, "timestamp": "2026-01-10 03:17:25"}
{"type": "FACE_NOT_VISIBLE", "details": {"reason": "No face detected"}, "timestamp": "2026-01-10 03:17:25"}
{"type": "FACE_NOT_VISIBLE", "details": {"reason": "No face detected"}, "timestamp": "2026-01-10 03:17:25"}
{"type": "FACE_NOT_VISIBLE", "details": {"reason": "No face detected"}, "timestamp": "2026-01-10 03:17:25"}
{"type": "FACE_NOT_VISIBLE", "details": {"reason": "No face detected"}, "timestamp": "2026-01-10 03:17:25"}
{"type": "FACE_NOT_VISIBLE", "details": {"reason": "No face detected"}, "timestamp": "2026-01-10 03:17:25"}
{"type": "FACE_NOT_VISIBLE", "details": {"reason": "No face detected"}, "timestamp": "2026-01-10 03:17:25"}
{"type": "FACE_NOT_VISIBLE", "details": {"reason": "No face detected"}, "timestamp": "2026-01-10 03:17:25"}
{"type": "FACE_NOT_VISIBLE", "details": {"reason": "No face detected"}, "timestamp": "2026-01-10 03:17:27"}
{"type": "FACE_NOT_VISIBLE", "details": {"reason": "No face detected"}, "timestamp": "2026-01-10 03:17:27"}
{"type": "FACE_NOT_VISIBLE", "details": {"reason": "No face detected"}, "timestamp": "2026-01-10 03:17:27"}
{"type": "FACE_NOT_VISIBLE", "details": {"reason": "No face detected"}, "timestamp": "2026-01-10 03:17:27"}
{"type": "FACE_NOT_VISIBLE", "details": {"reason": "No face detected"}, "timestamp": "2026-01-10 03:17:27"}
{"type": "FACE_NOT_VISIBLE", "details": {"reason": "No face detected"}, "timestamp": "2026-01-10 03:17:27"}
{"type": "FACE_NOT_VISIBLE", "details": {"reason": "No face detected"}, "timestamp": "2026-01-10 03:17:27"}
{"type": "FACE_NOT_VISIBLE", "details": {"reason": "No face detected"}, "timestamp": "2026-01-10 03:17:28"}
{"type": "FACE_NOT_VISIBLE", "details": {"reason": "No face detected"}, "timestamp": "2026-01-10 03:17:28"}
{"type": "FACE_NOT_VISIBLE", "details": {"reason": "No face detected"}, "timestamp": "2026-01-10 03:17:28"}
{"type": "FACE_NOT_VISIBLE", "details": {"reason": "No face detected"}, "timestamp": "2026-01-10 03:17:28"}
{"type": "FACE_NOT_VISIBLE", "details": {"reason": "No face detected"}, "timestamp": "2026-01-10 03:17:28"}
{"type": "WRONG_FACE", "details": {"reason": "Unrecognized face detected (Score: 0.61)"}, "timestamp": "2026-01-10 03:17:30"}
{"type": "WRONG_FACE", "details": {"reason": "Unrecognized face detected (Score: 0.61)"}, "timestamp": "2026-01-10 03:17:30"}
{"type": "WRONG_FACE", "details": {"reason": "Unrecognized face detected (Score: 0.61)"}, "timestamp": "2026-01-10 03:17:30"}
{"type": "FACE_NOT_VISIBLE", "details": {"reason": "No face detected"}, "timestamp": "2026-01-10 03:17:30"}
{"type": "FACE_NOT_VISIBLE", "details": {"reason": "No face detected"}, "timestamp": "2026-01-10 03:17:30"}
{"type": "FACE_NOT_VISIBLE", "details": {"reason": "No face detected"}, "timestamp": "2026-01-10 03:17:30"}
{"type": "FACE_NOT_VISIBLE", "details": {"reason": "No face detected"}, "timestamp": "2026-01-10 03:17:30"}
{"type": "FACE_NOT_VISIBLE", "details": {"reason": "No face detected"}, "timestamp": "2026-01-10 03:17:30"}
{"type": "FACE_NOT_VISIBLE", "details": {"reason": "No face detected"}, "timestamp": "2026-01-10 03:17:30"}
{"type": "FACE_NOT_VISIBLE", "details": {"reason": "No face detected"}, "timestamp": "2026-01-10 03:17:30"}
{"type": "FACE_NOT_VISIBLE", "details": {"reason": "No face detected"}, "timestamp": "2026-01-10 03:17:30"}
{"type": "FACE_NOT_VISIBLE", "details": {"reason": "No face detected"}, "timestamp": "2026-01-10 03:17:30"}
{"type": "FACE_NOT_VISIBLE", "details": {"reason": "No face detected"}, "timestamp": "2026-01-10 03:17:30"}
{"type": "FACE_NOT_VISIBLE", "details": {"reason": "No face detected"}, "timestamp": "2026-01-10 03:17:30"}
{"type": "FACE_NOT_VISIBLE", "details": {"reason": "No face detected"}, "timestamp": "2026-01-10 03:17:31"}
{"type": "FACE_NOT_VISIBLE", "details": {"reason": "No face detected"}, "timestamp": "2026-01-10 03:17:31"}
{"type": "FACE_NOT_VISIBLE", "details": {"reason": "No face detected"}, "timestamp": "2026-01-10 03:17:31"}
{"type": "FACE_NOT_VISIBLE", "details": {"reason": "No face detected"}, "timestamp": "2026-01-10 03:17:31"}
{"type": "FACE_NOT_VISIBLE", "details": {"reason": "No face detected"}, "timestamp": "2026-01-10 03:17:32"}
{"type": "FACE_NOT_VISIBLE", "details": {"reason": "No face detected"}, "timestamp": "2026-01-10 03:17:32"}
{"type": "FACE_NOT_VISIBLE", "details": {"reason": "No face detected"}, "timestamp": "2026-01-10 03:17:32"}
{"type": "FACE_NOT_VISIBLE", "details": {"reason": "No face detected"}, "timestamp": "2026-01-10 03:17:32"}
{"type": "FACE_NOT_VISIBLE", "details": {"reason": "No face detected"}, "timestamp": "2026-01-10 03:17:32"}
{"type": "FACE_NOT_VISIBLE", "details": {"reason": "No face detected"}, "timestamp": "2026-01-10 03:17:32"}
{"type": "FACE_NOT_VISIBLE", "details": {"reason": "No face detected"}, "timestamp": "2026-01-10 03:17:32"}
{"type": "FACE_NOT_VISIBLE", "details": {"reason": "No face detected"}, "timestamp": "2026-01-10 03:17:32"}
{"type": "FACE_NOT_VISIBLE", "details": {"reason": "No face detected"}, "timestamp": "2026-01-10 03:17:32"}
{"type": "FACE_NOT_VISIBLE", "details": {"reason": "No face detected"}, "timestamp": "2026-01-10 03:17:32"}
{"type": "FACE_NOT_VISIBLE", "details": {"reason": "No face detected"}, "timestamp": "2026-01-10 03:17:32"}
{"type": "FACE_NOT_VISIBLE", "details": {"reason": "No face detected"}, "timestamp": "2026-01-10 03:17:32"}
{"type": "WRONG_FACE", "details": {"reason": "Unrecognized face detected (Score: 0.13)"}, "timestamp": "2026-01-10 03:17:33"}
{"type": "WRONG_FACE", "details": {"reason": "Unrecognized face detected (Score: 0.13)"}, "timestamp": "2026-01-10 03:17:33"}
{"type": "WRONG_FACE", "details": {"reason": "Unrecognized face detected (Score: 0.13)"}, "timestamp": "2026-01-10 03:17:33"}
{"type": "WRONG_FACE", "details": {"reason": "Unrecognized face detected (Score: 0.10)"}, "timestamp": "2026-01-10 03:17:33"}
{"type": "WRONG_FACE", "details": {"reason": "Unrecognized face detected (Score: 0.10)"}, "timestamp": "2026-01-10 03:17:33"}
{"type": "FACE_NOT_VISIBLE", "details": {"reason": "No face detected"}, "timestamp": "2026-01-10 03:17:39"}
{"type": "FACE_NOT_VISIBLE", "details": {"reason": "No face detected"}, "timestamp": "2026-01-10 03:17:39"}
{"type": "FACE_NOT_VISIBLE", "details": {"reason": "No face detected"}, "timestamp": "2026-01-10 03:17:39"}
{"type": "FACE_NOT_VISIBLE", "details": {"reason": "No face detected"}, "timestamp": "2026-01-10 03:17:39"}
{"type": "FACE_NOT_VISIBLE", "details": {"reason": "No face detected"}, "timestamp": "2026-01-10 03:17:39"}
{"type": "FACE_NOT_VISIBLE", "details": {"reason": "No face detected"}, "timestamp": "2026-01-10 03:17:39"}
{"type": "FACE_NOT_VISIBLE", "details": {"reason": "No face detected"}, "timestamp": "2026-01-10 03:17:39"}
{"type": "MULTIPLE_FACES", "details": {"reason": "Multiple people detected in frame"}, "timestamp": "2026-01-10 03:17:42"}
{"type": "MULTIPLE_FACES", "details": {"reason": "Multiple people detected in frame"}, "timestamp": "2026-01-10 03:17:42"}
{"type": "MULTIPLE_FACES", "details": {"reason": "Multiple people detected in frame"}, "timestamp": "2026-01-10 03:17:42"}
{"type": "MULTIPLE_FACES", "details": {"reason": "Multiple people detected in frame"}, "timestamp": "2026-01-10 03:17:43"}
{"type": "MULTIPLE_FACES", "details": {"reason": "Multiple people detected in frame"}, "timestamp": "2026-01-10 03:17:43"}
{"type": "MULTIPLE_FACES", "details": {"reason": "Multiple people detected in frame"}, "timestamp": "2026-01-10 03:17:43"}
{"type": "MULTIPLE_FACES", "details": {"reason": "Multiple people detected in frame"}, "timestamp": "2026-01-10 03:17:43"}
{"type": "MULTIPLE_FACES", "details": {"reason": "Multiple people detected in frame"}, "timestamp": "2026-01-10 03:17:43"}
{"type": "MULTIPLE_FACES", "details": {"reason": "Multiple people detected in frame"}, "timestamp": "2026-01-10 03:17:43"}
{"type": "MULTIPLE_FACES", "details": {"reason": "Multiple people detected in frame"}, "timestamp": "2026-01-10 03:17:43"}
{"type": "MULTIPLE_FACES", "details": {"reason": "Multiple people detected in frame"}, "timestamp": "2026-01-10 03:17:43"}
{"type": "MULTIPLE_FACES", "details": {"reason": "Multiple people detected in frame"}, "timestamp": "2026-01-10 03:17:43"}
{"type": "MULTIPLE_FACES", "details": {"reason": "Multiple people detected in frame"}, "timestamp": "2026-01-10 03:17:43"}
{"type": "MULTIPLE_FACES", "details": {"reason": "Multiple people detected in frame"}, "timestamp": "2026-01-10 03:17:43"}
{"type": "MULTIPLE_FACES", "details": {"reason": "Multiple people detected in frame"}, "timestamp": "2026-01-10 03:17:43"}
{"type": "LIP_MOVEMENT", "details": {"reason": "Lip movement detected"}, "timestamp": "2026-01-10 03:17:43"}
{"type": "MULTIPLE_FACES", "details": {"reason": "Multiple people detected in frame"}, "timestamp": "2026-01-10 03:17:43"}
{"type": "MULTIPLE_FACES", "details": {"reason": "Multiple people detected in frame"}, "timestamp": "2026-01-10 03:17:43"}
{"type": "MULTIPLE_FACES", "details": {"reason": "Multiple people detected in frame"}, "timestamp": "2026-01-10 03:17:43"}
{"type": "MULTIPLE_FACES", "details": {"reason": "Multiple people detected in frame"}, "timestamp": "2026-01-10 03:17:44"}
{"type": "MULTIPLE_FACES", "details": {"reason": "Multiple people detected in frame"}, "timestamp": "2026-01-10 03:17:44"}
{"type": "MULTIPLE_FACES", "details": {"reason": "Multiple people detected in frame"}, "timestamp": "2026-01-10 03:17:44"}
{"type": "MULTIPLE_FACES", "details": {"reason": "Multiple people detected in frame"}, "timestamp": "2026-01-10 03:17:44"}
{"type": "MULTIPLE_FACES", "details": {"reason": "Multiple people detected in frame"}, "timestamp": "2026-01-10 03:17:44"}
{"type": "MULTIPLE_FACES", "details": {"reason": "Multiple people detected in frame"}, "timestamp": "2026-01-10 03:17:44"}
{"type": "MULTIPLE_FACES", "details": {"reason": "Multiple people detected in frame"}, "timestamp": "2026-01-10 03:17:44"}
{"type": "MULTIPLE_FACES", "details": {"reason": "Multiple people detected in frame"}, "timestamp": "2026-01-10 03:17:46"}
{"type": "MULTIPLE_FACES", "details": {"reason": "Multiple people detected in frame"}, "timestamp": "2026-01-10 03:17:46"}
{"type": "MULTIPLE_FACES", "details": {"reason": "Multiple people detected in frame"}, "timestamp": "2026-01-10 03:18:05"}
{"type": "MULTIPLE_FACES", "details": {"reason": "Multiple people detected in frame"}, "timestamp": "2026-01-10 03:18:05"}
{"type": "MULTIPLE_FACES", "details": {"reason": "Multiple people detected in frame"}, "timestamp": "2026-01-10 03:18:05"}
{"type": "LIP_MOVEMENT", "details": {"reason": "Lip movement detected"}, "timestamp": "2026-01-10 03:18:15"}
{"type": "LIP_MOVEMENT", "details": {"reason": "Lip movement detected"}, "timestamp": "2026-01-10 03:18:23"}
{"type": "MULTIPLE_FACES", "details": {"reason": "Multiple people detected in frame"}, "timestamp": "2026-01-10 03:18:23"}
{"type": "MULTIPLE_FACES", "details": {"reason": "Multiple people detected in frame"}, "timestamp": "2026-01-10 03:18:23"}
{"type": "MULTIPLE_FACES", "details": {"reason": "Multiple people detected in frame"}, "timestamp": "2026-01-10 03:18:23"}
{"type": "MULTIPLE_FACES", "details": {"reason": "Multiple people detected in frame"}, "timestamp": "2026-01-10 03:18:25"}
{"type": "MULTIPLE_FACES", "details": {"reason": "Multiple people detected in frame"}, "timestamp": "2026-01-10 03:18:25"}
{"type": "MULTIPLE_FACES", "details": {"reason": "Multiple people detected in frame"}, "timestamp": "2026-01-10 03:18:25"}
{"type": "MULTIPLE_FACES", "details": {"reason": "Multiple people detected in frame"}, "timestamp": "2026-01-10 03:18:25"}
{"type": "MULTIPLE_FACES", "details": {"reason": "Multiple people detected in frame"}, "timestamp": "2026-01-10 03:18:25"}
{"type": "MULTIPLE_FACES", "details": {"reason": "Multiple people detected in frame"}, "timestamp": "2026-01-10 03:18:25"}
{"type": "MULTIPLE_FACES", "details": {"reason": "Multiple people detected in frame"}, "timestamp": "2026-01-10 03:18:25"}
{"type": "MULTIPLE_FACES", "details": {"reason": "Multiple people detected in frame"}, "timestamp": "2026-01-10 03:18:25"}
{"type": "MULTIPLE_FACES", "details": {"reason": "Multiple people detected in frame"}, "timestamp": "2026-01-10 03:18:25"}
{"type": "MULTIPLE_FACES", "details": {"reason": "Multiple people detected in frame"}, "timestamp": "2026-01-10 03:18:25"}
{"type": "MULTIPLE_FACES", "details": {"reason": "Multiple people detected in frame"}, "timestamp": "2026-01-10 03:18:25"}
{"type": "MULTIPLE_FACES", "details": {"reason": "Multiple people detected in frame"}, "timestamp": "2026-01-10 03:18:25"}
{"type": "MULTIPLE_FACES", "details": {"reason": "Multiple people detected in frame"}, "timestamp": "2026-01-10 03:18:26"}
{"type": "MULTIPLE_FACES", "details": {"reason": "Multiple people detected in frame"}, "timestamp": "2026-01-10 03:18:26"}
{"type": "MULTIPLE_FACES", "details": {"reason": "Multiple people detected in frame"}, "timestamp": "2026-01-10 03:18:26"}
{"type": "MULTIPLE_FACES", "details": {"reason": "Multiple people detected in frame"}, "timestamp": "2026-01-10 03:18:26"}
{"type": "MULTIPLE_FACES", "details": {"reason": "Multiple people detected in frame"}, "timestamp": "2026-01-10 03:18:26"}
{"type": "MULTIPLE_FACES", "details": {"reason": "Multiple people detected in frame"}, "timestamp": "2026-01-10 03:18:26"}
{"type": "MULTIPLE_FACES", "details": {"reason": "Multiple people detected in frame"}, "timestamp": "2026-01-10 03:18:26"}
{"type": "MULTIPLE_FACES", "details": {"reason": "Multiple people detected in frame"}, "timestamp": "2026-01-10 03:18:26"}
{"type": "MULTIPLE_FACES", "details": {"reason": "Multiple people detected in frame"}, "timestamp": "2026-01-10 03:18:26"}
{"type": "MULTIPLE_FACES", "details": {"reason": "Multiple people detected in frame"}, "timestamp": "2026-01-10 03:18:26"}
{"type": "MULTIPLE_FACES", "details": {"reason": "Multiple people detected in frame"}, "timestamp": "2026-01-10 03:18:26"}
{"type": "MULTIPLE_FACES", "details": {"reason": "Multiple people detected in frame"}, "timestamp": "2026-01-10 03:18:26"}
{"type": "MULTIPLE_FACES", "details": {"reason": "Multiple people detected in frame"}, "timestamp": "2026-01-10 03:18:26"}
{"type": "MULTIPLE_FACES", "details": {"reason": "Multiple people detected in frame"}, "timestamp": "2026-01-10 03:18:26"}
{"type": "MULTIPLE_FACES", "details": {"reason": "Multiple people detected in frame"}, "timestamp": "2026-01-10 03:18:26"}
{"type": "MULTIPLE_FACES", "details": {"reason": "Multiple people detected in frame"}, "timestamp": "2026-01-10 03:18:26"}
{"type": "MULTIPLE_FACES", "details": {"reason": "Multiple people detected in frame"}, "timestamp": "2026-01-10 03:18:26"}
{"type": "MULTIPLE_FACES", "details": {"reason": "Multiple people detected in frame"}, "timestamp": "2026-01-10 03:18:26"}
{"type": "MULTIPLE_FACES", "details": {"reason": "Multiple people detected in frame"}, "timestamp": "2026-01-10 03:18:26"}
{"type": "MULTIPLE_FACES", "details": {"reason": "Multiple people detected in frame"}, "timestamp": "2026-01-10 03:18:26"}
{"type": "MULTIPLE_FACES", "details": {"reason": "Multiple people detected in frame"}, "timestamp": "2026-01-10 03:18:26"}
{"type": "MULTIPLE_FACES", "details": {"reason": "Multiple people detected in frame"}, "timestamp": "2026-01-10 03:18:26"}
{"type": "MULTIPLE_FACES", "details": {"reason": "Multiple people detected in frame"}, "timestamp": "2026-01-10 03:18:26"}
{"type": "MULTIPLE_FACES", "details": {"reason": "Multiple people detected in frame"}, "timestamp": "2026-01-10 03:18:27"}
{"type": "MULTIPLE_FACES", "details": {"reason": "Multiple people detected in frame"}, "timestamp": "2026-01-10 03:18:27"}
{"type": "MULTIPLE_FACES", "details": {"reason": "Multiple people detected in frame"}, "timestamp": "2026-01-10 03:18:27"}
{"type": "MULTIPLE_FACES", "details": {"reason": "Multiple people detected in frame"}, "timestamp": "2026-01-10 03:18:27"}
{"type": "MULTIPLE_FACES", "details": {"reason": "Multiple people detected in frame"}, "timestamp": "2026-01-10 03:18:27"}
{"type": "MULTIPLE_FACES", "details": {"reason": "Multiple people detected in frame"}, "timestamp": "2026-01-10 03:18:27"}
{"type": "MULTIPLE_FACES", "details": {"reason": "Multiple people detected in frame"}, "timestamp": "2026-01-10 03:18:27"}
{"type": "MULTIPLE_FACES", "details": {"reason": "Multiple people detected in frame"}, "timestamp": "2026-01-10 03:18:27"}
{"type": "MULTIPLE_FACES", "details": {"reason": "Multiple people detected in frame"}, "timestamp": "2026-01-10 03:18:27"}
{"type": "MULTIPLE_FACES", "details": {"reason": "Multiple people detected in frame"}, "timestamp": "2026-01-10 03:18:27"}
{"type": "MULTIPLE_FACES", "details": {"reason": "Multiple people detected in frame"}, "timestamp": "2026-01-10 03:18:27"}
{"type": "MULTIPLE_FACES", "details": {"reason": "Multiple people detected in frame"}, "timestamp": "2026-01-10 03:18:27"}
{"type": "MULTIPLE_FACES", "details": {"reason": "Multiple people detected in frame"}, "timestamp": "2026-01-10 03:18:27"}
{"type": "MULTIPLE_FACES", "details": {"reason": "Multiple people detected in frame"}, "timestamp": "2026-01-10 03:18:27"}
{"type": "MULTIPLE_FACES", "details": {"reason": "Multiple people detected in frame"}, "timestamp": "2026-01-10 03:18:27"}
{"type": "MULTIPLE_FACES", "details": {"reason": "Multiple people detected in frame"}, "timestamp": "2026-01-10 03:18:27"}
{"type": "MULTIPLE_FACES", "details": {"reason": "Multiple people detected in frame"}, "timestamp": "2026-01-10 03:18:27"}
{"type": "MULTIPLE_FACES", "details": {"reason": "Multiple people detected in frame"}, "timestamp": "2026-01-10 03:18:27"}
{"type": "MULTIPLE_FACES", "details": {"reason": "Multiple people detected in frame"}, "timestamp": "2026-01-10 03:18:27"}
{"type": "MULTIPLE_FACES", "details": {"reason": "Multiple people detected in frame"}, "timestamp": "2026-01-10 03:18:27"}
{"type": "MULTIPLE_FACES", "details": {"reason": "Multiple people detected in frame"}, "timestamp": "2026-01-10 03:18:27"}
{"type": "MULTIPLE_FACES", "details": {"reason": "Multiple people detected in frame"}, "timestamp": "2026-01-10 03:18:27"}
{"type": "MULTIPLE_FACES", "details": {"reason": "Multiple people detected in frame"}, "timestamp": "2026-01-10 03:18:27"}
{"type": "MULTIPLE_FACES", "details": {"reason": "Multiple people detected in frame"}, "timestamp": "2026-01-10 03:18:27"}
{"type": "MULTIPLE_FACES", "details": {"reason": "Multiple people detected in frame"}, "timestamp": "2026-01-10 03:18:27"}
{"type": "MULTIPLE_FACES", "details": {"reason": "Multiple people detected in frame"}, "timestamp": "2026-01-10 03:18:27"}
{"type": "MULTIPLE_FACES", "details": {"reason": "Multiple people detected in frame"}, "timestamp": "2026-01-10 03:18:27"}
{"type": "MULTIPLE_FACES", "details": {"reason": "Multiple people detected in frame"}, "timestamp": "2026-01-10 03:18:27"}
{"type": "MULTIPLE_FACES", "details": {"reason": "Multiple people detected in frame"}, "timestamp": "2026-01-10 03:18:27"}
{"type": "MULTIPLE_FACES", "details": {"reason": "Multiple people detected in frame"}, "timestamp": "2026-01-10 03:18:27"}
{"type": "MULTIPLE_FACES", "details": {"reason": "Multiple people detected in frame"}, "timestamp": "2026-01-10 03:18:28"}
{"type": "MULTIPLE_FACES", "details": {"reason": "Multiple people detected in frame"}, "timestamp": "2026-01-10 03:18:28"}
{"type": "MULTIPLE_FACES", "details": {"reason": "Multiple people detected in frame"}, "timestamp": "2026-01-10 03:18:28"}
{"type": "MULTIPLE_FACES", "details": {"reason": "Multiple people detected in frame"}, "timestamp": "2026-01-10 03:18:28"}
{"type": "MULTIPLE_FACES", "details": {"reason": "Multiple people detected in frame"}, "timestamp": "2026-01-10 03:18:28"}
{"type": "MULTIPLE_FACES", "details": {"reason": "Multiple people detected in frame"}, "timestamp": "2026-01-10 03:18:28"}
{"type": "MULTIPLE_FACES", "details": {"reason": "Multiple people detected in frame"}, "timestamp": "2026-01-10 03:18:28"}
{"type": "MULTIPLE_FACES", "details": {"reason": "Multiple people detected in frame"}, "timestamp": "2026-01-10 03:18:28"}
{"type": "MULTIPLE_FACES", "details": {"reason": "Multiple people detected in frame"}, "timestamp": "2026-01-10 03:18:28"}
{"type": "MULTIPLE_FACES", "details": {"reason": "Multiple people detected in frame"}, "timestamp": "2026-01-10 03:18:28"}
{"type": "MULTIPLE_FACES", "details": {"reason": "Multiple people detected in frame"}, "timestamp": "2026-01-10 03:18:28"}
{"type": "MULTIPLE_FACES", "details": {"reason": "Multiple people detected in frame"}, "timestamp": "2026-01-10 03:18:28"}
{"type": "MULTIPLE_FACES", "details": {"reason": "Multiple people detected in frame"}, "timestamp": "2026-01-10 03:18:28"}
{"type": "MULTIPLE_FACES", "details": {"reason": "Multiple people detected in frame"}, "timestamp": "2026-01-10 03:18:28"}
{"type": "MULTIPLE_FACES", "details": {"reason": "Multiple people detected in frame"}, "timestamp": "2026-01-10 03:18:28"}
{"type": "MULTIPLE_FACES", "details": {"reason": "Multiple people detected in frame"}, "timestamp": "2026-01-10 03:18:28"}
{"type": "MULTIPLE_FACES", "details": {"reason": "Multiple people detected in frame"}, "timestamp": "2026-01-10 03:18:28"}
{"type": "MULTIPLE_FACES", "details": {"reason": "Multiple people detected in frame"}, "timestamp": "2026-01-10 03:18:28"}
{"type": "MULTIPLE_FACES", "details": {"reason": "Multiple people detected in frame"}, "timestamp": "2026-01-10 03:18:28"}
{"type": "MULTIPLE_FACES", "details": {"reason": "Multiple people detected in frame"}, "timestamp": "2026-01-10 03:18:28"}
{"type": "MULTIPLE_FACES", "details": {"reason": "Multiple people detected in frame"}, "timestamp": "2026-01-10 03:18:28"}
{"type": "MULTIPLE_FACES", "details": {"reason": "Multiple people detected in frame"}, "timestamp": "2026-01-10 03:18:28"}
{"type": "MULTIPLE_FACES", "details": {"reason": "Multiple people detected in frame"}, "timestamp": "2026-01-10 03:18:28"}
{"type": "MULTIPLE_FACES", "details": {"reason": "Multiple people detected in frame"}, "timestamp": "2026-01-10 03:18:28"}
{"type": "MULTIPLE_FACES", "details": {"reason": "Multiple people detected in frame"}, "timestamp": "2026-01-10 03:18:28"}
{"type": "MULTIPLE_FACES", "details": {"reason": "Multiple people detected in frame"}, "timestamp": "2026-01-10 03:18:28"}
{"type": "MULTIPLE_FACES", "details": {"reason": "Multiple people detected in frame"}, "timestamp": "2026-01-10 03:18:28"}
{"type": "MULTIPLE_FACES", "details": {"reason": "Multiple people detected in frame"}, "timestamp": "2026-01-10 03:18:28"}
{"type": "MULTIPLE_FACES", "details": {"reason": "Multiple people detected in frame"}, "timestamp": "2026-01-10 03:18:28"}
{"type": "MULTIPLE_FACES", "details": {"reason": "Multiple people detected in frame"}, "timestamp": "2026-01-10 03:18:28"}
{"type": "MULTIPLE_FACES", "details": {"reason": "Multiple people detected in frame"}, "timestamp": "2026-01-10 03:18:29"}
{"type": "MULTIPLE_FACES", "details": {"reason": "Multiple people detected in frame"}, "timestamp": "2026-01-10 03:18:29"}
{"type": "MULTIPLE_FACES", "details": {"reason": "Multiple people detected in frame"}, "timestamp": "2026-01-10 03:18:29"}
{"type": "MULTIPLE_FACES", "details": {"reason": "Multiple people detected in frame"}, "timestamp": "2026-01-10 03:18:29"}
{"type": "MULTIPLE_FACES", "details": {"reason": "Multiple people detected in frame"}, "timestamp": "2026-01-10 03:18:29"}
{"type": "MULTIPLE_FACES", "details": {"reason": "Multiple people detected in frame"}, "timestamp": "2026-01-10 03:18:30"}
{"type": "MULTIPLE_FACES", "details": {"reason": "Multiple people detected in frame"}, "timestamp": "2026-01-10 03:18:30"}
{"type": "MULTIPLE_FACES", "details": {"reason": "Multiple people detected in frame"}, "timestamp": "2026-01-10 03:18:30"}
{"type": "MULTIPLE_FACES", "details": {"reason": "Multiple people detected in frame"}, "timestamp": "2026-01-10 03:18:30"}
{"type": "MULTIPLE_FACES", "details": {"reason": "Multiple people detected in frame"}, "timestamp": "2026-01-10 03:18:30"}
{"type": "MULTIPLE_FACES", "details": {"reason": "Multiple people detected in frame"}, "timestamp": "2026-01-10 03:18:30"}
{"type": "MULTIPLE_FACES", "details": {"reason": "Multiple people detected in frame"}, "timestamp": "2026-01-10 03:18:30"}
{"type": "MULTIPLE_FACES", "details": {"reason": "Multiple people detected in frame"}, "timestamp": "2026-01-10 03:18:30"}
{"type": "MULTIPLE_FACES", "details": {"reason": "Multiple people detected in frame"}, "timestamp": "2026-01-10 03:18:30"}
{"type": "MULTIPLE_FACES", "details": {"reason": "Multiple people detected in frame"}, "timestamp": "2026-01-10 03:18:30"}
{"type": "MULTIPLE_FACES", "details": {"reason": "Multiple people detected in frame"}, "timestamp": "2026-01-10 03:18:30"}
{"type": "MULTIPLE_FACES", "details": {"reason": "Multiple people detected in frame"}, "timestamp": "2026-01-10 03:18:30"}
{"type": "MULTIPLE_FACES", "details": {"reason": "Multiple people detected in frame"}, "timestamp": "2026-01-10 03:18:30"}
{"type": "MULTIPLE_FACES", "details": {"reason": "Multiple people detected in frame"}, "timestamp": "2026-01-10 03:18:30"}
{"type": "MULTIPLE_FACES", "details": {"reason": "Multiple people detected in frame"}, "timestamp": "2026-01-10 03:18:30"}
{"type": "MULTIPLE_FACES", "details": {"reason": "Multiple people detected in frame"}, "timestamp": "2026-01-10 03:18:30"}
{"type": "MULTIPLE_FACES", "details": {"reason": "Multiple people detected in frame"}, "timestamp": "2026-01-10 03:18:30"}
{"type": "MULTIPLE_FACES", "details": {"reason": "Multiple people detected in frame"}, "timestamp": "2026-01-10 03:18:30"}
{"type": "MULTIPLE_FACES", "details": {"reason": "Multiple people detected in frame"}, "timestamp": "2026-01-10 03:18:30"}
{"type": "MULTIPLE_FACES", "details": {"reason": "Multiple people detected in frame"}, "timestamp": "2026-01-10 03:18:30"}
{"type": "MULTIPLE_FACES", "details": {"reason": "Multiple people detected in frame"}, "timestamp": "2026-01-10 03:18:30"}
{"type": "MULTIPLE_FACES", "details": {"reason": "Multiple people detected in frame"}, "timestamp": "2026-01-10 03:18:30"}
{"type": "MULTIPLE_FACES", "details": {"reason": "Multiple people detected in frame"}, "timestamp": "2026-01-10 03:18:30"}
{"type": "MULTIPLE_FACES", "details": {"reason": "Multiple people detected in frame"}, "timestamp": "2026-01-10 03:18:30"}
{"type": "MULTIPLE_FACES", "details": {"reason": "Multiple people detected in frame"}, "timestamp": "2026-01-10 03:18:30"}
{"type": "MULTIPLE_FACES", "details": {"reason": "Multiple people detected in frame"}, "timestamp": "2026-01-10 03:18:31"}
{"type": "MULTIPLE_FACES", "details": {"reason": "Multiple people detected in frame"}, "timestamp": "2026-01-10 03:18:31"}
{"type": "MULTIPLE_FACES", "details": {"reason": "Multiple people detected in frame"}, "timestamp": "2026-01-10 03:18:31"}
{"type": "MULTIPLE_FACES", "details": {"reason": "Multiple people detected in frame"}, "timestamp": "2026-01-10 03:18:31"}
{"type": "MULTIPLE_FACES", "details": {"reason": "Multiple people detected in frame"}, "timestamp": "2026-01-10 03:18:31"}
{"type": "MULTIPLE_FACES", "details": {"reason": "Multiple people detected in frame"}, "timestamp": "2026-01-10 03:18:31"}
{"type": "MULTIPLE_FACES", "details": {"reason": "Multiple people detected in frame"}, "timestamp": "2026-01-10 03:18:31"}
{"type": "MULTIPLE_FACES", "details": {"reason": "Multiple people detected in frame"}, "timestamp": "2026-01-10 03:18:31"}
{"type": "MULTIPLE_FACES", "details": {"reason": "Multiple people detected in frame"}, "timestamp": "2026-01-10 03:18:31"}
{"type": "MULTIPLE_FACES", "details": {"reason": "Multiple people detected in frame"}, "timestamp": "2026-01-10 03:18:31"}
{"type": "MULTIPLE_FACES", "details": {"reason": "Multiple people detected in frame"}, "timestamp": "2026-01-10 03:18:31"}
{"type": "MULTIPLE_FACES", "details": {"reason": "Multiple people detected in frame"}, "timestamp": "2026-01-10 03:18:31"}
{"type": "MULTIPLE_FACES", "details": {"reason": "Multiple people detected in frame"}, "timestamp": "2026-01-10 03:18:31"}
{"type": "MULTIPLE_FACES", "details": {"reason": "Multiple people detected in frame"}, "timestamp": "2026-01-10 03:18:31"}
{"type": "MULTIPLE_FACES", "details": {"reason": "Multiple people detected in frame"}, "timestamp": "2026-01-10 03:18:31"}
{"type": "MULTIPLE_FACES", "details": {"reason": "Multiple people detected in frame"}, "timestamp": "2026-01-10 03:18:31"}
{"type": "MULTIPLE_FACES", "details": {"reason": "Multiple people detected in frame"}, "timestamp": "2026-01-10 03:18:31"}
{"type": "MULTIPLE_FACES", "details": {"reason": "Multiple people detected in frame"}, "timestamp": "2026-01-10 03:18:31"}
{"type": "MULTIPLE_FACES", "details": {"reason": "Multiple people detected in frame"}, "timestamp": "2026-01-10 03:18:31"}
{"type": "MULTIPLE_FACES", "details": {"reason": "Multiple people detected in frame"}, "timestamp": "2026-01-10 03:18:31"}
{"type": "MULTIPLE_FACES", "details": {"reason": "Multiple people detected in frame"}, "timestamp": "2026-01-10 03:18:31"}
{"type": "MULTIPLE_FACES", "details": {"reason": "Multiple people detected in frame"}, "timestamp": "2026-01-10 03:18:31"}
{"type": "MULTIPLE_FACES", "details": {"reason": "Multiple people detected in frame"}, "timestamp": "2026-01-10 03:18:31"}
{"type": "MULTIPLE_FACES", "details": {"reason": "Multiple people detected in frame"}, "timestamp": "2026-01-10 03:18:31"}
{"type": "MULTIPLE_FACES", "details": {"reason": "Multiple people detected in frame"}, "timestamp": "2026-01-10 03:18:31"}
{"type": "MULTIPLE_FACES", "details": {"reason": "Multiple people detected in frame"}, "timestamp": "2026-01-10 03:18:31"}
{"type": "MULTIPLE_FACES", "details": {"reason": "Multiple people detected in frame"}, "timestamp": "2026-01-10 03:18:31"}
{"type": "MULTIPLE_FACES", "details": {"reason": "Multiple people detected in frame"}, "timestamp": "2026-01-10 03:18:32"}
{"type": "MULTIPLE_FACES", "details": {"reason": "Multiple people detected in frame"}, "timestamp": "2026-01-10 03:18:32"}
{"type": "MULTIPLE_FACES", "details": {"reason": "Multiple people detected in frame"}, "timestamp": "2026-01-10 03:18:32"}
{"type": "MULTIPLE_FACES", "details": {"reason": "Multiple people detected in frame"}, "timestamp": "2026-01-10 03:18:33"}
{"type": "MULTIPLE_FACES", "details": {"reason": "Multiple people detected in frame"}, "timestamp": "2026-01-10 03:18:33"}
{"type": "MULTIPLE_FACES", "details": {"reason": "Multiple people detected in frame"}, "timestamp": "2026-01-10 03:18:33"}
{"type": "MULTIPLE_FACES", "details": {"reason": "Multiple people detected in frame"}, "timestamp": "2026-01-10 03:18:33"}
{"type": "MULTIPLE_FACES", "details": {"reason": "Multiple people detected in frame"}, "timestamp": "2026-01-10 03:18:33"}
{"type": "MULTIPLE_FACES", "details": {"reason": "Multiple people detected in frame"}, "timestamp": "2026-01-10 03:18:33"}
{"type": "MULTIPLE_FACES", "details": {"reason": "Multiple people detected in frame"}, "timestamp": "2026-01-10 03:18:33"}
{"type": "MULTIPLE_FACES", "details": {"reason": "Multiple people detected in frame"}, "timestamp": "2026-01-10 03:18:33"}
{"type": "MULTIPLE_FACES", "details": {"reason": "Multiple people detected in frame"}, "timestamp": "2026-01-10 03:18:33"}
{"type": "MULTIPLE_FACES", "details": {"reason": "Multiple people detected in frame"}, "timestamp": "2026-01-10 03:18:34"}
{"type": "MULTIPLE_FACES", "details": {"reason": "Multiple people detected in frame"}, "timestamp": "2026-01-10 03:18:34"}
{"type": "MULTIPLE_FACES", "details": {"reason": "Multiple people detected in frame"}, "timestamp": "2026-01-10 03:18:34"}
{"type": "MULTIPLE_FACES", "details": {"reason": "Multiple people detected in frame"}, "timestamp": "2026-01-10 03:18:34"}
{"type": "MULTIPLE_FACES", "details": {"reason": "Multiple people detected in frame"}, "timestamp": "2026-01-10 03:18:34"}
{"type": "MULTIPLE_FACES", "details": {"reason": "Multiple people detected in frame"}, "timestamp": "2026-01-10 03:18:34"}
{"type": "MULTIPLE_FACES", "details": {"reason": "Multiple people detected in frame"}, "timestamp": "2026-01-10 03:18:34"}
{"type": "MULTIPLE_FACES", "details": {"reason": "Multiple people detected in frame"}, "timestamp": "2026-01-10 03:18:34"}
{"type": "MULTIPLE_FACES", "details": {"reason": "Multiple people detected in frame"}, "timestamp": "2026-01-10 03:18:34"}
{"type": "MULTIPLE_FACES", "details": {"reason": "Multiple people detected in frame"}, "timestamp": "2026-01-10 03:18:34"}
{"type": "MULTIPLE_FACES", "details": {"reason": "Multiple people detected in frame"}, "timestamp": "2026-01-10 03:18:34"}
{"type": "MULTIPLE_FACES", "details": {"reason": "Multiple people detected in frame"}, "timestamp": "2026-01-10 03:18:34"}
{"type": "MULTIPLE_FACES", "details": {"reason": "Multiple people detected in frame"}, "timestamp": "2026-01-10 03:18:34"}
{"type": "MULTIPLE_FACES", "details": {"reason": "Multiple people detected in frame"}, "timestamp": "2026-01-10 03:18:34"}
{"type": "MULTIPLE_FACES", "details": {"reason": "Multiple people detected in frame"}, "timestamp": "2026-01-10 03:18:34"}
{"type": "MULTIPLE_FACES", "details": {"reason": "Multiple people detected in frame"}, "timestamp": "2026-01-10 03:18:35"}
{"type": "MULTIPLE_FACES", "details": {"reason": "Multiple people detected in frame"}, "timestamp": "2026-01-10 03:18:35"}
{"type": "MULTIPLE_FACES", "details": {"reason": "Multiple people detected in frame"}, "timestamp": "2026-01-10 03:18:35"}
{"type": "MULTIPLE_FACES", "details": {"reason": "Multiple people detected in frame"}, "timestamp": "2026-01-10 03:18:35"}
{"type": "MULTIPLE_FACES", "details": {"reason": "Multiple people detected in frame"}, "timestamp": "2026-01-10 03:18:35"}
{"type": "MULTIPLE_FACES", "details": {"reason": "Multiple people detected in frame"}, "timestamp": "2026-01-10 03:18:35"}
{"type": "MULTIPLE_FACES", "details": {"reason": "Multiple people detected in frame"}, "timestamp": "2026-01-10 03:18:35"}
{"type": "MULTIPLE_FACES", "details": {"reason": "Multiple people detected in frame"}, "timestamp": "2026-01-10 03:18:35"}
{"type": "MULTIPLE_FACES", "details": {"reason": "Multiple people detected in frame"}, "timestamp": "2026-01-10 03:18:35"}
{"type": "MULTIPLE_FACES", "details": {"reason": "Multiple people detected in frame"}, "timestamp": "2026-01-10 03:18:36"}
{"type": "MULTIPLE_FACES", "details": {"reason": "Multiple people detected in frame"}, "timestamp": "2026-01-10 03:18:36"}
{"type": "MULTIPLE_FACES", "details": {"reason": "Multiple people detected in frame"}, "timestamp": "2026-01-10 03:18:36"}
{"type": "MULTIPLE_FACES", "details": {"reason": "Multiple people detected in frame"}, "timestamp": "2026-01-10 03:18:37"}
{"type": "LIP_MOVEMENT", "details": {"reason": "Lip movement detected"}, "timestamp": "2026-01-10 03:20:01"}
{"type": "MULTIPLE_FACES", "details": {"reason": "Multiple people detected in frame"}, "timestamp": "2026-01-10 03:20:08"}
{"type": "MULTIPLE_FACES", "details": {"reason": "Multiple people detected in frame"}, "timestamp": "2026-01-10 03:20:08"}
{"type": "MULTIPLE_FACES", "details": {"reason": "Multiple people detected in frame"}, "timestamp": "2026-01-10 03:20:08"}
{"type": "MULTIPLE_FACES", "details": {"reason": "Multiple people detected in frame"}, "timestamp": "2026-01-10 03:20:10"}
{"type": "MULTIPLE_FACES", "details": {"reason": "Multiple people detected in frame"}, "timestamp": "2026-01-10 03:20:10"}
{"type": "MULTIPLE_FACES", "details": {"reason": "Multiple people detected in frame"}, "timestamp": "2026-01-10 03:20:10"}
{"type": "MULTIPLE_FACES", "details": {"reason": "Multiple people detected in frame"}, "timestamp": "2026-01-10 03:20:19"}
{"type": "MULTIPLE_FACES", "details": {"reason": "Multiple people detected in frame"}, "timestamp": "2026-01-10 03:20:19"}
{"type": "MULTIPLE_FACES", "details": {"reason": "Multiple people detected in frame"}, "timestamp": "2026-01-10 03:20:19"}
{"type": "MULTIPLE_FACES", "details": {"reason": "Multiple people detected in frame"}, "timestamp": "2026-01-10 03:20:19"}
{"type": "LIP_MOVEMENT", "details": {"reason": "Lip movement detected"}, "timestamp": "2026-01-10 03:20:34"}
{"type": "FACE_NOT_VISIBLE", "details": {"reason": "No face detected"}, "timestamp": "2026-01-10 03:20:37"}
{"type": "FACE_NOT_VISIBLE", "details": {"reason": "No face detected"}, "timestamp": "2026-01-10 03:20:37"}
{"type": "FACE_NOT_VISIBLE", "details": {"reason": "No face detected"}, "timestamp": "2026-01-10 03:20:37"}
{"type": "FACE_NOT_VISIBLE", "details": {"reason": "No face detected"}, "timestamp": "2026-01-10 03:20:40"}
{"type": "FACE_NOT_VISIBLE", "details": {"reason": "No face detected"}, "timestamp": "2026-01-10 03:20:40"}
{"type": "FACE_NOT_VISIBLE", "details": {"reason": "No face detected"}, "timestamp": "2026-01-10 03:20:40"}
{"type": "FACE_NOT_VISIBLE", "details": {"reason": "No face detected"}, "timestamp": "2026-01-10 03:20:40"}
{"type": "FACE_NOT_VISIBLE", "details": {"reason": "No face detected"}, "timestamp": "2026-01-10 03:20:40"}
{"type": "FACE_NOT_VISIBLE", "details": {"reason": "No face detected"}, "timestamp": "2026-01-10 03:20:40"}
{"type": "FACE_NOT_VISIBLE", "details": {"reason": "No face detected"}, "timestamp": "2026-01-10 03:20:40"}
{"type": "FACE_NOT_VISIBLE", "details": {"reason": "No face detected"}, "timestamp": "2026-01-10 03:20:40"}
{"type": "MULTIPLE_FACES", "details": {"reason": "Multiple people detected in frame"}, "timestamp": "2026-01-10 03:20:43"}
{"type": "MULTIPLE_FACES", "details": {"reason": "Multiple people detected in frame"}, "timestamp": "2026-01-10 03:20:43"}
{"type": "MULTIPLE_FACES", "details": {"reason": "Multiple people detected in frame"}, "timestamp": "2026-01-10 03:20:43"}
{"type": "MULTIPLE_FACES", "details": {"reason": "Multiple people detected in frame"}, "timestamp": "2026-01-10 03:20:43"}
{"type": "FACE_NOT_VISIBLE", "details": {"reason": "No face detected"}, "timestamp": "2026-01-10 03:20:44"}
{"type": "FACE_NOT_VISIBLE", "details": {"reason": "No face detected"}, "timestamp": "2026-01-10 03:20:44"}
{"type": "FACE_NOT_VISIBLE", "details": {"reason": "No face detected"}, "timestamp": "2026-01-10 03:20:44"}
{"type": "FACE_NOT_VISIBLE", "details": {"reason": "No face detected"}, "timestamp": "2026-01-10 03:20:44"}
{"type": "FACE_NOT_VISIBLE", "details": {"reason": "No face detected"}, "timestamp": "2026-01-10 03:20:44"}
{"type": "FACE_NOT_VISIBLE", "details": {"reason": "No face detected"}, "timestamp": "2026-01-10 03:20:44"}
{"type": "FACE_NOT_VISIBLE", "details": {"reason": "No face detected"}, "timestamp": "2026-01-10 03:20:44"}
{"type": "WRONG_FACE", "details": {"reason": "Unrecognized face detected (Score: 0.22)"}, "timestamp": "2026-01-10 03:26:18"}
{"type": "FACE_NOT_VISIBLE", "details": {"reason": "No face detected"}, "timestamp": "2026-01-10 03:26:18"}
{"type": "FACE_NOT_VISIBLE", "details": {"reason": "No face detected"}, "timestamp": "2026-01-10 03:26:23"}
{"type": "FACE_NOT_VISIBLE", "details": {"reason": "No face detected"}, "timestamp": "2026-01-10 03:26:28"}
{"type": "MULTIPLE_FACES", "details": {"reason": "Multiple people detected in frame"}, "timestamp": "2026-01-10 03:26:30"}
{"type": "MULTIPLE_FACES", "details": {"reason": "Multiple people detected in frame"}, "timestamp": "2026-01-10 03:26:37"}
{"type": "WRONG_FACE", "details": {"reason": "Unrecognized face detected (Score: 0.56)"}, "timestamp": "2026-01-10 03:26:37"}
{"type": "WRONG_FACE", "details": {"reason": "Unrecognized face detected (Score: 0.53)"}, "timestamp": "2026-01-10 03:26:41"}
{"type": "WRONG_FACE", "details": {"reason": "Unrecognized face detected (Score: 0.61)"}, "timestamp": "2026-01-10 03:26:44"}
{"type": "WRONG_FACE", "details": {"reason": "Unrecognized face detected (Score: 0.55)"}, "timestamp": "2026-01-10 03:26:47"}
{"type": "FACE_NOT_VISIBLE", "details": {"reason": "No face detected"}, "timestamp": "2026-01-10 03:26:48"}
{"type": "WRONG_FACE", "details": {"reason": "Unrecognized face detected (Score: 0.55)"}, "timestamp": "2026-01-10 03:26:50"}
{"type": "WRONG_FACE", "details": {"reason": "Unrecognized face detected (Score: 0.64)"}, "timestamp": "2026-01-10 03:26:53"}
{"type": "MULTIPLE_FACES", "details": {"reason": "Multiple people detected in frame"}, "timestamp": "2026-01-10 03:26:54"}
{"type": "WRONG_FACE", "details": {"reason": "Unrecognized face detected (Score: 0.63)"}, "timestamp": "2026-01-10 03:26:57"}
{"type": "MULTIPLE_FACES", "details": {"reason": "Multiple people detected in frame"}, "timestamp": "2026-01-10 03:26:57"}
{"type": "WRONG_FACE", "details": {"reason": "Unrecognized face detected (Score: 0.63)"}, "timestamp": "2026-01-10 03:27:00"}
{"type": "MULTIPLE_FACES", "details": {"reason": "Multiple people detected in frame"}, "timestamp": "2026-01-10 03:27:01"}
{"type": "MULTIPLE_FACES", "details": {"reason": "Multiple people detected in frame"}, "timestamp": "2026-01-10 03:27:04"}
{"type": "WRONG_FACE", "details": {"reason": "Unrecognized face detected (Score: 0.63)"}, "timestamp": "2026-01-10 03:27:04"}
{"type": "WRONG_FACE", "details": {"reason": "Unrecognized face detected (Score: 0.62)"}, "timestamp": "2026-01-10 03:27:09"}
{"type": "MULTIPLE_FACES", "details": {"reason": "Multiple people detected in frame"}, "timestamp": "2026-01-10 03:27:13"}
{"type": "MULTIPLE_FACES", "details": {"reason": "Multiple people detected in frame"}, "timestamp": "2026-01-10 03:27:16"}
{"type": "FACE_NOT_VISIBLE", "details": {"reason": "No face detected"}, "timestamp": "2026-01-10 03:27:19"}
{"type": "WRONG_FACE", "details": {"reason": "Unrecognized face detected (Score: 0.65)"}, "timestamp": "2026-01-10 03:27:24"}
{"type": "MULTIPLE_FACES", "details": {"reason": "Multiple people detected in frame"}, "timestamp": "2026-01-10 03:27:26"}
{"type": "MULTIPLE_FACES", "details": {"reason": "Multiple people detected in frame"}, "timestamp": "2026-01-10 03:27:29"}
{"type": "WRONG_FACE", "details": {"reason": "Unrecognized face detected (Score: 0.52)"}, "timestamp": "2026-01-10 03:27:30"}
{"type": "FACE_NOT_VISIBLE", "details": {"reason": "No face detected"}, "timestamp": "2026-01-10 03:27:30"}
{"type": "WRONG_FACE", "details": {"reason": "Unrecognized face detected (Score: 0.58)"}, "timestamp": "2026-01-10 03:27:35"}
{"type": "WRONG_FACE", "details": {"reason": "Unrecognized face detected (Score: 0.65)"}, "timestamp": "2026-01-10 03:27:40"}
{"type": "LIP_MOVEMENT", "details": {"reason": "Lip movement detected"}, "timestamp": "2026-01-10 03:28:04"}
{"type": "WRONG_FACE", "details": {"reason": "Unrecognized face detected (Score: 0.64)"}, "timestamp": "2026-01-10 03:28:11"}
{"type": "WRONG_FACE", "details": {"reason": "Unrecognized face detected (Score: 0.64)"}, "timestamp": "2026-01-10 03:28:14"}
{"type": "WRONG_FACE", "details": {"reason": "Unrecognized face detected (Score: 0.63)"}, "timestamp": "2026-01-10 03:28:17"}
{"type": "FACE_NOT_VISIBLE", "details": {"reason": "No face detected"}, "timestamp": "2026-01-10 03:28:17"}
{"type": "WRONG_FACE", "details": {"reason": "Unrecognized face detected (Score: 0.65)"}, "timestamp": "2026-01-10 03:28:27"}
{"type": "MULTIPLE_FACES", "details": {"reason": "Multiple people detected in frame"}, "timestamp": "2026-01-10 03:35:10"}
{"type": "FACE_NOT_VISIBLE", "details": {"reason": "No face detected"}, "timestamp": "2026-01-10 03:35:13"}
{"type": "WRONG_FACE", "details": {"reason": "Unrecognized face detected (Score: 0.54)"}, "timestamp": "2026-01-10 03:35:19"}
{"type": "FACE_NOT_VISIBLE", "details": {"reason": "No face detected"}, "timestamp": "2026-01-10 03:35:23"}
{"type": "FACE_NOT_VISIBLE", "details": {"reason": "No face detected"}, "timestamp": "2026-01-10 03:35:27"}
{"type": "LIP_MOVEMENT", "details": {"reason": "Lip movement detected"}, "timestamp": "2026-01-10 03:35:30"}
{"type": "MULTIPLE_FACES", "details": {"reason": "Multiple people detected in frame"}, "timestamp": "2026-01-10 03:35:33"}
{"type": "MULTIPLE_FACES", "details": {"reason": "Multiple people detected in frame"}, "timestamp": "2026-01-10 03:35:36"}
{"type": "MULTIPLE_FACES", "details": {"reason": "Multiple people detected in frame"}, "timestamp": "2026-01-10 03:35:39"}
{"type": "MULTIPLE_FACES", "details": {"reason": "Multiple people detected in frame"}, "timestamp": "2026-01-10 03:35:45"}
{"type": "FACE_NOT_VISIBLE", "details": {"reason": "No face detected"}, "timestamp": "2026-01-10 03:35:46"}
{"type": "WRONG_FACE", "details": {"reason": "Unrecognized face detected (Score: 0.14)"}, "timestamp": "2026-01-10 03:35:46"}
{"type": "MULTIPLE_FACES", "details": {"reason": "Multiple people detected in frame"}, "timestamp": "2026-01-10 03:44:04"}
{"type": "MULTIPLE_FACES", "details": {"reason": "Multiple people detected in frame"}, "timestamp": "2026-01-10 03:44:07"}
{"type": "MULTIPLE_FACES", "details": {"reason": "Multiple people detected in frame"}, "timestamp": "2026-01-10 03:44:11"}
{"type": "MULTIPLE_FACES", "details": {"reason": "Multiple people detected in frame"}, "timestamp": "2026-01-10 03:44:14"}
{"type": "MULTIPLE_FACES", "details": {"reason": "Multiple people detected in frame"}, "timestamp": "2026-01-10 03:44:18"}
{"type": "LIP_MOVEMENT", "details": {"reason": "Lip movement detected"}, "timestamp": "2026-01-10 03:44:25"}
{"type": "MULTIPLE_FACES", "details": {"reason": "Multiple people detected in frame"}, "timestamp": "2026-01-10 03:44:27"}
{"type": "FACE_NOT_VISIBLE", "details": {"reason": "No face detected"}, "timestamp": "2026-01-10 03:44:30"}
{"type": "FACE_NOT_VISIBLE", "details": {"reason": "No face detected"}, "timestamp": "2026-01-10 03:44:37"}
{"type": "WRONG_FACE", "details": {"reason": "Unrecognized face detected (Score: 0.04)"}, "timestamp": "2026-01-10 03:44:46"}
{"type": "WRONG_FACE", "details": {"reason": "Unrecognized face detected (Score: 0.37)"}, "timestamp": "2026-01-10 03:44:49"}
{"type": "LIP_MOVEMENT", "details": {"reason": "Lip movement detected"}, "timestamp": "2026-01-10 03:44:57"}
{"type": "MULTIPLE_FACES", "details": {"reason": "Multiple people detected in frame"}, "timestamp": "2026-01-10 03:45:08"}
{"type": "FACE_NOT_VISIBLE", "details": {"reason": "No face detected"}, "timestamp": "2026-01-10 03:45:10"}
{"type": "MULTIPLE_FACES", "details": {"reason": "Multiple people detected in frame"}, "timestamp": "2026-01-10 03:45:14"}
{"type": "MULTIPLE_FACES", "details": {"reason": "Multiple people detected in frame"}, "timestamp": "2026-01-10 03:45:17"}
{"type": "FACE_NOT_VISIBLE", "details": {"reason": "No face detected"}, "timestamp": "2026-01-10 03:45:20"}
{"type": "FACE_NOT_VISIBLE", "details": {"reason": "No face detected"}, "timestamp": "2026-01-10 03:45:26"}
{"type": "FACE_NOT_VISIBLE", "details": {"reason": "No face detected"}, "timestamp": "2026-01-10 03:45:30"}
{"type": "MULTIPLE_FACES", "details": {"reason": "Multiple people detected in frame"}, "timestamp": "2026-01-10 03:45:36"}
{"type": "MULTIPLE_FACES", "details": {"reason": "Multiple people detected in frame"}, "timestamp": "2026-01-10 03:48:10"}
{"type": "LIP_MOVEMENT", "details": {"reason": "Lip movement detected"}, "timestamp": "2026-01-10 03:48:15"}
{"type": "MULTIPLE_FACES", "details": {"reason": "Multiple people detected in frame"}, "timestamp": "2026-01-10 03:48:17"}
{"type": "FACE_NOT_VISIBLE", "details": {"reason": "No face detected"}, "timestamp": "2026-01-10 03:48:20"}
{"type": "MULTIPLE_FACES", "details": {"reason": "Multiple people detected in frame"}, "timestamp": "2026-01-10 03:48:28"}
{"type": "MULTIPLE_FACES", "details": {"reason": "Multiple people detected in frame"}, "timestamp": "2026-01-10 03:48:39"}
{"type": "MULTIPLE_FACES", "details": {"reason": "Multiple people detected in frame"}, "timestamp": "2026-01-10 03:48:42"}
{"type": "MULTIPLE_FACES", "details": {"reason": "Multiple people detected in frame"}, "timestamp": "2026-01-10 03:48:46"}
{"type": "MULTIPLE_FACES", "details": {"reason": "Multiple people detected in frame"}, "timestamp": "2026-01-10 03:48:49"}
{"type": "MULTIPLE_FACES", "details": {"reason": "Multiple people detected in frame"}, "timestamp": "2026-01-10 03:48:55"}
{"type": "MULTIPLE_FACES", "details": {"reason": "Multiple people detected in frame"}, "timestamp": "2026-01-10 03:49:00"}
{"type": "MULTIPLE_FACES", "details": {"reason": "Multiple people detected in frame"}, "timestamp": "2026-01-10 03:49:03"}
{"type": "WRONG_FACE", "details": {"reason": "Unrecognized face detected (Score: 0.57)"}, "timestamp": "2026-01-10 03:49:03"}
{"type": "FACE_NOT_VISIBLE", "details": {"reason": "No face detected"}, "timestamp": "2026-01-10 03:49:03"}
{"type": "FACE_NOT_VISIBLE", "details": {"reason": "No face detected"}, "timestamp": "2026-01-10 03:49:06"}
{"type": "FACE_NOT_VISIBLE", "details": {"reason": "No face detected"}, "timestamp": "2026-01-10 03:49:09"}
{"type": "FACE_NOT_VISIBLE", "details": {"reason": "No face detected"}, "timestamp": "2026-01-10 03:49:12"}
{"type": "FACE_NOT_VISIBLE", "details": {"reason": "No face detected"}, "timestamp": "2026-01-10 03:49:16"}
{"type": "FACE_NOT_VISIBLE", "details": {"reason": "No face detected"}, "timestamp": "2026-01-10 03:49:19"}
{"type": "MULTIPLE_FACES", "details": {"reason": "Multiple people detected in frame"}, "timestamp": "2026-01-10 03:49:20"}
{"type": "FACE_NOT_VISIBLE", "details": {"reason": "No face detected"}, "timestamp": "2026-01-10 03:49:34"}
{"type": "MULTIPLE_FACES", "details": {"reason": "Multiple people detected in frame"}, "timestamp": "2026-01-10 03:49:40"}
{"type": "FACE_NOT_VISIBLE", "details": {"reason": "No face detected"}, "timestamp": "2026-01-10 03:49:46"}
{"type": "FACE_NOT_VISIBLE", "details": {"reason": "No face detected"}, "timestamp": "2026-01-10 03:49:49"}
{"type": "FACE_NOT_VISIBLE", "details": {"reason": "No face detected"}, "timestamp": "2026-01-10 03:49:53"}
{"type": "MULTIPLE_FACES", "details": {"reason": "Multiple people detected in frame"}, "timestamp": "2026-01-10 03:49:54"}
{"type": "MULTIPLE_FACES", "details": {"reason": "Multiple people detected in frame"}, "timestamp": "2026-01-10 03:50:07"}
{"type": "MULTIPLE_FACES", "details": {"reason": "Multiple people detected in frame"}, "timestamp": "2026-01-10 03:50:11"}
{"type": "MULTIPLE_FACES", "details": {"reason": "Multiple people detected in frame"}, "timestamp": "2026-01-10 03:50:20"}
{"type": "MULTIPLE_FACES", "details": {"reason": "Multiple people detected in frame"}, "timestamp": "2026-01-10 03:50:24"}
{"type": "MULTIPLE_FACES", "details": {"reason": "Multiple people detected in frame"}, "timestamp": "2026-01-10 03:50:27"}
{"type": "MULTIPLE_FACES", "details": {"reason": "Multiple people detected in frame"}, "timestamp": "2026-01-10 03:50:31"}
{"type": "MULTIPLE_FACES", "details": {"reason": "Multiple people detected in frame"}, "timestamp": "2026-01-10 03:50:34"}
{"type": "MULTIPLE_FACES", "details": {"reason": "Multiple people detected in frame"}, "timestamp": "2026-01-10 03:50:38"}
{"type": "FACE_NOT_VISIBLE", "details": {"reason": "No face detected"}, "timestamp": "2026-01-10 03:50:39"}
{"type": "MULTIPLE_FACES", "details": {"reason": "Multiple people detected in frame"}, "timestamp": "2026-01-10 03:50:42"}
{"type": "MULTIPLE_FACES", "details": {"reason": "Multiple people detected in frame"}, "timestamp": "2026-01-10 03:50:45"}
{"type": "FACE_NOT_VISIBLE", "details": {"reason": "No face detected"}, "timestamp": "2026-01-10 03:50:46"}
{"type": "MULTIPLE_FACES", "details": {"reason": "Multiple people detected in frame"}, "timestamp": "2026-01-10 03:50:49"}
{"type": "MULTIPLE_FACES", "details": {"reason": "Multiple people detected in frame"}, "timestamp": "2026-01-10 03:51:00"}
{"type": "FACE_NOT_VISIBLE", "details": {"reason": "No face detected"}, "timestamp": "2026-01-10 03:51:12"}
{"type": "FACE_NOT_VISIBLE", "details": {"reason": "No face detected"}, "timestamp": "2026-01-10 03:51:15"}
{"type": "FACE_NOT_VISIBLE", "details": {"reason": "No face detected"}, "timestamp": "2026-01-10 03:51:34"}
{"type": "MULTIPLE_FACES", "details": {"reason": "Multiple people detected in frame"}, "timestamp": "2026-01-10 03:51:45"}
{"type": "FACE_NOT_VISIBLE", "details": {"reason": "No face detected"}, "timestamp": "2026-01-10 03:51:58"}
{"type": "FACE_NOT_VISIBLE", "details": {"reason": "No face detected"}, "timestamp": "2026-01-10 03:52:02"}
{"type": "FACE_NOT_VISIBLE", "details": {"reason": "No face detected"}, "timestamp": "2026-01-10 03:52:11"}
{"type": "FACE_NOT_VISIBLE", "details": {"reason": "No face detected"}, "timestamp": "2026-01-10 03:52:15"}
{"type": "FACE_NOT_VISIBLE", "details": {"reason": "No face detected"}, "timestamp": "2026-01-10 03:52:18"}
{"type": "FACE_NOT_VISIBLE", "details": {"reason": "No face detected"}, "timestamp": "2026-01-10 03:52:25"}
{"type": "FACE_NOT_VISIBLE", "details": {"reason": "No face detected"}, "timestamp": "2026-01-10 03:52:28"}
{"type": "LIP_MOVEMENT", "details": {"reason": "Lip movement detected"}, "timestamp": "2026-01-10 03:54:46"}
{"type": "LIP_MOVEMENT", "details": {"reason": "Lip movement detected"}, "timestamp": "2026-01-10 03:54:55"}
{"type": "LIP_MOVEMENT", "details": {"reason": "Lip movement detected"}, "timestamp": "2026-01-10 03:55:03"}
{"type": "MULTIPLE_FACES", "details": {"reason": "Multiple people detected in frame"}, "timestamp": "2026-01-10 03:55:14"}
{"type": "MULTIPLE_FACES", "details": {"reason": "Multiple people detected in frame"}, "timestamp": "2026-01-10 03:58:42"}
{"type": "FACE_NOT_VISIBLE", "details": {"reason": "No face detected"}, "timestamp": "2026-01-10 03:58:43"}
{"type": "FACE_NOT_VISIBLE", "details": {"reason": "No face detected"}, "timestamp": "2026-01-10 03:58:47"}
{"type": "FACE_NOT_VISIBLE", "details": {"reason": "No face detected"}, "timestamp": "2026-01-10 03:58:56"}
{"type": "FACE_NOT_VISIBLE", "details": {"reason": "No face detected"}, "timestamp": "2026-01-10 03:59:05"}
{"type": "WRONG_FACE", "details": {"reason": "Unrecognized face detected (Score: 0.47)"}, "timestamp": "2026-01-10 03:59:05"}
{"type": "WRONG_FACE", "details": {"reason": "Unrecognized face detected (Score: 0.28)"}, "timestamp": "2026-01-10 03:59:08"}
{"type": "WRONG_FACE", "details": {"reason": "Unrecognized face detected (Score: 0.36)"}, "timestamp": "2026-01-10 03:59:11"}
{"type": "WRONG_FACE", "details": {"reason": "Unrecognized face detected (Score: 0.62)"}, "timestamp": "2026-01-10 03:59:14"}
{"type": "WRONG_FACE", "details": {"reason": "Unrecognized face detected (Score: 0.65)"}, "timestamp": "2026-01-10 03:59:17"}
{"type": "MULTIPLE_FACES", "details": {"reason": "Multiple people detected in frame"}, "timestamp": "2026-01-10 03:59:19"}
{"type": "WRONG_FACE", "details": {"reason": "Unrecognized face detected (Score: 0.63)"}, "timestamp": "2026-01-10 03:59:20"}
{"type": "WRONG_FACE", "details": {"reason": "Unrecognized face detected (Score: 0.51)"}, "timestamp": "2026-01-10 03:59:23"}
{"type": "FACE_NOT_VISIBLE", "details": {"reason": "No face detected"}, "timestamp": "2026-01-10 03:59:24"}
{"type": "MULTIPLE_FACES", "details": {"reason": "Multiple people detected in frame"}, "timestamp": "2026-01-10 03:59:49"}
{"type": "LIP_MOVEMENT", "details": {"reason": "Lip movement detected"}, "timestamp": "2026-01-10 03:59:53"}
{"type": "FACE_NOT_VISIBLE", "details": {"reason": "No face detected"}, "timestamp": "2026-01-10 03:59:54"}
{"type": "FACE_NOT_VISIBLE", "details": {"reason": "No face detected"}, "timestamp": "2026-01-10 04:00:01"}
{"type": "MULTIPLE_FACES", "details": {"reason": "Multiple people detected in frame"}, "timestamp": "2026-01-10 04:00:14"}
{"type": "MULTIPLE_FACES", "details": {"reason": "Multiple people detected in frame"}, "timestamp": "2026-01-10 04:00:18"}
{"type": "WRONG_FACE", "details": {"reason": "Unrecognized face detected (Score: 0.61)"}, "timestamp": "2026-01-10 04:00:25"}
{"type": "FACE_NOT_VISIBLE", "details": {"reason": "No face detected"}, "timestamp": "2026-01-10 04:00:25"}
{"type": "FACE_NOT_VISIBLE", "details": {"reason": "No face detected"}, "timestamp": "2026-01-10 04:00:30"}
{"type": "FACE_NOT_VISIBLE", "details": {"reason": "No face detected"}, "timestamp": "2026-01-10 04:00:40"}
{"type": "WRONG_FACE", "details": {"reason": "Unrecognized face detected (Score: 0.64)"}, "timestamp": "2026-01-10 04:00:42"}
{"type": "MULTIPLE_FACES", "details": {"reason": "Multiple people detected in frame"}, "timestamp": "2026-01-10 04:00:45"}
{"type": "LIP_MOVEMENT", "details": {"reason": "Lip movement detected"}, "timestamp": "2026-01-10 04:00:56"}
{"type": "LIP_MOVEMENT", "details": {"reason": "Lip movement detected"}, "timestamp": "2026-01-10 04:01:03"}
{"type": "MULTIPLE_FACES", "details": {"reason": "Multiple people detected in frame"}, "timestamp": "2026-01-10 04:01:04"}
{"type": "FACE_NOT_VISIBLE", "details": {"reason": "No face detected"}, "timestamp": "2026-01-10 04:01:08"}
{"type": "WRONG_FACE", "details": {"reason": "Unrecognized face detected (Score: 0.06)"}, "timestamp": "2026-01-10 04:01:08"}
{"type": "WRONG_FACE", "details": {"reason": "Unrecognized face detected (Score: -0.07)"}, "timestamp": "2026-01-10 04:01:13"}
{"type": "MULTIPLE_FACES", "details": {"reason": "Multiple people detected in frame"}, "timestamp": "2026-01-10 04:01:15"}
{"type": "FACE_NOT_VISIBLE", "details": {"reason": "No face detected"}, "timestamp": "2026-01-10 04:01:15"}
{"type": "FACE_NOT_VISIBLE", "details": {"reason": "No face detected"}, "timestamp": "2026-01-10 04:01:19"}
{"type": "FACE_NOT_VISIBLE", "details": {"reason": "No face detected"}, "timestamp": "2026-01-10 04:01:23"}
{"type": "FACE_NOT_VISIBLE", "details": {"reason": "No face detected"}, "timestamp": "2026-01-10 04:01:27"}
{"type": "FACE_NOT_VISIBLE", "details": {"reason": "No face detected"}, "timestamp": "2026-01-10 04:01:33"}
{"type": "WRONG_FACE", "details": {"reason": "Unrecognized face detected (Score: 0.62)"}, "timestamp": "2026-01-10 04:01:34"}
{"type": "MULTIPLE_FACES", "details": {"reason": "Multiple people detected in frame"}, "timestamp": "2026-01-10 04:01:34"}
{"type": "FACE_NOT_VISIBLE", "details": {"reason": "No face detected"}, "timestamp": "2026-01-10 04:01:38"}
{"type": "WRONG_FACE", "details": {"reason": "Unrecognized face detected (Score: 0.63)"}, "timestamp": "2026-01-10 04:01:42"}
{"type": "FACE_NOT_VISIBLE", "details": {"reason": "No face detected"}, "timestamp": "2026-01-10 04:01:43"}
{"type": "FACE_NOT_VISIBLE", "details": {"reason": "No face detected"}, "timestamp": "2026-01-10 04:01:47"}
{"type": "FACE_NOT_VISIBLE", "details": {"reason": "No face detected"}, "timestamp": "2026-01-10 04:01:52"}
{"type": "LIP_MOVEMENT", "details": {"reason": "Lip movement detected"}, "timestamp": "2026-01-10 04:08:12"}
{"type": "FACE_NOT_VISIBLE", "details": {"reason": "No face detected"}, "timestamp": "2026-01-10 04:08:14"}
{"type": "FACE_NOT_VISIBLE", "details": {"reason": "No face detected"}, "timestamp": "2026-01-10 04:08:18"}
{"type": "FACE_NOT_VISIBLE", "details": {"reason": "No face detected"}, "timestamp": "2026-01-10 04:08:37"}
{"type": "FACE_NOT_VISIBLE", "details": {"reason": "No face detected"}, "timestamp": "2026-01-10 04:24:45"}
{"type": "LIP_MOVEMENT", "details": {"reason": "Lip movement detected"}, "timestamp": "2026-01-10 04:24:59"}
{"type": "FACE_NOT_VISIBLE", "details": {"reason": "No face detected"}, "timestamp": "2026-01-10 04:25:18"}
{"type": "LIP_MOVEMENT", "details": {"reason": "Lip movement detected"}, "timestamp": "2026-01-10 04:25:25"}
{"type": "FACE_NOT_VISIBLE", "details": {"reason": "No face detected"}, "timestamp": "2026-01-10 04:25:31"}
{"type": "FACE_NOT_VISIBLE", "details": {"reason": "No face detected"}, "timestamp": "2026-01-10 04:25:34"}
{"type": "FACE_NOT_VISIBLE", "details": {"reason": "No face detected"}, "timestamp": "2026-01-10 04:25:37"}
{"type": "MULTIPLE_FACES", "details": {"reason": "Multiple people detected in frame"}, "timestamp": "2026-01-10 04:25:42"}
{"type": "MULTIPLE_FACES", "details": {"reason": "Multiple people detected in frame"}, "timestamp": "2026-01-10 04:25:45"}
{"type": "WRONG_FACE", "details": {"reason": "Unrecognized face detected (Score: 0.58)"}, "timestamp": "2026-01-10 04:25:47"}
{"type": "WRONG_FACE", "details": {"reason": "Unrecognized face detected (Score: 0.61)"}, "timestamp": "2026-01-10 04:25:50"}
{"type": "WRONG_FACE", "details": {"reason": "Unrecognized face detected (Score: 0.62)"}, "timestamp": "2026-01-10 04:25:53"}
{"type": "WRONG_FACE", "details": {"reason": "Unrecognized face detected (Score: 0.57)"}, "timestamp": "2026-01-10 04:25:56"}
{"type": "WRONG_FACE", "details": {"reason": "Unrecognized face detected (Score: 0.64)"}, "timestamp": "2026-01-10 04:25:59"}
{"type": "WRONG_FACE", "details": {"reason": "Unrecognized face detected (Score: 0.57)"}, "timestamp": "2026-01-10 04:26:02"}
{"type": "FACE_NOT_VISIBLE", "details": {"reason": "No face detected"}, "timestamp": "2026-01-10 04:37:15"}
{"type": "MULTIPLE_FACES", "details": {"reason": "Multiple people detected in frame"}, "timestamp": "2026-01-10 04:37:17"}
{"type": "FACE_NOT_VISIBLE", "details": {"reason": "No face detected"}, "timestamp": "2026-01-10 04:37:21"}
{"type": "FACE_NOT_VISIBLE", "details": {"reason": "No face detected"}, "timestamp": "2026-01-10 04:37:27"}
{"type": "WRONG_FACE", "details": {"reason": "Unrecognized face detected (Score: 0.61)"}, "timestamp": "2026-01-10 04:38:06"}
{"type": "FACE_NOT_VISIBLE", "details": {"reason": "No face detected"}, "timestamp": "2026-01-10 04:38:07"}
{"type": "WRONG_FACE", "details": {"reason": "Unrecognized face detected (Score: 0.56)"}, "timestamp": "2026-01-10 04:38:10"}
{"type": "FACE_NOT_VISIBLE", "details": {"reason": "No face detected"}, "timestamp": "2026-01-10 04:38:11"}
{"type": "WRONG_FACE", "details": {"reason": "Unrecognized face detected (Score: 0.55)"}, "timestamp": "2026-01-10 04:38:14"}
{"type": "FACE_NOT_VISIBLE", "details": {"reason": "No face detected"}, "timestamp": "2026-01-10 04:38:15"}
{"type": "WRONG_FACE", "details": {"reason": "Unrecognized face detected (Score: 0.45)"}, "timestamp": "2026-01-10 04:38:17"}
{"type": "FACE_NOT_VISIBLE", "details": {"reason": "No face detected"}, "timestamp": "2026-01-10 04:38:18"}
{"type": "WRONG_FACE", "details": {"reason": "Unrecognized face detected (Score: 0.65)"}, "timestamp": "2026-01-10 04:38:20"}
{"type": "FACE_NOT_VISIBLE", "details": {"reason": "No face detected"}, "timestamp": "2026-01-10 04:38:28"}
{"type": "WRONG_FACE", "details": {"reason": "Unrecognized face detected (Score: -0.04)"}, "timestamp": "2026-01-10 04:38:29"}
{"type": "FACE_NOT_VISIBLE", "details": {"reason": "No face detected"}, "timestamp": "2026-01-10 04:38:33"}
{"type": "FACE_NOT_VISIBLE", "details": {"reason": "No face detected"}, "timestamp": "2026-01-10 04:38:44"}
{"type": "FACE_NOT_VISIBLE", "details": {"reason": "No face detected"}, "timestamp": "2026-01-10 04:39:35"}
{"type": "FACE_NOT_VISIBLE", "details": {"reason": "No face detected"}, "timestamp": "2026-01-10 04:39:49"}
{"type": "FACE_NOT_VISIBLE", "details": {"reason": "No face detected"}, "timestamp": "2026-01-10 04:39:52"}
{"type": "FACE_NOT_VISIBLE", "details": {"reason": "No face detected"}, "timestamp": "2026-01-10 04:40:10"}
{"type": "FACE_NOT_VISIBLE", "details": {"reason": "No face detected"}, "timestamp": "2026-01-10 04:40:14"}
{"type": "FACE_NOT_VISIBLE", "details": {"reason": "No face detected"}, "timestamp": "2026-01-10 04:45:17"}
{"type": "LIP_MOVEMENT", "details": {"reason": "Lip movement detected"}, "timestamp": "2026-01-10 04:45:24"}
{"type": "FACE_NOT_VISIBLE", "details": {"reason": "No face detected"}, "timestamp": "2026-01-10 04:45:27"}
{"type": "FACE_NOT_VISIBLE", "details": {"reason": "No face detected"}, "timestamp": "2026-01-10 04:45:30"}
{"type": "FACE_NOT_VISIBLE", "details": {"reason": "No face detected"}, "timestamp": "2026-01-10 04:45:33"}
{"type": "WRONG_FACE", "details": {"reason": "Unrecognized face detected (Score: 0.49)"}, "timestamp": "2026-01-10 04:45:34"}
{"type": "MULTIPLE_FACES", "details": {"reason": "Multiple people detected in frame"}, "timestamp": "2026-01-10 04:45:35"}
{"type": "WRONG_FACE", "details": {"reason": "Unrecognized face detected (Score: 0.58)"}, "timestamp": "2026-01-10 04:45:39"}
{"type": "WRONG_FACE", "details": {"reason": "Unrecognized face detected (Score: 0.60)"}, "timestamp": "2026-01-10 04:45:44"}
{"type": "WRONG_FACE", "details": {"reason": "Unrecognized face detected (Score: 0.60)"}, "timestamp": "2026-01-10 04:45:47"}
{"type": "MULTIPLE_FACES", "details": {"reason": "Multiple people detected in frame"}, "timestamp": "2026-01-10 04:45:50"}
{"type": "WRONG_FACE", "details": {"reason": "Unrecognized face detected (Score: 0.50)"}, "timestamp": "2026-01-10 04:45:50"}
{"type": "MULTIPLE_FACES", "details": {"reason": "Multiple people detected in frame"}, "timestamp": "2026-01-10 04:45:53"}
{"type": "WRONG_FACE", "details": {"reason": "Unrecognized face detected (Score: 0.52)"}, "timestamp": "2026-01-10 04:45:53"}
{"type": "FACE_NOT_VISIBLE", "details": {"reason": "No face detected"}, "timestamp": "2026-01-10 04:45:54"}
{"type": "WRONG_FACE", "details": {"reason": "Unrecognized face detected (Score: 0.60)"}, "timestamp": "2026-01-10 04:45:57"}
{"type": "WRONG_FACE", "details": {"reason": "Unrecognized face detected (Score: 0.63)"}, "timestamp": "2026-01-10 04:46:00"}
{"type": "WRONG_FACE", "details": {"reason": "Unrecognized face detected (Score: 0.64)"}, "timestamp": "2026-01-10 04:46:03"}
{"type": "WRONG_FACE", "details": {"reason": "Unrecognized face detected (Score: 0.65)"}, "timestamp": "2026-01-10 04:46:06"}
{"type": "WRONG_FACE", "details": {"reason": "Unrecognized face detected (Score: 0.64)"}, "timestamp": "2026-01-10 04:46:09"}
{"type": "WRONG_FACE", "details": {"reason": "Unrecognized face detected (Score: 0.64)"}, "timestamp": "2026-01-10 04:46:12"}
{"type": "MULTIPLE_FACES", "details": {"reason": "Multiple people detected in frame"}, "timestamp": "2026-01-10 04:47:56"}
{"type": "FACE_NOT_VISIBLE", "details": {"reason": "No face detected"}, "timestamp": "2026-01-10 04:48:00"}
{"type": "MULTIPLE_FACES", "details": {"reason": "Multiple people detected in frame"}, "timestamp": "2026-01-10 04:48:01"}
{"type": "FACE_NOT_VISIBLE", "details": {"reason": "No face detected"}, "timestamp": "2026-01-10 04:48:03"}
{"type": "MULTIPLE_FACES", "details": {"reason": "Multiple people detected in frame"}, "timestamp": "2026-01-10 04:48:28"}
{"type": "FACE_NOT_VISIBLE", "details": {"reason": "No face detected"}, "timestamp": "2026-01-10 04:48:30"}
{"type": "FACE_NOT_VISIBLE", "details": {"reason": "No face detected"}, "timestamp": "2026-01-10 04:48:37"}
{"type": "FACE_NOT_VISIBLE", "details": {"reason": "No face detected"}, "timestamp": "2026-01-10 04:48:43"}
{"type": "FACE_NOT_VISIBLE", "details": {"reason": "No face detected"}, "timestamp": "2026-01-10 04:57:46"}
{"type": "LIP_MOVEMENT", "details": {"reason": "Lip movement detected"}, "timestamp": "2026-01-10 04:57:50"}
{"type": "LIP_MOVEMENT", "details": {"reason": "Lip movement detected"}, "timestamp": "2026-01-10 04:57:54"}
{"type": "FACE_NOT_VISIBLE", "details": {"reason": "No face detected"}, "timestamp": "2026-01-10 04:57:58"}
{"type": "FACE_NOT_VISIBLE", "details": {"reason": "No face detected"}, "timestamp": "2026-01-10 04:58:02"}
{"type": "WRONG_FACE", "details": {"reason": "Unrecognized face detected (Score: 0.61)"}, "timestamp": "2026-01-10 04:58:06"}
{"type": "WRONG_FACE", "details": {"reason": "Unrecognized face detected (Score: 0.62)"}, "timestamp": "2026-01-10 04:58:09"}
{"type": "MULTIPLE_FACES", "details": {"reason": "Multiple people detected in frame"}, "timestamp": "2026-01-10 04:58:16"}
{"type": "WRONG_FACE", "details": {"reason": "Unrecognized face detected (Score: 0.65)"}, "timestamp": "2026-01-10 04:58:19"}
{"type": "LIP_MOVEMENT", "details": {"reason": "Lip movement detected"}, "timestamp": "2026-01-10 05:01:42"}
{"type": "LIP_MOVEMENT", "details": {"reason": "Lip movement detected"}, "timestamp": "2026-01-10 05:01:47"}
{"type": "FACE_NOT_VISIBLE", "details": {"reason": "No face detected"}, "timestamp": "2026-01-10 05:02:03"}
{"type": "FACE_NOT_VISIBLE", "details": {"reason": "No face detected"}, "timestamp": "2026-01-10 05:02:07"}
{"type": "FACE_NOT_VISIBLE", "details": {"reason": "No face detected"}, "timestamp": "2026-01-10 05:02:12"}
{"type": "FACE_NOT_VISIBLE", "details": {"reason": "No face detected"}, "timestamp": "2026-01-10 05:02:17"}
{"type": "FACE_NOT_VISIBLE", "details": {"reason": "No face detected"}, "timestamp": "2026-01-10 05:02:21"}
{"type": "LIP_MOVEMENT", "details": {"reason": "Lip movement detected"}, "timestamp": "2026-01-10 05:02:26"}
{"type": "MULTIPLE_FACES", "details": {"reason": "Multiple people detected in frame"}, "timestamp": "2026-01-10 05:02:29"}
{"type": "LIP_MOVEMENT", "details": {"reason": "Lip movement detected"}, "timestamp": "2026-01-10 05:02:31"}
{"type": "FACE_NOT_VISIBLE", "details": {"reason": "No face detected"}, "timestamp": "2026-01-10 05:02:38"}
{"type": "WRONG_FACE", "details": {"reason": "Unrecognized face detected (Score: 0.65)"}, "timestamp": "2026-01-10 05:02:41"}
{"type": "FACE_NOT_VISIBLE", "details": {"reason": "No face detected"}, "timestamp": "2026-01-10 05:02:42"}
{"type": "FACE_NOT_VISIBLE", "details": {"reason": "No face detected"}, "timestamp": "2026-01-10 05:02:45"}
{"type": "MULTIPLE_FACES", "details": {"reason": "Multiple people detected in frame"}, "timestamp": "2026-01-10 05:02:47"}
{"type": "MULTIPLE_FACES", "details": {"reason": "Multiple people detected in frame"}, "timestamp": "2026-01-10 05:02:50"}
{"type": "WRONG_FACE", "details": {"reason": "Unrecognized face detected (Score: 0.63)"}, "timestamp": "2026-01-10 05:02:51"}
{"type": "FACE_NOT_VISIBLE", "details": {"reason": "No face detected"}, "timestamp": "2026-01-10 05:02:51"}
{"type": "FACE_NOT_VISIBLE", "details": {"reason": "No face detected"}, "timestamp": "2026-01-10 05:02:55"}
{"type": "WRONG_FACE", "details": {"reason": "Unrecognized face detected (Score: 0.64)"}, "timestamp": "2026-01-10 05:02:59"}
{"type": "MULTIPLE_FACES", "details": {"reason": "Multiple people detected in frame"}, "timestamp": "2026-01-10 05:02:59"}
{"type": "WRONG_FACE", "details": {"reason": "Unrecognized face detected (Score: 0.63)"}, "timestamp": "2026-01-10 05:03:02"}
{"type": "FACE_NOT_VISIBLE", "details": {"reason": "No face detected"}, "timestamp": "2026-01-10 05:03:04"}
{"type": "MULTIPLE_FACES", "details": {"reason": "Multiple people detected in frame"}, "timestamp": "2026-01-10 05:03:07"}
{"type": "MULTIPLE_FACES", "details": {"reason": "Multiple people detected in frame"}, "timestamp": "2026-01-10 05:03:14"}
{"type": "FACE_NOT_VISIBLE", "details": {"reason": "No face detected"}, "timestamp": "2026-01-10 05:03:18"}
{"type": "FACE_NOT_VISIBLE", "details": {"reason": "No face detected"}, "timestamp": "2026-01-10 05:10:14"}
{"type": "FACE_NOT_VISIBLE", "details": {"reason": "No face detected"}, "timestamp": "2026-01-10 05:10:24"}
{"type": "WRONG_FACE", "details": {"reason": "Unrecognized face detected (Score: 0.02)"}, "timestamp": "2026-01-10 05:10:24"}
{"type": "FACE_NOT_VISIBLE", "details": {"reason": "No face detected"}, "timestamp": "2026-01-10 05:10:28"}
{"type": "FACE_NOT_VISIBLE", "details": {"reason": "No face detected"}, "timestamp": "2026-01-10 05:10:34"}
{"type": "LIP_MOVEMENT", "details": {"reason": "Lip movement detected"}, "timestamp": "2026-01-10 05:10:45"}
{"type": "LIP_MOVEMENT", "details": {"reason": "Lip movement detected"}, "timestamp": "2026-01-10 05:10:49"}
{"type": "MULTIPLE_FACES", "details": {"reason": "Multiple people detected in frame"}, "timestamp": "2026-01-10 05:10:54"}
{"type": "LIP_MOVEMENT", "details": {"reason": "Lip movement detected"}, "timestamp": "2026-01-10 05:11:10"}
{"type": "FACE_NOT_VISIBLE", "details": {"reason": "No face detected"}, "timestamp": "2026-01-10 05:11:21"}
{"type": "FACE_NOT_VISIBLE", "details": {"reason": "No face detected"}, "timestamp": "2026-01-10 05:11:38"}
{"type": "FACE_NOT_VISIBLE", "details": {"reason": "No face detected"}, "timestamp": "2026-01-10 05:11:45"}
{"type": "WRONG_FACE", "details": {"reason": "Unrecognized face detected (Score: 0.52)"}, "timestamp": "2026-01-10 05:11:48"}
{"type": "MULTIPLE_FACES", "details": {"reason": "Multiple people detected in frame"}, "timestamp": "2026-01-10 05:11:50"}
{"type": "WRONG_FACE", "details": {"reason": "Unrecognized face detected (Score: 0.65)"}, "timestamp": "2026-01-10 05:11:52"}
{"type": "FACE_NOT_VISIBLE", "details": {"reason": "No face detected"}, "timestamp": "2026-01-10 05:11:55"}
{"type": "WRONG_FACE", "details": {"reason": "Unrecognized face detected (Score: 0.52)"}, "timestamp": "2026-01-10 05:11:55"}
{"type": "MULTIPLE_FACES", "details": {"reason": "Multiple people detected in frame"}, "timestamp": "2026-01-10 05:11:56"}
{"type": "WRONG_FACE", "details": {"reason": "Unrecognized face detected (Score: 0.31)"}, "timestamp": "2026-01-10 05:11:58"}
{"type": "MULTIPLE_FACES", "details": {"reason": "Multiple people detected in frame"}, "timestamp": "2026-01-10 05:11:59"}
{"type": "FACE_NOT_VISIBLE", "details": {"reason": "No face detected"}, "timestamp": "2026-01-10 05:12:06"}
{"type": "MULTIPLE_FACES", "details": {"reason": "Multiple people detected in frame"}, "timestamp": "2026-01-10 05:13:38"}
{"type": "FACE_NOT_VISIBLE", "details": {"reason": "No face detected"}, "timestamp": "2026-01-10 05:13:38"}
{"type": "LIP_MOVEMENT", "details": {"reason": "Lip movement detected"}, "timestamp": "2026-01-10 05:13:45"}
{"type": "MULTIPLE_FACES", "details": {"reason": "Multiple people detected in frame"}, "timestamp": "2026-01-10 05:17:39"}
{"type": "MULTIPLE_FACES", "details": {"reason": "Multiple people detected in frame"}, "timestamp": "2026-01-10 05:17:42"}
{"type": "LIP_MOVEMENT", "details": {"reason": "Lip movement detected"}, "timestamp": "2026-01-10 05:18:42"}
{"type": "WRONG_FACE", "details": {"reason": "Unrecognized face detected (Score: 0.64)"}, "timestamp": "2026-01-10 05:18:45"}
{"type": "WRONG_FACE", "details": {"reason": "Unrecognized face detected (Score: 0.64)"}, "timestamp": "2026-01-10 05:18:51"}
{"type": "FACE_NOT_VISIBLE", "details": {"reason": "No face detected"}, "timestamp": "2026-01-10 05:18:52"}
{"type": "MULTIPLE_FACES", "details": {"reason": "Multiple people detected in frame"}, "timestamp": "2026-01-10 05:18:53"}
{"type": "WRONG_FACE", "details": {"reason": "Unrecognized face detected (Score: 0.65)"}, "timestamp": "2026-01-10 05:18:57"}
{"type": "WRONG_FACE", "details": {"reason": "Unrecognized face detected (Score: 0.63)"}, "timestamp": "2026-01-10 05:19:04"}
{"type": "WRONG_FACE", "details": {"reason": "Unrecognized face detected (Score: 0.63)"}, "timestamp": "2026-01-10 05:19:17"}
{"type": "FACE_NOT_VISIBLE", "details": {"reason": "No face detected"}, "timestamp": "2026-01-10 05:19:19"}
{"type": "WRONG_FACE", "details": {"reason": "Unrecognized face detected (Score: 0.63)"}, "timestamp": "2026-01-10 05:19:21"}
{"type": "LIP_MOVEMENT", "details": {"reason": "Lip movement detected"}, "timestamp": "2026-01-10 05:19:26"}
{"type": "WRONG_FACE", "details": {"reason": "Unrecognized face detected (Score: 0.64)"}, "timestamp": "2026-01-10 05:19:34"}
{"type": "FACE_NOT_VISIBLE", "details": {"reason": "No face detected"}, "timestamp": "2026-01-10 05:19:34"}
{"type": "MULTIPLE_FACES", "details": {"reason": "Multiple people detected in frame"}, "timestamp": "2026-01-10 05:19:36"}
{"type": "MULTIPLE_FACES", "details": {"reason": "Multiple people detected in frame"}, "timestamp": "2026-01-10 05:25:07"}
{"type": "LIP_MOVEMENT", "details": {"reason": "Lip movement detected"}, "timestamp": "2026-01-10 05:25:27"}
{"type": "LIP_MOVEMENT", "details": {"reason": "Lip movement Detected"}, "timestamp": "2026-01-10 05:28:18"}
{"type": "LIP_MOVEMENT", "details": {"reason": "Lip movement Detected"}, "timestamp": "2026-01-10 05:28:28"}
{"type": "LIP_MOVEMENT", "details": {"reason": "Lip movement Detected"}, "timestamp": "2026-01-10 05:28:32"}
{"type": "FACE_NOT_VISIBLE", "details": {"reason": "No face detected"}, "timestamp": "2026-01-10 05:28:34"}
{"type": "WRONG_FACE", "details": {"reason": "Unrecognized face detected (Score: -0.09)"}, "timestamp": "2026-01-10 05:28:35"}
{"type": "FACE_NOT_VISIBLE", "details": {"reason": "No face detected"}, "timestamp": "2026-01-10 05:28:42"}
{"type": "LIP_MOVEMENT", "details": {"reason": "Lip movement Detected"}, "timestamp": "2026-01-10 05:31:36"}
{"type": "LIP_MOVEMENT", "details": {"reason": "Lip movement Detected"}, "timestamp": "2026-01-10 05:31:45"}
{"type": "LIP_MOVEMENT", "details": {"reason": "Lip movement Detected"}, "timestamp": "2026-01-10 05:31:50"}
{"type": "FACE_NOT_VISIBLE", "details": {"reason": "No face detected"}, "timestamp": "2026-01-10 05:31:56"}
{"type": "FACE_NOT_VISIBLE", "details": {"reason": "No face detected"}, "timestamp": "2026-01-10 05:32:02"}
{"type": "LIP_MOVEMENT", "details": {"reason": "Lip movement Detected"}, "timestamp": "2026-01-10 05:32:05"}
{"type": "LIP_MOVEMENT", "details": {"reason": "Lip movement Detected"}, "timestamp": "2026-01-10 05:32:09"}
{"type": "MULTIPLE_FACES", "details": {"reason": "Multiple people detected in frame"}, "timestamp": "2026-01-10 05:32:28"}
{"type": "WRONG_FACE", "details": {"reason": "Unrecognized face detected (Score: 0.17)"}, "timestamp": "2026-01-10 05:32:29"}
{"type": "MULTIPLE_FACES", "details": {"reason": "Multiple people detected in frame"}, "timestamp": "2026-01-10 05:32:31"}
{"type": "WRONG_FACE", "details": {"reason": "Unrecognized face detected (Score: 0.30)"}, "timestamp": "2026-01-10 05:32:32"}
{"type": "MULTIPLE_FACES", "details": {"reason": "Multiple people detected in frame"}, "timestamp": "2026-01-10 05:32:34"}
{"type": "MULTIPLE_FACES", "details": {"reason": "Multiple people detected in frame"}, "timestamp": "2026-01-10 05:32:37"}
{"type": "FACE_NOT_VISIBLE", "details": {"reason": "No face detected"}, "timestamp": "2026-01-10 05:32:42"}
{"type": "FACE_NOT_VISIBLE", "details": {"reason": "No face detected"}, "timestamp": "2026-01-10 05:32:46"}
{"type": "FACE_NOT_VISIBLE", "details": {"reason": "No face detected"}, "timestamp": "2026-01-10 05:32:49"}
{"type": "FACE_NOT_VISIBLE", "details": {"reason": "No face detected"}, "timestamp": "2026-01-10 05:38:21"}
{"type": "FACE_NOT_VISIBLE", "details": {"reason": "No face detected"}, "timestamp": "2026-01-10 05:38:26"}
{"type": "LIP_MOVEMENT", "details": {"reason": "Lip movement Detected"}, "timestamp": "2026-01-10 05:38:56"}
{"type": "FACE_NOT_VISIBLE", "details": {"reason": "No face detected"}, "timestamp": "2026-01-10 05:42:27"}
{"type": "LIP_MOVEMENT", "details": {"reason": "Lip movement Detected"}, "timestamp": "2026-01-10 05:43:04"}
{"type": "FACE_NOT_VISIBLE", "details": {"reason": "No face detected"}, "timestamp": "2026-01-10 05:43:09"}
{"type": "LIP_MOVEMENT", "details": {"reason": "Lip movement Detected"}, "timestamp": "2026-01-10 05:43:25"}
{"type": "FACE_NOT_VISIBLE", "details": {"reason": "No face detected"}, "timestamp": "2026-01-10 05:43:29"}
{"type": "WRONG_FACE", "details": {"reason": "Unrecognized face detected (Score: 0.60)"}, "timestamp": "2026-01-10 05:43:37"}
{"type": "MULTIPLE_FACES", "details": {"reason": "Multiple people detected in frame"}, "timestamp": "2026-01-10 05:43:37"}
{"type": "WRONG_FACE", "details": {"reason": "Unrecognized face detected (Score: 0.64)"}, "timestamp": "2026-01-10 05:43:42"}
{"type": "WRONG_FACE", "details": {"reason": "Unrecognized face detected (Score: 0.49)"}, "timestamp": "2026-01-10 05:43:45"}
{"type": "WRONG_FACE", "details": {"reason": "Unrecognized face detected (Score: 0.57)"}, "timestamp": "2026-01-10 05:43:48"}
{"type": "FACE_NOT_VISIBLE", "details": {"reason": "No face detected"}, "timestamp": "2026-01-10 05:43:49"}
{"type": "WRONG_FACE", "details": {"reason": "Unrecognized face detected (Score: 0.43)"}, "timestamp": "2026-01-10 05:43:51"}
{"type": "MULTIPLE_FACES", "details": {"reason": "Multiple people detected in frame"}, "timestamp": "2026-01-10 05:43:52"}
{"type": "MULTIPLE_FACES", "details": {"reason": "Multiple people detected in frame"}, "timestamp": "2026-01-10 05:43:55"}
{"type": "FACE_NOT_VISIBLE", "details": {"reason": "No face detected"}, "timestamp": "2026-01-10 05:43:56"}
{"type": "WRONG_FACE", "details": {"reason": "Unrecognized face detected (Score: 0.61)"}, "timestamp": "2026-01-10 05:43:59"}
{"type": "WRONG_FACE", "details": {"reason": "Unrecognized face detected (Score: 0.64)"}, "timestamp": "2026-01-10 05:44:02"}
{"type": "FACE_NOT_VISIBLE", "details": {"reason": "No face detected"}, "timestamp": "2026-01-10 05:44:08"}
{"type": "FACE_NOT_VISIBLE", "details": {"reason": "No face detected"}, "timestamp": "2026-01-10 05:44:11"}
{"type": "LOOKING_AWAY", "details": {"reason": "Anomaly: Unusual behavior (score: 0.65)"}, "timestamp": "2026-01-10 06:11:22"}
{"type": "LOOKING_AWAY", "details": {"reason": "Anomaly: Unusual behavior (score: 0.65)"}, "timestamp": "2026-01-10 06:11:25"}
{"type": "LOOKING_AWAY", "details": {"reason": "Anomaly: Unusual behavior (score: 0.65)"}, "timestamp": "2026-01-10 06:11:28"}
{"type": "FACE_NOT_VISIBLE", "details": {"reason": "No face detected"}, "timestamp": "2026-01-10 06:11:29"}
{"type": "LOOKING_AWAY", "details": {"reason": "Anomaly: Unusual behavior (score: 0.65)"}, "timestamp": "2026-01-10 06:11:31"}
{"type": "LOOKING_AWAY", "details": {"reason": "Anomaly: Unusual behavior (score: 0.64)"}, "timestamp": "2026-01-10 06:11:34"}
{"type": "LOOKING_AWAY", "details": {"reason": "Anomaly: Unusual behavior (score: 0.64)"}, "timestamp": "2026-01-10 06:11:37"}
{"type": "MULTIPLE_FACES", "details": {"reason": "Multiple people detected in frame"}, "timestamp": "2026-01-10 06:11:40"}
{"type": "LOOKING_AWAY", "details": {"reason": "Anomaly: Unusual behavior (score: 0.64)"}, "timestamp": "2026-01-10 06:11:40"}
{"type": "LOOKING_AWAY", "details": {"reason": "Anomaly: Unusual behavior (score: 0.62)"}, "timestamp": "2026-01-10 06:11:43"}
{"type": "FACE_NOT_VISIBLE", "details": {"reason": "No face detected"}, "timestamp": "2026-01-10 06:11:45"}
{"type": "LOOKING_AWAY", "details": {"reason": "Anomaly: Unusual behavior (score: 0.64)"}, "timestamp": "2026-01-10 06:11:46"}
{"type": "MULTIPLE_FACES", "details": {"reason": "Multiple people detected in frame"}, "timestamp": "2026-01-10 06:11:47"}
{"type": "LOOKING_AWAY", "details": {"reason": "Anomaly: Unusual behavior (score: 0.65)"}, "timestamp": "2026-01-10 06:11:50"}
{"type": "MULTIPLE_FACES", "details": {"reason": "Multiple people detected in frame"}, "timestamp": "2026-01-10 06:11:50"}
{"type": "MULTIPLE_FACES", "details": {"reason": "Multiple people detected in frame"}, "timestamp": "2026-01-10 06:11:53"}
{"type": "LOOKING_AWAY", "details": {"reason": "Anomaly: Unusual behavior (score: 0.65)"}, "timestamp": "2026-01-10 06:11:54"}
{"type": "MULTIPLE_FACES", "details": {"reason": "Multiple people detected in frame"}, "timestamp": "2026-01-10 06:11:57"}
{"type": "LOOKING_AWAY", "details": {"reason": "Anomaly: Unusual behavior (score: 0.65)"}, "timestamp": "2026-01-10 06:11:57"}
{"type": "LOOKING_AWAY", "details": {"reason": "Anomaly: Unusual behavior (score: 0.65)"}, "timestamp": "2026-01-10 06:12:00"}
{"type": "LOOKING_AWAY", "details": {"reason": "Anomaly: Unusual behavior (score: 0.64)"}, "timestamp": "2026-01-10 06:12:03"}
{"type": "LOOKING_AWAY", "details": {"reason": "Anomaly: Unusual behavior (score: 0.64)"}, "timestamp": "2026-01-10 06:12:06"}
{"type": "LOOKING_AWAY", "details": {"reason": "Anomaly: Unusual behavior (score: 0.64)"}, "timestamp": "2026-01-10 06:12:09"}
{"type": "LOOKING_AWAY", "details": {"reason": "Anomaly: Unusual behavior (score: 0.64)"}, "timestamp": "2026-01-10 06:12:12"}
{"type": "LOOKING_AWAY", "details": {"reason": "Anomaly: Unusual behavior (score: 0.64)"}, "timestamp": "2026-01-10 06:12:15"}
{"type": "MULTIPLE_FACES", "details": {"reason": "Multiple people detected in frame"}, "timestamp": "2026-01-10 06:12:16"}
{"type": "LOOKING_AWAY", "details": {"reason": "Anomaly: Unusual behavior (score: 0.66)"}, "timestamp": "2026-01-10 06:12:18"}
{"type": "LOOKING_AWAY", "details": {"reason": "Anomaly: Unusual behavior (score: 0.65)"}, "timestamp": "2026-01-10 06:12:22"}
{"type": "LOOKING_AWAY", "details": {"reason": "Anomaly: Unusual behavior (score: 0.64)"}, "timestamp": "2026-01-10 06:12:25"}
{"type": "MULTIPLE_FACES", "details": {"reason": "Multiple people detected in frame"}, "timestamp": "2026-01-10 06:12:27"}
{"type": "LOOKING_AWAY", "details": {"reason": "Anomaly: Unusual behavior (score: 0.65)"}, "timestamp": "2026-01-10 06:12:28"}
{"type": "MULTIPLE_FACES", "details": {"reason": "Multiple people detected in frame"}, "timestamp": "2026-01-10 06:12:30"}
{"type": "LOOKING_AWAY", "details": {"reason": "Anomaly: Unusual behavior (score: 0.63)"}, "timestamp": "2026-01-10 06:12:31"}
{"type": "WRONG_FACE", "details": {"reason": "Unrecognized face detected (Score: 0.63)"}, "timestamp": "2026-01-10 06:12:31"}
{"type": "LOOKING_AWAY", "details": {"reason": "Anomaly: Unusual behavior (score: 0.66)"}, "timestamp": "2026-01-10 06:12:34"}
{"type": "LOOKING_AWAY", "details": {"reason": "Anomaly: Unusual behavior (score: 0.65)"}, "timestamp": "2026-01-10 06:12:37"}
{"type": "LOOKING_AWAY", "details": {"reason": "Anomaly: Unusual behavior (score: 0.64)"}, "timestamp": "2026-01-10 06:12:40"}
{"type": "LOOKING_AWAY", "details": {"reason": "Anomaly: Unusual behavior (score: 0.65)"}, "timestamp": "2026-01-10 06:12:43"}
{"type": "FACE_NOT_VISIBLE", "details": {"reason": "No face detected"}, "timestamp": "2026-01-10 06:12:43"}
{"type": "WRONG_FACE", "details": {"reason": "Unrecognized face detected (Score: 0.63)"}, "timestamp": "2026-01-10 06:12:44"}
{"type": "MULTIPLE_FACES", "details": {"reason": "Multiple people detected in frame"}, "timestamp": "2026-01-10 06:12:45"}
{"type": "MULTIPLE_FACES", "details": {"reason": "Multiple people detected in frame"}, "timestamp": "2026-01-10 06:12:48"}
{"type": "LOOKING_AWAY", "details": {"reason": "Anomaly: Unusual behavior (score: 0.66)"}, "timestamp": "2026-01-10 06:12:48"}
{"type": "FACE_NOT_VISIBLE", "details": {"reason": "No face detected"}, "timestamp": "2026-01-10 06:12:49"}
{"type": "LOOKING_AWAY", "details": {"reason": "Anomaly: Unusual behavior (score: 0.65)"}, "timestamp": "2026-01-10 06:12:51"}
{"type": "FACE_NOT_VISIBLE", "details": {"reason": "No face detected"}, "timestamp": "2026-01-10 06:12:52"}
{"type": "WRONG_FACE", "details": {"reason": "Unrecognized face detected (Score: 0.64)"}, "timestamp": "2026-01-10 06:12:54"}
{"type": "LOOKING_AWAY", "details": {"reason": "Anomaly: Unusual behavior (score: 0.66)"}, "timestamp": "2026-01-10 06:12:54"}
{"type": "MULTIPLE_FACES", "details": {"reason": "Multiple people detected in frame"}, "timestamp": "2026-01-10 06:12:55"}
{"type": "WRONG_FACE", "details": {"reason": "Unrecognized face detected (Score: 0.48)"}, "timestamp": "2026-01-10 06:12:57"}
{"type": "LOOKING_AWAY", "details": {"reason": "Anomaly: Unusual behavior (score: 0.66)"}, "timestamp": "2026-01-10 06:12:57"}
{"type": "MULTIPLE_FACES", "details": {"reason": "Multiple people detected in frame"}, "timestamp": "2026-01-10 06:12:58"}
{"type": "FACE_NOT_VISIBLE", "details": {"reason": "No face detected"}, "timestamp": "2026-01-10 06:12:58"}
{"type": "LOOKING_AWAY", "details": {"reason": "Anomaly: Unusual behavior (score: 0.65)"}, "timestamp": "2026-01-10 06:13:00"}
{"type": "LOOKING_AWAY", "details": {"reason": "Anomaly: Unusual behavior (score: 0.65)"}, "timestamp": "2026-01-10 06:13:03"}
{"type": "FACE_NOT_VISIBLE", "details": {"reason": "No face detected"}, "timestamp": "2026-01-10 06:13:04"}
{"type": "LOOKING_AWAY", "details": {"reason": "Anomaly: Unusual behavior (score: 0.65)"}, "timestamp": "2026-01-10 06:13:06"}
{"type": "FACE_NOT_VISIBLE", "details": {"reason": "No face detected"}, "timestamp": "2026-01-10 06:13:07"}
{"type": "LOOKING_AWAY", "details": {"reason": "Anomaly: Unusual behavior (score: 0.65)"}, "timestamp": "2026-01-10 06:13:10"}
{"type": "LOOKING_AWAY", "details": {"reason": "Anomaly: Unusual behavior (score: 0.65)"}, "timestamp": "2026-01-10 06:13:13"}
{"type": "WRONG_FACE", "details": {"reason": "Unrecognized face detected (Score: 0.39)"}, "timestamp": "2026-01-10 06:13:14"}
{"type": "MULTIPLE_FACES", "details": {"reason": "Multiple people detected in frame"}, "timestamp": "2026-01-10 06:13:14"}
{"type": "FACE_NOT_VISIBLE", "details": {"reason": "No face detected"}, "timestamp": "2026-01-10 06:13:15"}
{"type": "LOOKING_AWAY", "details": {"reason": "Anomaly: Unusual behavior (score: 0.65)"}, "timestamp": "2026-01-10 06:13:16"}
{"type": "LOOKING_AWAY", "details": {"reason": "Anomaly: Unusual behavior (score: 0.64)"}, "timestamp": "2026-01-10 06:13:19"}
{"type": "FACE_NOT_VISIBLE", "details": {"reason": "No face detected"}, "timestamp": "2026-01-10 06:13:20"}
{"type": "WRONG_FACE", "details": {"reason": "Unrecognized face detected (Score: 0.20)"}, "timestamp": "2026-01-10 06:13:21"}
{"type": "LOOKING_AWAY", "details": {"reason": "Anomaly: Unusual behavior (score: 0.66)"}, "timestamp": "2026-01-10 06:13:22"}
{"type": "WRONG_FACE", "details": {"reason": "Unrecognized face detected (Score: 0.54)"}, "timestamp": "2026-01-10 06:13:24"}
{"type": "LOOKING_AWAY", "details": {"reason": "Anomaly: Unusual behavior (score: 0.66)"}, "timestamp": "2026-01-10 06:13:25"}
{"type": "WRONG_FACE", "details": {"reason": "Unrecognized face detected (Score: 0.59)"}, "timestamp": "2026-01-10 06:13:27"}
{"type": "FACE_NOT_VISIBLE", "details": {"reason": "No face detected"}, "timestamp": "2026-01-10 06:13:27"}
{"type": "LOOKING_AWAY", "details": {"reason": "Anomaly: Unusual behavior (score: 0.66)"}, "timestamp": "2026-01-10 06:13:29"}
{"type": "WRONG_FACE", "details": {"reason": "Unrecognized face detected (Score: 0.57)"}, "timestamp": "2026-01-10 06:13:30"}
{"type": "FACE_NOT_VISIBLE", "details": {"reason": "No face detected"}, "timestamp": "2026-01-10 06:13:32"}
{"type": "WRONG_FACE", "details": {"reason": "Unrecognized face detected (Score: 0.62)"}, "timestamp": "2026-01-10 06:13:33"}
{"type": "LOOKING_AWAY", "details": {"reason": "Anomaly: Unusual behavior (score: 0.66)"}, "timestamp": "2026-01-10 06:13:35"}
{"type": "FACE_NOT_VISIBLE", "details": {"reason": "No face detected"}, "timestamp": "2026-01-10 06:13:35"}
{"type": "LOOKING_AWAY", "details": {"reason": "Anomaly: Unusual behavior (score: 0.64)"}, "timestamp": "2026-01-10 06:13:40"}
{"type": "FACE_NOT_VISIBLE", "details": {"reason": "No face detected"}, "timestamp": "2026-01-10 06:13:40"}
{"type": "LOOKING_AWAY", "details": {"reason": "Anomaly: Unusual behavior (score: 0.66)"}, "timestamp": "2026-01-10 06:13:43"}
{"type": "FACE_NOT_VISIBLE", "details": {"reason": "No face detected"}, "timestamp": "2026-01-10 06:13:43"}
